impact,Paddy rice,Wheat,Cereal grains nec,"Vegetables, fruit, nuts",Oil seeds,"Sugar cane, sugar beet",Plant-based fibers,Crops nec,Cattle,Pigs,Poultry,Meat animals nec,Animal products nec,Raw milk,"Wool, silk-worm cocoons",Manure (conventional treatment),Manure (biogas treatment),"Products of forestry, logging and related services (02)",Fish and other fishing products; services incidental of fishing (05),Anthracite,Coking Coal,Other Bituminous Coal,Sub-Bituminous Coal,Patent Fuel,Lignite/Brown Coal,BKB/Peat Briquettes,Peat,"Crude petroleum and services related to crude oil extraction, excluding surveying","Natural gas and services related to natural gas extraction, excluding surveying",Natural Gas Liquids,Other Hydrocarbons,Uranium and thorium ores (12),Iron ores,Copper ores and concentrates,Nickel ores and concentrates,Aluminium ores and concentrates,Precious metal ores and concentrates,"Lead, zinc and tin ores and concentrates",Other non-ferrous metal ores and concentrates,Stone,Sand and clay,"Chemical and fertilizer minerals, salt and other mining and quarrying products n.e.c.",Products of meat cattle,Products of meat pigs,Products of meat poultry,Meat products nec,products of Vegetable oils and fats,Dairy products,Processed rice,Sugar,Food products nec,Beverages,Fish products,Tobacco products (16),Textiles (17),Wearing apparel; furs (18),Leather and leather products (19),Wood and products of wood and cork (except furniture); articles of straw and plaiting materials (20),"Wood material for treatment, Re-processing of secondary wood material into new wood material",Pulp,"Secondary paper for treatment, Re-processing of secondary paper into new pulp",Paper and paper products,Printed matter and recorded media (22),Coke Oven Coke,Gas Coke,Coal Tar,Motor Gasoline,Aviation Gasoline,Gasoline Type Jet Fuel,Kerosene Type Jet Fuel,Kerosene,Gas/Diesel Oil,Heavy Fuel Oil,Refinery Gas,Liquefied Petroleum Gases (LPG),Refinery Feedstocks,Ethane,Naphtha,White Spirit & SBP,Lubricants,Bitumen,Paraffin Waxes,Petroleum Coke,Non-specified Petroleum Products,Nuclear fuel,"Plastics, basic","Secondary plastic for treatment, Re-processing of secondary plastic into new plastic",N-fertiliser,P- and other fertiliser,Chemicals nec,Charcoal,Additives/Blending Components,Biogasoline,Biodiesels,Other Liquid Biofuels,Rubber and plastic products (25),Glass and glass products,"Secondary glass for treatment, Re-processing of secondary glass into new glass",Ceramic goods,"Bricks, tiles and construction products, in baked clay","Cement, lime and plaster","Ash for treatment, Re-processing of ash into clinker",Other non-metallic mineral products,Basic iron and steel and of ferro-alloys and first products thereof,"Secondary steel for treatment, Re-processing of secondary steel into new steel",Precious metals,"Secondary preciuos metals for treatment, Re-processing of secondary preciuos metals into new preciuos metals",Aluminium and aluminium products,"Secondary aluminium for treatment, Re-processing of secondary aluminium into new aluminium","Lead, zinc and tin and products thereof","Secondary lead for treatment, Re-processing of secondary lead into new lead",Copper products,"Secondary copper for treatment, Re-processing of secondary copper into new copper",Other non-ferrous metal products,"Secondary other non-ferrous metals for treatment, Re-processing of secondary other non-ferrous metals into new other non-ferrous metals",Foundry work services,"Fabricated metal products, except machinery and equipment (28)",Machinery and equipment n.e.c. (29),Office machinery and computers (30),Electrical machinery and apparatus n.e.c. (31),"Radio, television and communication equipment and apparatus (32)","Medical, precision and optical instruments, watches and clocks (33)","Motor vehicles, trailers and semi-trailers (34)",Other transport equipment (35),Furniture; other manufactured goods n.e.c. (36),Secondary raw materials,"Bottles for treatment, Recycling of bottles by direct reuse",Electricity by coal,Electricity by gas,Electricity by nuclear,Electricity by hydro,Electricity by wind,Electricity by petroleum and other oil derivatives,Electricity by biomass and waste,Electricity by solar photovoltaic,Electricity by solar thermal,"Electricity by tide, wave, ocean",Electricity by Geothermal,Electricity nec,Transmission services of electricity,Distribution and trade services of electricity,Coke oven gas,Blast Furnace Gas,Oxygen Steel Furnace Gas,Gas Works Gas,Biogas,Distribution services of gaseous fuels through mains,Steam and hot water supply services,"Collected and purified water, distribution services of water (41)",Construction work (45),"Secondary construction material for treatment, Re-processing of secondary construction material into aggregates","Sale, maintenance, repair of motor vehicles, motor vehicles parts, motorcycles, motor cycles parts and accessoiries",Retail trade services of motor fuel,"Wholesale trade and commission trade services, except of motor vehicles and motorcycles (51)","Retail  trade services, except of motor vehicles and motorcycles; repair services of personal and household goods (52)",Hotel and restaurant services (55),Railway transportation services,Other land transportation services,Transportation services via pipelines,Sea and coastal water transportation services,Inland water transportation services,Air transport services (62),Supporting and auxiliary transport services; travel agency services (63),Post and telecommunication services (64),"Financial intermediation services, except insurance and pension funding services (65)","Insurance and pension funding services, except compulsory social security services (66)",Services auxiliary to financial intermediation (67),Real estate services (70),Renting services of machinery and equipment without operator and of personal and household goods (71),Computer and related services (72),Research and development services (73),Other business services (74),Public administration and defence services; compulsory social security services (75),Education services (80),Health and social work services (85),Food waste for treatment: incineration,Paper waste for treatment: incineration,Plastic waste for treatment: incineration,Intert/metal waste for treatment: incineration,Textiles waste for treatment: incineration,Wood waste for treatment: incineration,Oil/hazardous waste for treatment: incineration,Food waste for treatment: biogasification and land application,Paper waste for treatment: biogasification and land application,Sewage sludge for treatment: biogasification and land application,Food waste for treatment: composting and land application,Paper and wood waste for treatment: composting and land application,Food waste for treatment: waste water treatment,Other waste for treatment: waste water treatment,Food waste for treatment: landfill,Paper for treatment: landfill,Plastic waste for treatment: landfill,Inert/metal/hazardous waste for treatment: landfill,Textiles waste for treatment: landfill,Wood waste for treatment: landfill,Membership organisation services n.e.c. (91),"Recreational, cultural and sporting services (92)",Other services (93),Private households with employed persons (95),Extra-territorial organizations and bodies
Value Added,4.46549526795377,3596.5932292022135,936.1404839513905,14317.58735079673,1180.6490616777883,335.6189251004414,307.9282338242166,931.6198583688107,1700.5830173844217,841.0543738380635,4882.6597864216865,2876.3475601982122,133.41775769701604,551.9152832027913,10.606312115593441,0.0,0.0,4440.869224379807,2441.0070030535185,0.0,0.0,11.285677387019586,0.0,1.2592831639364772,0.0,0.0,0.0,0.20853196059998885,38.309079597755755,1.4560847181507114e-07,0.0,0.0,0.0,0.0,0.0,0.18819598691967543,0.0,0.0,0.001009615367670571,10.572096616179355,15.151559737758133,24.115824554207627,8087.858737561178,3534.4340786900257,11714.954670028048,22189.743140896862,293.61478205413476,6489.349878111874,88.5611110312581,1061.6632556519996,19660.140019806124,24662.563862941395,617.369950612422,1434.5988491412397,7245.522907066158,8066.49455263849,1331.018226036345,2085.271786838256,0.0,4.002313735539042,0.0,1694.0019285345327,11219.038418020544,1.3036432986735613,0.0,0.06801992235325167,9587.707501143665,2.1256768419977417,0.0,67.91432074329022,11.933701113437602,4898.801566035635,211.8484358004168,0.0,211.22690130884885,0.0,0.0,31.60836995534492,6.953315337425206,2.647227371192064,101.51835465360278,0.1463911823973408,1.8011555220710929,2.4230999318627418,665.6397602829246,45534.8210524085,0.0,2.283718713280554,28.421814553473087,14231.754820590426,0.0,16.350287857363533,167.37144168179734,192.99825495877627,0.0,4417.231887738484,229.87716324521344,0.0,1258.0926697862305,13.918858447430273,138.53846283254376,0.0,731.6684916908187,539.8032941792933,0.0,6.063191223810657,0.0,123.06029773556884,0.0,30.912952254904482,0.0,63.27370619453327,0.0,40.00315414106108,0.0,106.5999965004456,18567.051591624335,38350.28148298656,1187.171093970502,16047.928671746286,11878.636963753926,20473.39407971449,87717.53441588016,33167.4897168609,16300.094865508512,0.0,0.0,1209.564737690229,1363.1749288072172,15511.492576089951,1869.8122573966693,0.1329072348772432,234.77138462961298,332.81461521320597,0.004440668940397907,0.0,12.305063183480478,0.0,221.72695167646543,3143.975885047277,12173.905039660869,4.9126704341626e-06,8.353759311247353e-08,6.190518160862116e-08,0.0,2.914209811813525e-07,0.0,0.0,7459.591273997575,317109.34507021925,0.0,36936.11748793215,1069.5119687389883,19447.48030132036,14047.957705971083,140275.84988619492,22043.426665699408,45546.90067480525,253.65892115766144,2147.5831305215943,987.8963611841084,23484.077436224536,24392.241035484378,59572.46057181558,18651.116507651997,42971.640235099454,237.66821418170542,262995.06706021127,4967.10186485226,60848.725965122496,14400.301348523079,105701.31674877176,213424.9302682358,139202.35492270277,310503.8668626654,1061.6240626818767,1112.8610871574215,509.05989330836695,1325.5018749325893,255.64287888344936,320.23360720585214,1267.0115237664952,130.6214682539138,12.043012966510817,1071.093201475415,670.5094129424507,14.777585080652752,381.00872728412065,659.3541581274683,644.711705185285,467.32189234059734,150.4682616844267,1851.6272155323031,100.44149998354587,280.03240517131775,28391.74671633116,92531.11252419412,14690.031429338038,9231.645074100907,0.0
Employment,0.009416644238839976,97.20499109215706,13.381605841846676,556.1802372585889,45.03403717606595,7.751212015429097,0.4629867399465531,8.384784216742595,59.11350258350847,23.90635177799573,129.21310652326022,62.48294861523692,4.192847585580903,17.465063954284762,0.1877004211902251,0.0,0.0,69.85369026864254,62.57354189479423,0.0,0.0,0.2262757511644354,0.0,0.0252324945479913,0.0,0.0,0.0,0.0025811498155934366,0.4634449646686326,1.7615017778082744e-09,0.0,0.0,0.0,0.0,0.0,0.002869266095017333,0.0,0.0,7.848838671349159e-05,0.13393621028932257,0.18086919193747086,0.37172098451014546,229.09142862631836,78.92586736582626,332.05499208012714,780.7015680696967,4.7689205117329,152.12463974547975,1.8367968495979234,18.20096627107542,567.9578929845991,762.8960334666475,18.43517787653592,15.023506559145476,185.43701040143011,156.36311499954746,28.884181031532403,35.76597959320372,0.0,0.0714058077506161,0.0,45.631436818315535,106.41862293841565,0.02471321699429887,0.0,0.001289456327885196,242.6251807827306,0.0537920799977715,0.0,1.718630271761051,0.30199256593874985,123.96838508486394,5.361006792191103,0.0,5.34527832757529,0.0,0.0,0.7998769751613143,0.17595962233801002,0.06699036443070612,2.569009239142856,0.0037045547264653745,0.045579788920809904,0.06131862690151225,12.5163508850763,441.53219095492506,0.0,0.022371886740418092,0.3785700547610735,291.8277944121648,0.0,0.33573153511436704,3.4366642864580514,3.9629058469355654,0.0,62.206802886288656,4.018779508682555,0.0,21.995804542106036,0.20324000645185702,1.8557067978836599,0.0,12.319214936774761,8.245488321351123,0.0,0.11128456617609701,0.0,2.833951983646072,0.0,0.8401070251417013,0.0,1.7525682250194596,0.0,1.0827728727435222,0.0,1.9777678219147856,328.9751056546443,601.2770815536085,11.646988956411555,241.43295353843556,147.12432546113962,212.33101295779042,1511.2365540755302,674.1410890543972,445.26371266933336,0.0,0.0,21.652736639410076,18.193629489822772,135.49300275914578,18.420340394018712,0.001150204635290736,3.468382908601569,5.336795626943915,0.00010414278240299513,0.0,0.08031591637255614,0.0,3.376173283390491,41.592193822556865,155.51796006490105,8.139403071067254e-08,1.3849026576416912e-09,6.984214377252822e-10,0.0,4.831302886390291e-09,0.0,0.0,51.01006147422307,5383.58370564777,0.0,431.10256093628385,39.05126137964752,207.05197149077935,634.9095637136295,1899.1029916984335,198.03643116043568,493.8755517346962,11.506266360299923,114.04954184917408,11.912808939087476,266.08308564059575,155.65631760686284,363.0646011417611,159.8022912644484,547.8138889053329,2.874738663857428,1332.4821567616773,52.64502658033607,943.6733177206135,235.00898714808727,1392.1523645586153,2807.7825658584093,1573.3805342704902,3844.006590288744,12.852699468526462,13.43456608977207,6.228707127138543,15.743728449618043,3.072668538760584,3.8772291712716873,15.108498508740452,1.4606473779205056,0.1291759401201134,12.910561845737204,8.0980748056912,0.4287739101230765,4.847195296793509,8.488919841419333,8.21573191666319,5.8979656788191415,1.9326869669759101,23.66159405864237,1.1550618307524103,3.37982524876512,494.9336981655837,1441.8704399532614,470.95454482478704,143.04259429736567,0.0
Employment hour,17192.500914696295,185658037.96939358,25678451.62334293,1225361392.026773,89115900.99529341,15847102.083433665,926502.1742556273,16366487.566516124,115194073.40964985,46056560.91780139,250415886.66248703,122285512.39572994,8184383.737358544,34997115.1370808,361005.66302367125,0.0,0.0,138572680.3218216,125781769.23392822,0.0,0.0,460311.81435631,0.0,51319.50874499558,0.0,0.0,0.0,5196.437831485324,943370.5875556087,0.0035856446692479702,0.0,0.0,0.0,0.0,0.0,5438.493038094349,0.0,0.0,166.69070231726886,241388.39338038824,333511.1062120136,703531.6792079963,418529694.3586097,142850704.98149383,628515484.1217476,1537822290.8052444,9393841.57367622,288868863.3461514,2993793.1029700097,30693014.890588976,1105672265.1136572,1551611026.928585,35291864.4015811,25189561.05568728,357246452.1411501,293089377.2139921,53089540.05233853,63577596.17848884,0.0,125858.34951283087,0.0,87168603.63450883,191783106.5176857,50130.721457811145,0.0,2615.6601147822744,515798165.0857776,114356.86953415707,0.0,3653645.2554917657,642007.6056560603,263545050.63688132,11396992.91510644,0.0,11363555.688340139,0.0,0.0,1700462.7250549193,374073.4990273599,142415.1728169216,5461470.434866991,7875.532636000626,96898.31622131701,130357.59576927446,22215989.40129818,807889429.1902628,0.0,40223.41930587314,706448.9740340665,557839689.3277467,0.0,642026.2158136851,6571960.246893614,7578316.745731155,0.0,112012942.7185238,7214145.814332815,0.0,39365593.9237971,352471.80390556867,3239832.598780401,0.0,22184954.322790693,15504193.25151772,0.0,209801.72091865801,0.0,5475497.941887638,0.0,1695560.8995289386,0.0,3395973.312315376,0.0,2194604.174550071,0.0,3746339.6887573856,617213939.0303636,1155346766.817186,22096220.043468356,463964307.005773,274007312.3163283,398751712.7435723,2924909059.822484,1334709661.4449925,736998971.963444,0.0,0.0,42200205.40220603,34699444.51914999,254118229.83335102,34855605.72796131,2137.2124364138576,6713133.060132176,10304666.172279086,183.61538886768233,0.0,150871.23513697705,0.0,6495933.118412724,78939366.2035216,296717220.39762163,0.15803964118297864,0.0026898747078103313,0.0009694666308830627,0.0,0.009383793891045022,0.0,0.0,91445659.76286913,10055989655.910002,0.0,692035799.8029219,60539586.88101442,335501692.3638497,935291744.7432445,3248938494.428133,348504541.07774055,818458769.7064908,22248448.76426254,242294863.7727002,21362577.29156768,506201289.06132126,274564916.01591194,651755021.3895637,277575524.29178166,935420106.702074,4994873.73743913,2424008840.9294767,92578552.72461714,1579382229.746636,406272880.15092856,2300373764.38687,4707532576.475314,2189650792.8850813,6113120134.160438,21846333.30530487,22856820.576694734,10579409.072904173,26915926.02092802,5157247.756947437,6489910.588231449,25738034.631519657,2459355.385428839,217244.61781207612,21867407.446608588,13700694.293405209,882386.8209891557,8287487.276098861,14675981.638180649,14194818.453005087,9989308.56221446,3350317.4359556143,39838496.41789307,1999791.2693734025,5693330.545067595,639604571.1296194,2082438294.6876879,1152497505.8767388,290937986.8825933,0.0
"GHG emissions (GWP100) | Problem oriented approach: baseline (CML, 2001) | GWP100 (IPCC, 2007)",1432364.5437942364,3978874633.967564,1011702341.6709021,3343549660.026582,1998095063.4722404,403162380.1158979,78305660.49257146,436586115.2162673,6904079885.269496,702267003.9972583,3176027608.6660056,6045511416.63134,421999367.73319966,1262570739.486639,499127710.4635544,0.0,0.0,1451275288.659674,1138125026.0928721,0.0,0.0,20942708.5141951,0.0,2332772.7320115026,0.0,0.0,0.0,477248.415918975,151019641.3621925,0.5740085573715531,0.0,0.0,0.0,0.0,0.0,512217.43068837223,0.0,0.0,1337.3725839088984,8769604.834033903,18024701.745248597,8966615.725677313,13834256347.478754,1324572682.0624633,4468152996.528577,10949449662.06284,73557614.16253598,6223964118.855664,8830978.265734183,357357685.067311,9349658752.871557,9012291935.64792,352636899.4388218,134430876.30272686,2034655337.9156919,1647946601.735397,295139498.6037896,380798172.83940774,0.0,1444533.6615837119,0.0,720901640.1794473,1557851859.5094523,17627432.201364122,0.0,919742.8501153825,15340212435.585155,3401056.6262324536,0.0,108662066.28497064,19093772.978872962,7838021414.09587,338954855.48253906,0.0,337960408.1121869,0.0,0.0,50572997.769422054,11125217.883181049,4235530.793125083,162428101.97395217,234224.07955500853,2881826.371846734,3876929.692355032,131945635.48488885,10483370573.080536,0.0,1741904.3608665983,20447757.273718722,6311677161.651622,0.0,7271418.296934947,74430421.61678517,85828762.45673111,0.0,814001308.6716113,97835100.3475896,0.0,587633463.5172247,8248390.738694171,143875822.14886802,0.0,458796583.4515252,410494905.07053405,0.0,4346963.104654124,0.0,59709675.6513067,0.0,17753368.626518745,0.0,45811737.1785244,0.0,17423559.19465502,0.0,59505650.17312147,5196834288.858417,8165297584.450951,158379430.14816698,3497538496.763376,2042475441.8115287,3645468267.1731524,22099277707.033024,7731567902.23369,3097332756.374836,0.0,0.0,5759305682.106677,2486270141.25852,4040523569.526436,461549685.4164243,83794.62584059553,374509625.3658975,182872915.72424755,3504.5520023332306,0.0,2791660.5707782293,0.0,122978938.19335544,2531141136.94835,9929218002.941212,3.0724044147146015,0.05237254953859444,0.004070992703574245,0.0,0.18272466565075793,0.0,0.0,876171091.7227452,76653114696.61998,0.0,1829819247.1352975,208234981.42547897,1005077073.7800062,307362508.1864877,15007387708.379128,17756039198.753334,4185436966.670325,1668190633.0242517,5503488471.263999,6296207767.696906,29796991356.09817,5518810880.147038,4248675842.6988215,1520549421.5805254,4193880029.690793,25199304.525529124,12331935485.02576,538731274.9183283,4528653757.282859,1870812579.177676,8849561021.596413,20020587848.588127,8786723860.748228,15286823172.717218,208067295.53831583,216101297.34518963,409450810.91027105,1052942330.7380798,212945475.61133912,60335896.18575543,321707325.83814746,20907205.10503328,1886889.8986330729,178388733.29386088,717847473.3477129,3569303.9151878627,436224323.7884311,795445889.9850762,3211864322.730423,1193052735.2017345,95214097.96391423,330007554.34852487,67779561.77629043,197986908.74204108,2835475644.5822988,16916088470.643158,846740069.4185711,44778530.430988,0.0
"Human toxicity (USEtox) | USEtox2008 | CTUh (Rosenbaum et al., 2008)",0.14369628675965107,405.552112453707,64.32341637794077,1256.005807237804,101.57259780307916,32.61831559120649,2.3869791697045057,48.36343598385024,151.72365341954008,71.60543195588545,384.0631906827697,167.5291903348113,11.027313608502016,46.149592404171855,1.5276480045141818,0.0,0.0,586.9997173554209,295.249517543592,0.0,0.0,1.0730863508273054,0.0,0.1196307113353539,0.0,0.0,0.0,0.0155518152397604,2.105437212958523,8.002528217575817e-09,0.0,0.0,0.0,0.0,0.0,0.030054894525700048,0.0,0.0,0.00021619416405441042,1.0975490736732656,1.400741818640194,3.165490775349034,581.5436007936972,184.62040594531967,795.015785927415,1754.6034179981548,9.706437340522568,551.216694362636,1.7166024466689074,30.356880854476888,1287.0518488862517,2004.913265399127,47.44308838353456,22.10698524333072,596.6532968266953,677.8242782019857,107.9045667781959,193.34988217318352,0.0,0.479793999261993,0.0,248.1001588016212,458.3731427220709,12.542865820449489,0.0,0.6544464943976593,3168.2528262059077,0.7024287788568504,0.0,22.442251039766866,3.9434851627977103,1618.806362705887,70.00520253432128,0.0,69.79981679354326,0.0,0.0,10.444968980504141,2.297719342099186,0.8747748718821334,33.54668611118887,0.048374888141522694,0.5951908808518731,0.8007120792257552,104.53599198997568,2927.124459995206,0.0,0.24576450057055202,1.9288048421184651,1916.657630467356,0.0,2.2079338508021022,22.600476025089602,26.061528668387265,0.0,423.47454876187027,23.675359090700024,0.0,142.0715550236251,1.112468664773107,24.62000480814975,0.0,92.98462570706215,1104.1593060489001,0.0,1.0846022662235069,0.0,22.339588378097194,0.0,360.25992400208156,0.0,27.443007005258398,0.0,17.078950418361583,0.0,46.64085916766469,11106.597757375937,12472.199364318107,75.30727055109708,4874.041192522721,1859.3589757535349,2652.110856011188,32784.01108698226,12492.739344674646,1814.199746941259,0.0,0.0,319.88372161028303,164.46979532572254,729.1920248535794,98.33388713829413,0.007020189957192961,27.46601744802354,30.903650648052047,0.002700125407225738,0.0,0.5160318190383518,0.0,22.33467879119338,244.0996272911452,943.2480410107837,4.641612855074758e-07,7.90414204115227e-09,8.865949922446203e-10,0.0,2.7574086974029894e-08,0.0,0.0,599.5494440467048,69604.05916794123,0.0,1287.5256729895507,48.04883035080011,276.64594492351387,104.01951251786483,2632.8354803303046,1000.6526380977125,1035.4977371470106,102.43569550264327,22455.491279141952,153.78193667183422,1657.6940367455047,755.0279229346445,1872.8210335392628,333.67285525811315,1221.0862465545417,7.152012917798065,4678.262409712427,230.56348502201539,1638.1676489548759,1023.7437644145459,3767.5104686270715,10400.459606942099,2019.67188681698,4939.520203654759,40.562040572576024,41.831484026966656,18.84030364036111,49.37874435799501,9.377320497734093,11.81349475499453,46.49173479142511,4.618720450588822,0.5191587787577499,37.24009120405493,26.64773123262568,1.0530790031256374,16.02296264819264,28.55276010964081,26.99449555083046,18.43290874687237,6.391887467114852,68.3423437356871,3.9410971979151044,10.230271940763393,689.4028711084392,4276.954861918854,290.6359076455766,2.108137215316712,0.0
"Fresh water Ecotoxicity (USEtox) | USEtox2008 | CTUe (Rosenbaum et al., 2008)",110265.19909580608,266795903.1882947,41085702.33605937,747569531.1454691,70069104.7739814,20386812.172207393,1583875.4816781923,28660124.81146961,100311646.63814126,46707629.14983057,262176056.13798165,109709357.15249653,7266553.800593391,29054447.118521266,2435550.003808203,0.0,0.0,328190703.1579223,168586975.13943955,0.0,0.0,589739.2661650705,0.0,65748.54464810378,0.0,0.0,0.0,10647.927670183559,1800174.4996775873,0.006842259305637937,0.0,0.0,0.0,0.0,0.0,41616.603920896894,0.0,0.0,127.84268591230561,613445.7677926661,828802.0732475911,1824500.7289886412,364585037.084439,113997861.83334945,491070938.4865424,1094990542.5052378,6016945.405861893,332858329.2054098,1091763.1445733432,19216495.46146883,773270451.5626746,1178808608.7983017,28813271.91595372,12945217.615370436,347895471.3199129,388386489.7605137,62565241.41697894,109557772.80519147,0.0,277825.2878597844,0.0,146249269.20552433,271996544.9829521,1966007.181891128,0.0,102579.94631097653,1903774241.2297258,422083.05005886336,0.0,13485344.064583842,2369604.2851219727,972725986.1910659,42065488.03029547,0.0,41942073.61105779,0.0,0.0,6276286.6432790365,1380678.6065455645,525644.2460145195,20157897.870618816,29068.029307998753,357644.77449212753,481140.58907774795,55399239.33928186,1705892471.101579,0.0,173212.1834649631,1165388.0821974042,1088541403.383297,0.0,1253945.4768131373,12835425.049276486,14801049.936070262,0.0,234668000.22089294,14046690.603655651,0.0,81577472.42387925,583646.2508248608,12882877.741102943,0.0,52443396.73314442,392364055.52505016,0.0,1061333.3586928132,0.0,12782348.912931247,0.0,55084466.100206435,0.0,13864255.684528789,0.0,6368879.619009152,0.0,24696238.9561961,5653909154.3851595,6697863797.989274,45069484.388470426,2622025139.330878,1018620445.5620141,1481662138.650709,16856064796.736404,6917940637.495605,1078576912.548398,0.0,0.0,160947926.993417,101309650.92452875,421140084.1014079,57425496.95115542,6675.563261661843,19137772.92048468,18065736.231750164,2268.517982229646,0.0,320913.1423436599,0.0,13325221.288325662,144856172.93455964,556363103.8098879,0.26843841984961647,0.00457124854863565,0.0005357327698197467,0.0,0.015947119987120666,0.0,0.0,317985955.2774594,37009651337.43583,0.0,731706608.9402516,32771158.3339926,176153057.7454433,65145882.94844274,1624683768.3218863,1169091972.6392963,667449301.575808,107010367.47542049,17148288076.888151,240389670.89295012,1115930556.51896,581147343.8382959,1075289082.4568303,212546267.3017954,731246830.4868134,4277669.447839076,2751030012.456982,130967095.63955808,956141844.4329884,575387512.8959244,2154240333.958945,5969233334.509996,1219184455.703528,2868591502.145459,23829634.77332559,24694607.2295127,11315304.31535853,29058899.831981592,5831010.000996488,7118493.900521326,27138209.90259435,2801015.4171716655,335555.7257079199,21877269.91513901,15646327.978822695,681268.357706899,9482701.960069027,16753118.475667614,15849866.351372642,10892937.911161268,3865858.755630448,39791128.27249402,2406069.5714402166,6105655.721160235,421514947.5573176,2511535342.68439,169914894.7377708,1278028.6260958326,0.0
"EPS | Damage Approach | EPS (Steen, 1999))",310812.25617191684,1423213178.363646,285015663.2821574,3070073166.8207574,515818049.9541311,102314831.61867015,16900358.196397625,119739199.92699005,1330464081.9637492,275080467.8455665,1210462618.8912764,1220381940.344486,84547451.24962524,262925638.2938589,57004055.11365821,0.0,0.0,1381957283.2888904,666179473.4310771,0.0,0.0,3739616.1023893156,0.0,416762.9331620395,0.0,0.0,0.0,77863.12659235616,20073876.34240168,0.07629853066464254,0.0,0.0,0.0,0.0,0.0,103931.99582399541,0.0,0.0,460.8641550431565,2696840.464220246,3209230.6942948205,6876469.1352090575,3061326218.275521,537598993.9971211,1873632905.099515,4120145113.0853086,25602616.730865642,1821641193.6797137,3385032.879132856,88514533.3427542,3552024626.4518456,5002596219.478303,130997875.26580085,48318904.098591805,1340075752.0634935,1499758518.8161302,233131442.5445417,418665483.0122719,0.0,1156474.7817434329,0.0,541960560.3072395,973191477.2412965,26957251.106497623,0.0,1406542.8702249592,7554875603.708268,1674980.6251836573,0.0,53514799.53943188,9403460.359665163,3860134076.3226824,166931310.66395366,0.0,166441556.91435975,0.0,0.0,24906611.204224046,5479039.953882689,2085949.4820872927,79993944.47080381,115352.62062414543,1419265.8577664075,1909342.6220921471,227110535.16866785,6558710037.450692,0.0,326387.4065182205,4994106.0799618075,4287617964.353391,0.0,4939182.79116162,50557626.448144175,58300053.7616675,0.0,939273788.9675772,55069602.37005737,0.0,325362341.9930769,2839600.4350084593,73910865.46803883,0.0,229805323.5191647,2862732362.26976,0.0,2366744.1218493953,0.0,57663222.91679231,0.0,20589749.2745011,0.0,38053153.51391136,0.0,17142590.15767769,0.0,106522004.23267634,25836253734.917107,28717348675.76313,170418673.09616163,10965900462.54508,4244737783.1295314,6081682413.631463,77187028037.01086,28167416804.576515,4148871771.2568493,0.0,0.0,1066176569.0148178,520852144.9433354,1806069069.951828,230308008.88750088,21236.859330935156,84370298.12393315,75119103.21425125,1105.6690048097325,0.0,1076907.0346314565,0.0,51011281.62637571,694772560.0845762,2721064070.176448,1.183102704178191,0.020150394819362157,0.00204492979585255,0.0,0.07029711437349759,0.0,0.0,1417307396.0418584,159805985773.50885,0.0,2770244812.652419,102471540.8360078,528363992.2662322,180091176.66574126,6317179185.754002,3485084383.357352,2086948974.1832378,369859906.72575516,2089083519.5513608,961157051.8771126,6534565198.669758,2075870735.3062563,4257642764.9000707,780088606.9988656,2672950333.714626,15995712.674164662,10292647405.770302,518671162.9637535,3682857825.580818,2322377558.151838,8516517261.391824,23305508739.791126,4613493494.534286,11216808222.637617,98608348.6929851,102236601.47637914,79225293.80382702,207415655.52749035,39871879.25134938,27963306.465533186,120421886.469236,9981437.125090532,927087.6220298338,87297309.0681211,125343317.48539832,1788096.5685908715,36868216.97232568,68624163.58457935,360036208.90760195,163227715.96756908,21337681.52621172,165298286.33574364,13969372.349543378,39668312.25889021,1479077925.9056098,9807862572.435093,590878139.6483185,8398216.630219975,0.0
Carcinogenic effects on humans (H.A) | ECOINDICATOR 99 (H.A) | Carcinogenic effects on humans (H.A),0.08817699092553724,217.04457216713845,31.24060120973594,471.0227836259783,60.12587381649267,13.731993435073734,0.9751797884800393,16.434505130146068,74.21709646769942,29.50977856111143,208.321194192764,78.19519115364974,5.29241751377647,19.279607363646225,0.5795312279726198,0.0,0.0,182.26273013430855,90.70636875368776,0.0,0.0,0.33078899229777475,0.0,0.03687464461039693,0.0,0.0,0.0,0.005062947766033601,0.6290591024787119,2.390982346601854e-09,0.0,0.0,0.0,0.0,0.0,0.008621186855627372,0.0,0.0,7.189225584200633e-05,0.3240856850884226,0.4228690312654523,0.9776071243143529,244.06191420974002,69.30829413641246,306.8841380231429,679.2214610444157,3.7247326049861296,200.46839353324776,0.6239203478391526,12.640762146129862,471.3813121843598,716.9142771570083,18.172318763956696,8.168438504814938,194.30140642161507,209.87549501746605,35.46533956766264,58.304315478138626,0.0,0.14329991944182477,0.0,79.75999047653016,152.6597756312932,6.411215043664396,0.0,0.3345166306852322,929.5349740692016,0.20608586390948977,0.0,6.584341081151393,1.1569807013757487,474.94225143345335,20.53885459722104,0.0,20.478596392220993,0.0,0.0,3.0644536605514103,0.6741288045058352,0.25665055243229523,9.842275766740828,0.014192728005693071,0.1746232924673961,0.2349212398823499,31.134175158108736,905.0955958092586,0.0,0.12523033960390725,0.6659443643046652,580.8006828593003,0.0,0.669063878171848,6.848559485855969,7.897351739089746,0.0,124.01208341187514,7.657395493701704,0.0,46.57846322994093,0.39034377863964254,6.674820925463934,0.0,26.961099055026732,254.32068100416438,0.0,0.3171602737551805,0.0,9.178944715152934,0.0,24.03449773185524,0.0,7.059746740212886,0.0,3.0078477956558656,0.0,12.154513459442535,2721.5322003998767,3220.964727368398,22.810486805451262,1253.5048700202897,498.23708184668544,717.2542008758485,8567.609545396244,3252.464062226096,507.7453417568126,0.0,0.0,87.42808262897617,61.553777266795706,225.97896010909926,31.173982660992547,0.0021531059562470054,16.27160508484659,10.024317747663272,0.0015706036354318465,0.0,0.19310536414842847,0.0,7.642563429544803,81.25765220739359,310.9944439055976,1.4735774367385816e-07,2.50970113041698e-09,2.9634680449081894e-10,0.0,8.755407263606997e-09,0.0,0.0,158.96330623980208,18020.048775839117,0.0,378.28516270165665,16.55726152492844,105.52069450080207,40.80674472808934,953.667351001809,307.653072613353,361.73961824731083,28.1282014447702,13984.722874200392,31.34717917071487,514.8074717661375,217.33389944072914,549.3672101047007,107.33051836859032,401.8664850365297,2.3158764963175984,1388.7793882165402,70.53880781806204,517.3869624479224,293.5680512662656,1133.2840169005115,2961.0605706769957,673.4186459298353,1550.2599746800245,12.786494931200743,13.161967060200773,6.046726967598598,15.398053569784432,3.072554569279555,3.8350412940517535,14.644339176899845,1.5653087449084866,0.20317481983803629,11.739032139460605,8.5776853065405,0.4199300276916513,5.234169711232921,9.160232846573875,8.586542294894693,5.938813148594439,2.1449067258476706,21.43202575956703,1.3498056779576129,3.3576590378341526,238.07336154428944,1388.635596529099,99.08717688605284,0.6715024751492904,0.0
Respiratory effects on humans caused by organic substances (H.A) | ECOINDICATOR 99 (H.A) | Respiratory effects on humans caused by organic substances (H.A),0.0005398998240360839,10.53382269916257,1.8732278105126061,20.45893044076594,2.82798304579243,0.6701448642999984,0.008869006324215915,0.7578514696622723,2.100281614958448,0.9039507404515407,4.952511682773094,2.2357097830666866,0.1508251585815191,0.6562285153532692,0.06703115238649514,0.0,0.0,3.194939303352877,7.724136183284426,0.0,0.0,0.0046698249211836055,0.0,0.0005205033817296026,0.0,0.0,0.0,0.002538365412579307,0.027016963638503182,1.0268841907603406e-10,0.0,0.0,0.0,0.0,0.0,0.0002495042265681172,0.0,0.0,8.414978128657598e-07,0.005052803883534442,0.00849319069920786,0.01409295020253316,6.560433224265879,2.228563583740253,7.613908075741223,15.6529057010586,0.7412944027682635,5.717214861129187,0.003912106561106587,0.5165897160382109,18.138057277102305,28.042279973243065,0.5585935130917757,0.27159734872968844,9.62526935030817,6.713510690665346,1.4348461019195269,1.0527155856763175,0.0,0.0026982469355563274,0.0,1.7220527569437545,5.689233186449068,0.0019208044078172243,0.0,0.00010022140871639206,40.14038351492295,0.008899467353766947,0.0,0.28433354705655867,0.04996223935723807,20.50957161663336,0.8869354287785327,0.0,0.884333281029516,0.0,0.0,0.13233320819458008,0.02911110355572072,0.011083016694881391,0.42502190479372515,0.0006128888002211598,0.007540809232657848,0.010144673390933199,0.1725878415048149,39.756228911472384,0.0,0.0007912882553230039,0.020899569687294714,46.745303268044005,0.0,0.05387374386933622,0.551450951560966,0.635901631325608,0.0,4.957819758518374,0.17154821153533617,0.0,0.9853034267556008,0.0072147332373250495,0.06297272486372994,0.0,0.672824408216901,0.2984566357465759,0.0,0.005576011805967345,0.0,0.2243078980919979,0.0,0.03040562185758626,0.0,0.0386281345175176,0.0,0.02074200478443984,0.0,0.05931390395023913,12.967037989657877,21.387522631774306,0.2923882767198046,7.737571631141125,3.574646444570534,4.563817074946763,98.75224529592842,14.164676343929612,9.556142162345997,0.0,0.0,3.1197331233651897,3.2043387502502814,22.03157322113256,3.0657117373224527,0.00018444240878958632,0.8304948238225875,0.9660871939934448,5.459712321063669e-06,0.0,0.012827163406554088,0.0,0.6037131414488346,7.595092677513577,28.682809345474354,1.667522349825446e-08,2.843283806225025e-10,7.655682245039322e-12,0.0,9.920259937587166e-10,0.0,0.0,1.5407289108694728,104.02698860839742,0.0,2.8804677522402593,0.20361303731747812,1.1991295997758993,0.36998262862189985,23.425734340133125,10.337808069193498,9.227948838842723,0.87405473680409,4.911626500862526,13.59387963254607,15.839136354437459,3.3858073211232544,8.32038917054427,1.7693519214286555,5.89190730856363,0.03574447194560278,13.915517805658121,1.08980336207327,7.764419773556457,3.8247736564563284,15.041466590876869,35.840759245589176,17.333367475625327,52.657967820458154,0.4552403015970168,0.48082497686881054,0.1958835600983195,0.49846478391017723,0.11780186921995511,0.12190367277682648,0.41303108308368086,0.02159884895183878,0.0018951643982634636,0.22204515444961176,0.22628022993756178,0.004427855754419913,0.13887893446449653,0.2734173772307456,0.18720895079580938,0.11718163358715183,0.030757196154108123,0.49563875542032737,0.017482090131243085,0.0591259692025113,6.455270072007536,47.24666566872432,1.228227650505457,0.00657660163324258,0.0
Respiratory effects on humans caused by inorganic substances (H.A) | ECOINDICATOR 99 (H.A) | Respiratory effects on humans caused by inorganic substances (H.A),11229.749447191372,77494781.55692314,11861398.382458275,228820940.6717157,19437077.598696776,5809519.066100555,367396.69608247903,8555225.05390776,26715433.85834354,12076747.99907104,66742091.87676485,28941816.616181765,1927315.5347387446,7933654.799984414,284006.84619378485,0.0,0.0,108513545.13875821,48730024.49773264,0.0,0.0,143775.57553592103,0.0,16033.619807752266,0.0,0.0,0.0,2609.002675528084,386461.0729200358,0.0014688947409830853,0.0,0.0,0.0,0.0,0.0,6323.526762720837,0.0,0.0,35.15377286814246,197447.22820820266,244208.85920268297,539496.2723810656,96602653.5773409,30437019.061986715,126817933.22811154,272836898.5025836,1579527.0452953228,91831959.36173269,255841.97498688774,5133190.422391581,217938159.46196467,349557873.71871424,7847527.130554302,3314338.787619742,98446271.0659635,115539577.2085977,17743476.444396034,33829684.745577775,0.0,83169.56074585817,0.0,41151804.0819096,75489704.9873702,2209493.3821630613,0.0,115284.27549405962,592649148.8327544,131395.3909981197,0.0,4198017.553017858,737663.0758323671,302811759.5446734,13095079.834924992,0.0,13056660.65222184,0.0,0.0,1953821.9692515242,429808.3162232931,163634.2210482547,6275198.370503892,9048.942085143603,111335.61248145325,149780.13382768934,18161028.69792167,511218192.7899204,0.0,23615.545031368296,286360.4278888051,327625532.7586356,0.0,377410.64408258355,3863186.4907751856,4454797.55896159,0.0,74874031.59636107,4028063.2352440036,0.0,24774686.497666787,184398.08909593188,4551241.954425525,0.0,16404521.3756785,215094265.09633237,0.0,209680.39553013328,0.0,3970368.7924218224,0.0,13681100.264290353,0.0,3556265.574802458,0.0,1779951.3528888505,0.0,8728933.666311832,2128396757.2376077,2342800644.981182,13007874.862410737,900447950.0281086,341161173.51094717,480186266.0845876,6156646122.404027,2327992528.1651874,330741854.0407664,0.0,0.0,45218930.649378486,24124164.61200154,123712504.35852848,16489568.346880324,1303.782079130557,6376588.648320577,5103150.956057743,212.70166521233017,0.0,76391.4415695641,0.0,3544166.1021309844,39773877.780773066,154900483.0424179,0.0778365856813322,0.001325337505768548,0.00014769032398757537,0.0,0.004623467584529505,0.0,0.0,111155180.42848584,12759374542.480331,0.0,228145693.39329296,7800037.854676572,42873363.76077103,14975672.838746998,426032103.6781107,196761067.9433798,169785927.21618593,20873319.8842167,1343962789.5090208,30915006.875495628,293326722.1168763,141537295.77833495,330671206.70019686,57039105.277600564,202814047.62843207,1195681.4004296116,820434213.5996517,40577757.591823705,282387314.7328189,183390467.9399299,666714258.8373148,1866186952.612614,336848709.1337618,845177448.880289,6877502.164529491,7101559.9353138525,3144893.9025745946,8391809.874871407,1549635.1914948733,1960022.3160558518,7903584.017964426,744913.5821828591,74335.05745451224,6297933.319146722,4513147.908590577,147723.59608131688,2679050.7043007617,4833374.37115148,4584793.361057312,3092932.755560391,1046372.1905663005,11728619.337766498,633180.4744363377,1688644.9975566117,112472073.6396069,721461354.4168336,46600620.32860082,345787.2460847794,0.0
Damages to human health caused by climate change (H.A) | ECOINDICATOR 99 (H.A) | Damages to human health caused by climate change (H.A),0.30162931304359253,826.0949020785768,214.00103859421,636.4546769627176,433.75206808796423,58.24426261922653,17.746352804072803,39.53996652690855,1311.7242597966908,138.14079842818862,636.3892140019694,1152.706368696481,80.19617486808022,234.1423451596744,104.50486061865756,0.0,0.0,181.9542664535323,220.3945887202777,0.0,0.0,4.341129394026515,0.0,0.48354829484472367,0.0,0.0,0.0,0.08557331255532,29.873213105526723,1.1354470057561052e-07,0.0,0.0,0.0,0.0,0.0,0.10515440194240494,0.0,0.0,0.0002730093690682602,0.6662825799217604,0.7391983740286598,1.1269256922319217,2638.4588821964253,258.91453458616553,873.4033313558929,2124.060026860828,13.863278314097862,1170.598216743083,1.7346852496564915,52.91039256904596,1791.5900370521147,1715.5934010146518,68.02219604991676,27.3127629626865,391.53078729242475,321.346266419661,56.654691644341476,68.95419638013144,0.0,0.25131839690593744,0.0,131.8041144432136,302.559880283816,3.4488794181119053,0.0,0.17995146147605384,2872.308640108829,0.6368154530711492,0.0,20.34593674308863,3.575127092528278,1467.5948409184327,63.46606763703345,0.0,63.279866840313275,0.0,0.0,9.4693120488254,2.0830910641775935,0.7930627912347791,30.413114722957026,0.04385622752596916,0.5395945343797042,0.725918151326024,25.372380767619834,2041.487209347967,0.0,0.28143036390356735,3.9961452894730165,1096.8715918799048,0.0,1.2635718737601633,12.933966004881018,14.914679057920205,0.0,147.37385297264112,18.20296499406361,0.0,115.30049960664853,1.6454829284183945,27.516634991076465,0.0,86.51051459311968,76.99629761841571,0.0,0.8439548486026485,0.0,10.610374744581351,0.0,3.3530634130969883,0.0,8.851234436935725,0.0,3.456323702126444,0.0,10.25714422723851,946.0253855275786,1532.0212417187286,31.86975977501987,655.6738784125558,395.42177664989805,704.906063097939,4233.47231224075,1517.7639919493972,605.4700488146162,0.0,0.0,1186.8708574733055,511.2175445448033,806.8617869708823,91.45308956327683,0.01729162540567545,75.8873134821255,36.63146847511082,0.0007289898052389597,0.0,0.5601497522682755,0.0,24.580111928691917,511.3403690859051,2006.625671626781,6.160602098487344e-07,1.0501565407512771e-08,8.048670687924885e-10,0.0,3.66393764086022e-08,0.0,0.0,163.41147624700602,14470.890774457988,0.0,359.97234058182937,42.40572628920136,203.2329641277895,59.68519091170322,2921.277385801741,3709.39394956197,829.1630733682748,349.2299976687415,1146.9249991641395,1322.102361431987,6207.623747253056,1145.192044091056,841.0153420341676,308.59318724278575,838.3268044684198,5.01627449551568,2422.1863710063626,106.96144168379669,899.2070063313234,367.3756033715486,1741.675851137654,3891.1229902577343,1745.426575792961,3017.79006572356,35.687210956129626,37.93109504681766,83.22880438094543,210.49796794057931,43.12387613027412,10.645678789704483,58.879511270044894,3.529716097603011,0.34766792385309275,30.001572433262243,145.38758056831688,0.6808965593974301,13.856639531311611,28.061154459198015,504.46190559648,211.01198054634426,16.95378522959087,60.571229791868774,12.055545646365111,35.13270566534737,566.0561967496529,3354.2005094277156,168.00132628376207,9.312869932593761,0.0
Damage to Ecosystem Quality caused by ecotoxic emissions (H.A) | ECOINDICATOR 99 (H.A) | Damage to Ecosystem Quality caused by ecotoxic emissions (H.A),11229.609557430957,77494544.9708627,11861390.205083925,228822270.03965643,19436913.13215731,5809538.564284738,367397.68871992046,8555292.84274232,26715380.700839356,12076769.797097763,66741753.49232894,28941801.873462353,1927312.704307705,7933673.992120906,283997.6874961796,0.0,0.0,108514594.66581269,48730242.279495426,0.0,0.0,143775.99965506245,0.0,16033.6672864999,0.0,0.0,0.0,2609.012238887206,386461.1573647398,0.0014688950619623942,0.0,0.0,0.0,0.0,0.0,6323.3969248644735,0.0,0.0,35.15403507595573,197449.66755774288,244211.37115401254,539502.3695078122,96602887.6933526,30437185.106094547,126818631.75922805,272838454.6315475,1579534.7730132318,91832601.86577533,255843.54170819817,5133209.158826396,217939505.5996158,349560262.97610945,7847566.571110147,3314351.0759775895,98447120.46585946,115540807.19978854,17743655.495496776,33830054.276382536,0.0,83169.44684361125,0.0,41151932.41509132,75490324.39923203,2209462.2509525428,0.0,115282.65116743321,592655529.2028196,131396.80558057845,0.0,4198062.748225775,737671.017398993,302815019.5692587,13095220.814529853,0.0,13056801.218211718,0.0,0.0,1953843.0037967628,429812.9434731711,163635.98270897855,6275265.928319322,9049.03950466936,111336.8111034437,149781.74633745194,18161270.391385667,511222983.4993367,0.0,23615.162072520936,286361.9310645903,327628815.33992517,0.0,377414.42535641487,3863225.196023456,4454842.191545005,0.0,74874913.23344047,4028098.882847394,0.0,24774897.174971573,184398.53339702828,4551142.344439536,0.0,16404676.759896493,215098127.48390737,0.0,209677.2452257041,0.0,3970344.2396773472,0.0,13681081.64232796,0.0,3556295.7781011467,0.0,1779966.5983429074,0.0,8729052.133510318,2128428181.1926112,2342832803.437144,13008015.241237571,900460205.2053661,341165650.6630657,480192162.48555267,6156731495.643479,2328024735.6948853,330745426.1576591,0.0,0.0,45219142.80715438,24124372.802483536,123713595.94817501,16489706.812349152,1303.7716806559156,6376599.368733263,5103193.674510949,212.69862405351157,0.0,76392.00827257747,0.0,3544195.7372019007,39774173.7486893,154901658.1846017,0.07783723451736482,0.0013253485463558163,0.0001476915236217081,0.0,0.0046235060969195595,0.0,0.0,111156703.35700744,12759516637.275194,0.0,228148501.02393165,7800065.436267223,42873706.30674431,14975805.051943813,426035115.36834425,196759272.06033972,169787231.17111775,20872957.220954698,1343957271.5282545,30913772.05019159,293328879.9348924,141538099.18338257,330675143.00414413,57039511.92341749,202815780.34723872,1195690.9167956242,820442415.776715,40578217.93949655,282390249.6329892,183392698.3133239,666721854.0931617,1866209245.070676,336851469.31461644,845186031.365526,6877566.828645632,7101626.195586,3144922.2923306697,8391888.90876899,1549648.1872488772,1960040.123026639,7903663.500688788,744920.8503963057,74335.6629672066,6297997.491050263,4513191.996703264,147723.81384454927,2679076.000822729,4833420.244945566,4584837.48840153,3092962.7398115494,1046381.7980385228,11728737.084222402,633186.3276486626,1688661.4891325878,112472842.11759561,721468095.6525964,46600874.70544512,345789.9452562451,0.0
Damage to Ecosystem Quality caused by the combined effect of acidification and eutrophication (H.A) | ECOINDICATOR 99 (H.A) | Damage to Ecosystem Quality caused by the combined effect of acidification and eutrophication (H.A),542872.0363199011,585655934.4073223,187524069.53799695,291281422.50135964,383787085.7462509,41089302.42470666,19192599.720249113,17683595.282570608,1505976660.9651678,376547318.38155407,961141505.7645015,1305767217.6538556,93240405.6850877,217467438.9631821,4475331.36796263,0.0,0.0,59521919.70061714,74183491.057848,0.0,0.0,240645.20730016747,0.0,26809.488813560973,0.0,0.0,0.0,2277.211024980731,1297176.4222373657,0.004930420687663813,0.0,0.0,0.0,0.0,0.0,18478.224077832423,0.0,0.0,48.31157980189847,98899.13652204811,140968.83212668958,253158.73776133888,2790343998.504267,398085051.0118075,578475874.1571741,1479489799.568061,9397035.436260665,903109771.1213577,175315.90145285294,30695608.398236834,1260839201.4284983,876883976.3770148,54118217.556033656,3568765.236962356,128458698.76285031,89919594.99990295,25563694.398652136,15912744.308420505,0.0,56838.335762539165,0.0,37621497.82258849,55975397.52314617,290508.6513507571,0.0,15157.809295512168,179197266.8961392,39729.57013282045,0.0,1269340.002501339,223044.6242398736,91560141.11022672,3959513.856345748,0.0,3947897.1817089245,0.0,0.0,590770.3700738067,129959.64974421672,49477.51177591459,1897409.963054618,2736.0973125579853,33664.16281184446,45288.499553022084,4598625.375970187,298596667.719005,0.0,17143.4927056053,245004.12665935204,236487713.83509493,0.0,272425.939786855,2788564.2472355776,3215604.833937207,0.0,34145930.64083476,2339394.281934797,0.0,13461360.654764982,149587.4406052642,2105577.96581579,0.0,9824925.94269758,15685537.226850392,0.0,404995.9443924006,0.0,1850465.044264826,0.0,2175686.8206435298,0.0,1742763.9846542105,0.0,514889.4411398498,0.0,1317915.6439232072,197275553.10886687,312524486.930207,5703062.969119076,129616842.97884229,71340179.2252867,119883844.49236344,840625724.4013075,299819090.3421452,159100034.08947667,0.0,0.0,54870263.516349435,30687073.284333587,120817781.10372311,16921379.05090661,3009.627605824256,6469220.704380893,5313891.071759131,354.1704934689839,0.0,75398.67085449817,0.0,3403822.3219225435,46246828.58043201,175769274.57697478,0.08683082132201962,0.0014800365392423655,0.00019704134971836504,0.0,0.005163793239658522,0.0,0.0,22172039.166785102,2376481937.8033557,0.0,50082940.284846626,7662205.765142369,28126048.792058706,9754352.110570056,1514962288.2377417,480206822.2596596,107869222.5717825,49903864.67428234,553764958.6443261,211219823.77158388,829454779.5004429,155883892.3101821,136860577.56866327,47031737.08385208,144491145.08800352,912363.2123579764,399375300.53452206,20345784.89518184,160618288.52664053,76193345.10837862,340851663.0357105,637985673.5110567,443347446.8891632,729099101.5297995,6596913.68118793,6956694.066958763,3454297.2690377994,8731420.728851551,1824651.3541322576,1985984.3588473587,4635780.215892157,404984.8203052528,42292.12250235165,3518767.0440245946,2591131.8406081526,193870.413226896,1573620.6267336877,2874898.7201340464,2461821.7350980514,1706114.1851796415,576733.5924636938,6483340.488067331,341693.55859849945,927971.9135175502,111364291.16221617,721802823.0325112,49071248.68843046,401606.5693438567,0.0
Carcinogenic effects on humans (E.E) | ECOINDICATOR 99 (E.E) | Carcinogenic effects on humans (E.E),0.08817699092553724,217.04457216713845,31.24060120973594,471.0227836259783,60.12587381649267,13.731993435073734,0.9751797884800393,16.434505130146068,74.21709646769942,29.50977856111143,208.321194192764,78.19519115364974,5.29241751377647,19.279607363646225,0.5795312279726198,0.0,0.0,182.26273013430855,90.70636875368776,0.0,0.0,0.33078899229777475,0.0,0.03687464461039693,0.0,0.0,0.0,0.005062947766033601,0.6290591024787119,2.390982346601854e-09,0.0,0.0,0.0,0.0,0.0,0.008621186855627372,0.0,0.0,7.189225584200633e-05,0.3240856850884226,0.4228690312654523,0.9776071243143529,244.06191420974002,69.30829413641246,306.8841380231429,679.2214610444157,3.7247326049861296,200.46839353324776,0.6239203478391526,12.640762146129862,471.3813121843598,716.9142771570083,18.172318763956696,8.168438504814938,194.30140642161507,209.87549501746605,35.46533956766264,58.304315478138626,0.0,0.14329991944182477,0.0,79.75999047653016,152.6597756312932,6.411215043664396,0.0,0.3345166306852322,929.5349740692016,0.20608586390948977,0.0,6.584341081151393,1.1569807013757487,474.94225143345335,20.53885459722104,0.0,20.478596392220993,0.0,0.0,3.0644536605514103,0.6741288045058352,0.25665055243229523,9.842275766740828,0.014192728005693071,0.1746232924673961,0.2349212398823499,31.134175158108736,905.0955958092586,0.0,0.12523033960390725,0.6659443643046652,580.8006828593003,0.0,0.669063878171848,6.848559485855969,7.897351739089746,0.0,124.01208341187514,7.657395493701704,0.0,46.57846322994093,0.39034377863964254,6.674820925463934,0.0,26.961099055026732,254.32068100416438,0.0,0.3171602737551805,0.0,9.178944715152934,0.0,24.03449773185524,0.0,7.059746740212886,0.0,3.0078477956558656,0.0,12.154513459442535,2721.5322003998767,3220.964727368398,22.810486805451262,1253.5048700202897,498.23708184668544,717.2542008758485,8567.609545396244,3252.464062226096,507.7453417568126,0.0,0.0,87.42808262897617,61.553777266795706,225.97896010909926,31.173982660992547,0.0021531059562470054,16.27160508484659,10.024317747663272,0.0015706036354318465,0.0,0.19310536414842847,0.0,7.642563429544803,81.25765220739359,310.9944439055976,1.4735774367385816e-07,2.50970113041698e-09,2.9634680449081894e-10,0.0,8.755407263606997e-09,0.0,0.0,158.96330623980208,18020.048775839117,0.0,378.28516270165665,16.55726152492844,105.52069450080207,40.80674472808934,953.667351001809,307.653072613353,361.73961824731083,28.1282014447702,13984.722874200392,31.34717917071487,514.8074717661375,217.33389944072914,549.3672101047007,107.33051836859032,401.8664850365297,2.3158764963175984,1388.7793882165402,70.53880781806204,517.3869624479224,293.5680512662656,1133.2840169005115,2961.0605706769957,673.4186459298353,1550.2599746800245,12.786494931200743,13.161967060200773,6.046726967598598,15.398053569784432,3.072554569279555,3.8350412940517535,14.644339176899845,1.5653087449084866,0.20317481983803629,11.739032139460605,8.5776853065405,0.4199300276916513,5.234169711232921,9.160232846573875,8.586542294894693,5.938813148594439,2.1449067258476706,21.43202575956703,1.3498056779576129,3.3576590378341526,238.07336154428944,1388.635596529099,99.08717688605284,0.6715024751492904,0.0
Respiratory effects on humans caused by organic substances (E.E) | ECOINDICATOR 99 (E.E) | Respiratory effects on humans caused by organic substances (E.E),0.19124858851481788,1376.9142457698679,185.97788799178616,2329.679507684364,437.40827644787385,68.10407764211713,4.070637278799464,67.06829095341008,437.64055826115396,154.75255614839813,1251.9980563141999,432.7432933363203,30.588992996692998,99.16459637567647,10.470656258292971,0.0,0.0,794.7323340348407,547.9901455565001,0.0,0.0,3.5605391110475773,0.0,0.39665653945134477,0.0,0.0,0.0,0.030402688783801732,4.790796462952896,1.820927463667989e-08,0.0,0.0,0.0,0.0,0.0,0.1817322612251354,0.0,0.0,0.00023542186403426667,0.8874257684046661,1.4666848072810532,2.758763071958392,1165.514858136181,286.378458131706,1139.7738050256585,2313.300549706256,16.1287443994815,758.2564504749164,2.045138666363037,57.107944825279986,1944.4622048806352,3027.671895170414,76.36522064948367,32.130871135194916,724.7260456704314,651.3091298639027,109.21180719700907,186.30864525780208,0.0,1.4589136094020339,0.0,522.3073725874813,542.6235218370031,33.00118103063418,0.0,1.721895742201594,2559.7966488063244,0.5675288418239666,0.0,18.132264739829225,3.1861472708976932,1307.9180638906928,56.56085315433264,0.0,56.39491130740622,0.0,0.0,8.439035033501318,1.8564472598235282,0.7067762295823053,27.104116827859674,0.039084594761513373,0.48088574527380046,0.6469370380856343,83.54677167299161,3193.0898872925095,0.0,0.6070191436107638,2.6973399259763102,2022.7813753535127,0.0,2.3303160471426203,23.85317518000999,27.506071187096474,0.0,377.36210857421054,26.884526834524987,0.0,162.63524234655412,1.9559719800723916,178.31732854266164,0.0,111.83336492163562,1103.3371075925604,0.0,5.507236593102333,0.0,86.09195094914837,0.0,34.11663205873624,0.0,17.564442027997853,0.0,7.628898276413186,0.0,33.320396258752126,7138.1720942637185,8157.925539908038,73.26388461937788,3126.881535138312,1348.106227586387,2161.2379620211527,23458.34896694893,7572.760163977719,1848.1511107516749,0.0,0.0,985.7800176455778,149.95092802413126,892.0784868910737,123.31243020165718,0.025934907482995127,47.598918494355814,37.853666600209664,0.0037201012007130182,0.0,0.5546108488818139,0.0,25.188570202103403,343.53435531791075,1329.058004504818,5.91083546008533e-07,1.0070741866242868e-08,1.05865272515923e-09,0.0,3.513447242037299e-08,0.0,0.0,442.11169521229,77735.28184810154,0.0,884.9533921379132,82.37831642366339,257.00698130448103,84.39756775114117,3301.9839152282448,3671.60859932362,1085.8808862279723,585.193902356111,6826.081764332373,1393.2539629014025,2143.1303952617454,1199.117931101905,1490.5437285513094,451.55592807596304,1400.0446374054325,9.10822829606146,4839.998991046708,198.27529666326083,1544.3005770383083,825.5766446070054,3313.2724701966276,8381.260272066615,2397.887776104988,4943.810190409304,43.78145343013865,45.53370535298464,20.57506312611385,53.97205289131319,10.595667266243707,12.576854656765734,46.36461063361964,4.205567065069324,0.4423879668336033,36.40214196410201,26.63997835677441,1.7987290517583483,16.271802833524973,29.758648831394947,29.13470713171838,19.003346943425704,6.43507125848673,68.58456724594684,3.795500476903549,9.90818636138227,905.4892437933272,4675.521313320373,484.34459540622606,2.432450301360522,0.0
Respiratory effects on humans caused by inorganic substances (E.E) | ECOINDICATOR 99 (E.E) | Respiratory effects on humans caused by inorganic substances (E.E),3.1399151772996152,4186.489319320476,1160.1720239765732,2960.7003857341947,2399.3227826343655,273.2456000212424,107.16278215127319,139.02410260806835,8508.900422686718,2146.1417599000574,6097.243588656256,7410.681114218615,529.0194782890659,1250.1795041533119,70.07587635520647,0.0,0.0,792.1852927303166,831.991932967751,0.0,0.0,4.6530770448259,0.0,0.5183296283595505,0.0,0.0,0.0,0.03065283252421244,19.52031914420536,7.41945226801597e-08,0.0,0.0,0.0,0.0,0.0,0.28544096642186356,0.0,0.0,0.0005116958416305132,1.128795329786535,1.650242713686307,2.815873241743698,16005.095819826378,2352.987041113027,3914.8759099083763,9585.724074840082,60.86734723279182,5430.005247705992,2.19574673786238,210.97512220560677,8132.47461443038,6647.1823040588,342.95029632652955,38.88553437279284,1134.3532298046514,846.748194232448,199.38871198207127,191.49399690870987,0.0,1.2772559997344524,0.0,506.469077192946,659.9558166064008,5.337057977250044,0.0,0.27847056059301845,2797.890786615694,0.620316381649884,0.0,19.818799471414813,3.4825000917580455,1429.5713303774935,61.82174277018911,0.0,61.6403661955608,0.0,0.0,9.223974250529352,2.0291208311887257,0.7725155458931164,29.625149706706022,0.042719968351080585,0.5256143274074697,0.7071105381536983,61.91889073008836,3910.9184631192697,0.0,0.29943405075907475,3.4406738782401733,2671.5555327789857,0.0,3.0778245443898453,31.50469639887127,36.32935057056059,0.0,372.4603552371713,35.7914326149855,0.0,243.53028403312976,2.7565150357194512,35.63489906156976,0.0,147.30911802484331,278.9037811741757,0.0,6.174177736877733,0.0,40.61437513908805,0.0,82.95332724218775,0.0,43.93013256680955,0.0,8.240163762281318,0.0,21.9070938815339,3046.80832103921,4425.847941869075,72.92166191691189,2063.996808716582,1004.7826376025846,1873.0129142683397,11646.397728653465,4171.921867612337,2052.9413538314598,0.0,0.0,1178.6538914218056,400.0573454364604,1189.4144788434728,163.938359786173,0.04169693779470395,108.41757688528357,51.939068941334035,0.0056313612373603255,0.0,0.7873478656808995,0.0,34.43252656372297,546.1877197249023,2095.7445462781843,8.293342282669229e-07,1.4134769609229853e-08,1.733590546775824e-09,0.0,4.931505218517944e-08,0.0,0.0,288.1753660735629,38539.04516184814,0.0,684.8612713911273,101.58396951383482,345.9344734807618,112.77104232634731,10366.053396874524,7375.0287624712755,1485.2188224322947,764.1523962309169,9978.76182657879,3409.341484450088,12469.79319905595,2251.037206622478,1535.5952139283072,574.8404023925323,1728.7157218686452,11.426399872249263,4557.1919586950935,218.2179059411899,1729.1137617041086,827.0061059257947,3614.5652148900176,7303.1569818493745,3905.5487314081965,6645.063528635858,107.2125986032779,112.87155685734848,58.815862895539944,150.07432498206418,30.678947307528237,32.90796771764598,53.913626024487854,4.908554585748761,0.5439898522283557,41.124943832724824,30.934041041752785,1.7306383231539006,18.279489994207598,32.90009282438022,28.565690032273256,19.71386682281037,6.705874437460803,75.67746539811648,4.0678605529812115,10.930840880725746,1080.227288763248,6791.756620820715,426.21731139945155,5.386702140032349,0.0
Damages to human health caused by climate change (E.E) | ECOINDICATOR 99 (E.E) | Damages to human health caused by climate change (E.E),0.30162931304359253,826.0949020785768,214.00103859421,636.4546769627176,433.75206808796423,58.24426261922653,17.746352804072803,39.53996652690855,1311.7242597966908,138.14079842818862,636.3892140019694,1152.706368696481,80.19617486808022,234.1423451596744,104.50486061865756,0.0,0.0,181.9542664535323,220.3945887202777,0.0,0.0,4.341129394026515,0.0,0.48354829484472367,0.0,0.0,0.0,0.08557331255532,29.873213105526723,1.1354470057561052e-07,0.0,0.0,0.0,0.0,0.0,0.10515440194240494,0.0,0.0,0.0002730093690682602,0.6662825799217604,0.7391983740286598,1.1269256922319217,2638.4588821964253,258.91453458616553,873.4033313558929,2124.060026860828,13.863278314097862,1170.598216743083,1.7346852496564915,52.91039256904596,1791.5900370521147,1715.5934010146518,68.02219604991676,27.3127629626865,391.53078729242475,321.346266419661,56.654691644341476,68.95419638013144,0.0,0.25131839690593744,0.0,131.8041144432136,302.559880283816,3.4488794181119053,0.0,0.17995146147605384,2872.308640108829,0.6368154530711492,0.0,20.34593674308863,3.575127092528278,1467.5948409184327,63.46606763703345,0.0,63.279866840313275,0.0,0.0,9.4693120488254,2.0830910641775935,0.7930627912347791,30.413114722957026,0.04385622752596916,0.5395945343797042,0.725918151326024,25.372380767619834,2041.487209347967,0.0,0.28143036390356735,3.9961452894730165,1096.8715918799048,0.0,1.2635718737601633,12.933966004881018,14.914679057920205,0.0,147.37385297264112,18.20296499406361,0.0,115.30049960664853,1.6454829284183945,27.516634991076465,0.0,86.51051459311968,76.99629761841571,0.0,0.8439548486026485,0.0,10.610374744581351,0.0,3.3530634130969883,0.0,8.851234436935725,0.0,3.456323702126444,0.0,10.25714422723851,946.0253855275786,1532.0212417187286,31.86975977501987,655.6738784125558,395.42177664989805,704.906063097939,4233.47231224075,1517.7639919493972,605.4700488146162,0.0,0.0,1186.8708574733055,511.2175445448033,806.8617869708823,91.45308956327683,0.01729162540567545,75.8873134821255,36.63146847511082,0.0007289898052389597,0.0,0.5601497522682755,0.0,24.580111928691917,511.3403690859051,2006.625671626781,6.160602098487344e-07,1.0501565407512771e-08,8.048670687924885e-10,0.0,3.66393764086022e-08,0.0,0.0,163.41147624700602,14470.890774457988,0.0,359.97234058182937,42.40572628920136,203.2329641277895,59.68519091170322,2921.277385801741,3709.39394956197,829.1630733682748,349.2299976687415,1146.9249991641395,1322.102361431987,6207.623747253056,1145.192044091056,841.0153420341676,308.59318724278575,838.3268044684198,5.01627449551568,2422.1863710063626,106.96144168379669,899.2070063313234,367.3756033715486,1741.675851137654,3891.1229902577343,1745.426575792961,3017.79006572356,35.687210956129626,37.93109504681766,83.22880438094543,210.49796794057931,43.12387613027412,10.645678789704483,58.879511270044894,3.529716097603011,0.34766792385309275,30.001572433262243,145.38758056831688,0.6808965593974301,13.856639531311611,28.061154459198015,504.46190559648,211.01198054634426,16.95378522959087,60.571229791868774,12.055545646365111,35.13270566534737,566.0561967496529,3354.2005094277156,168.00132628376207,9.312869932593761,0.0
Damage to Ecosystem Quality caused by ecotoxic emissions (E.E)) | ECOINDICATOR 99 (E.E) | Damage to Ecosystem Quality caused by ecotoxic emissions (E.E)),11229.609557430957,77494544.9708627,11861390.205083925,228822270.03965643,19436913.13215731,5809538.564284738,367397.68871992046,8555292.84274232,26715380.700839356,12076769.797097763,66741753.49232894,28941801.873462353,1927312.704307705,7933673.992120906,283997.6874961796,0.0,0.0,108514594.66581269,48730242.279495426,0.0,0.0,143775.99965506245,0.0,16033.6672864999,0.0,0.0,0.0,2609.012238887206,386461.1573647398,0.0014688950619623942,0.0,0.0,0.0,0.0,0.0,6323.3969248644735,0.0,0.0,35.15403507595573,197449.66755774288,244211.37115401254,539502.3695078122,96602887.6933526,30437185.106094547,126818631.75922805,272838454.6315475,1579534.7730132318,91832601.86577533,255843.54170819817,5133209.158826396,217939505.5996158,349560262.97610945,7847566.571110147,3314351.0759775895,98447120.46585946,115540807.19978854,17743655.495496776,33830054.276382536,0.0,83169.44684361125,0.0,41151932.41509132,75490324.39923203,2209462.2509525428,0.0,115282.65116743321,592655529.2028196,131396.80558057845,0.0,4198062.748225775,737671.017398993,302815019.5692587,13095220.814529853,0.0,13056801.218211718,0.0,0.0,1953843.0037967628,429812.9434731711,163635.98270897855,6275265.928319322,9049.03950466936,111336.8111034437,149781.74633745194,18161270.391385667,511222983.4993367,0.0,23615.162072520936,286361.9310645903,327628815.33992517,0.0,377414.42535641487,3863225.196023456,4454842.191545005,0.0,74874913.23344047,4028098.882847394,0.0,24774897.174971573,184398.53339702828,4551142.344439536,0.0,16404676.759896493,215098127.48390737,0.0,209677.2452257041,0.0,3970344.2396773472,0.0,13681081.64232796,0.0,3556295.7781011467,0.0,1779966.5983429074,0.0,8729052.133510318,2128428181.1926112,2342832803.437144,13008015.241237571,900460205.2053661,341165650.6630657,480192162.48555267,6156731495.643479,2328024735.6948853,330745426.1576591,0.0,0.0,45219142.80715438,24124372.802483536,123713595.94817501,16489706.812349152,1303.7716806559156,6376599.368733263,5103193.674510949,212.69862405351157,0.0,76392.00827257747,0.0,3544195.7372019007,39774173.7486893,154901658.1846017,0.07783723451736482,0.0013253485463558163,0.0001476915236217081,0.0,0.0046235060969195595,0.0,0.0,111156703.35700744,12759516637.275194,0.0,228148501.02393165,7800065.436267223,42873706.30674431,14975805.051943813,426035115.36834425,196759272.06033972,169787231.17111775,20872957.220954698,1343957271.5282545,30913772.05019159,293328879.9348924,141538099.18338257,330675143.00414413,57039511.92341749,202815780.34723872,1195690.9167956242,820442415.776715,40578217.93949655,282390249.6329892,183392698.3133239,666721854.0931617,1866209245.070676,336851469.31461644,845186031.365526,6877566.828645632,7101626.195586,3144922.2923306697,8391888.90876899,1549648.1872488772,1960040.123026639,7903663.500688788,744920.8503963057,74335.6629672066,6297997.491050263,4513191.996703264,147723.81384454927,2679076.000822729,4833420.244945566,4584837.48840153,3092962.7398115494,1046381.7980385228,11728737.084222402,633186.3276486626,1688661.4891325878,112472842.11759561,721468095.6525964,46600874.70544512,345789.9452562451,0.0
Damage to Ecosystem Quality caused by the combined effect of acidification and eutrophication (E.E) | ECOINDICATOR 99 (E.E) | Damage to Ecosystem Quality caused by the combined effect of acidification and eutrophication (E.E),542872.0363199011,585655934.4073223,187524069.53799695,291281422.50135964,383787085.7462509,41089302.42470666,19192599.720249113,17683595.282570608,1505976660.9651678,376547318.38155407,961141505.7645015,1305767217.6538556,93240405.6850877,217467438.9631821,4475331.36796263,0.0,0.0,59521919.70061714,74183491.057848,0.0,0.0,240645.20730016747,0.0,26809.488813560973,0.0,0.0,0.0,2277.211024980731,1297176.4222373657,0.004930420687663813,0.0,0.0,0.0,0.0,0.0,18478.224077832423,0.0,0.0,48.31157980189847,98899.13652204811,140968.83212668958,253158.73776133888,2790343998.504267,398085051.0118075,578475874.1571741,1479489799.568061,9397035.436260665,903109771.1213577,175315.90145285294,30695608.398236834,1260839201.4284983,876883976.3770148,54118217.556033656,3568765.236962356,128458698.76285031,89919594.99990295,25563694.398652136,15912744.308420505,0.0,56838.335762539165,0.0,37621497.82258849,55975397.52314617,290508.6513507571,0.0,15157.809295512168,179197266.8961392,39729.57013282045,0.0,1269340.002501339,223044.6242398736,91560141.11022672,3959513.856345748,0.0,3947897.1817089245,0.0,0.0,590770.3700738067,129959.64974421672,49477.51177591459,1897409.963054618,2736.0973125579853,33664.16281184446,45288.499553022084,4598625.375970187,298596667.719005,0.0,17143.4927056053,245004.12665935204,236487713.83509493,0.0,272425.939786855,2788564.2472355776,3215604.833937207,0.0,34145930.64083476,2339394.281934797,0.0,13461360.654764982,149587.4406052642,2105577.96581579,0.0,9824925.94269758,15685537.226850392,0.0,404995.9443924006,0.0,1850465.044264826,0.0,2175686.8206435298,0.0,1742763.9846542105,0.0,514889.4411398498,0.0,1317915.6439232072,197275553.10886687,312524486.930207,5703062.969119076,129616842.97884229,71340179.2252867,119883844.49236344,840625724.4013075,299819090.3421452,159100034.08947667,0.0,0.0,54870263.516349435,30687073.284333587,120817781.10372311,16921379.05090661,3009.627605824256,6469220.704380893,5313891.071759131,354.1704934689839,0.0,75398.67085449817,0.0,3403822.3219225435,46246828.58043201,175769274.57697478,0.08683082132201962,0.0014800365392423655,0.00019704134971836504,0.0,0.005163793239658522,0.0,0.0,22172039.166785102,2376481937.8033557,0.0,50082940.284846626,7662205.765142369,28126048.792058706,9754352.110570056,1514962288.2377417,480206822.2596596,107869222.5717825,49903864.67428234,553764958.6443261,211219823.77158388,829454779.5004429,155883892.3101821,136860577.56866327,47031737.08385208,144491145.08800352,912363.2123579764,399375300.53452206,20345784.89518184,160618288.52664053,76193345.10837862,340851663.0357105,637985673.5110567,443347446.8891632,729099101.5297995,6596913.68118793,6956694.066958763,3454297.2690377994,8731420.728851551,1824651.3541322576,1985984.3588473587,4635780.215892157,404984.8203052528,42292.12250235165,3518767.0440245946,2591131.8406081526,193870.413226896,1573620.6267336877,2874898.7201340464,2461821.7350980514,1706114.1851796415,576733.5924636938,6483340.488067331,341693.55859849945,927971.9135175502,111364291.16221617,721802823.0325112,49071248.68843046,401606.5693438567,0.0
Carcinogenic effects on humans (I.I) | ECOINDICATOR 99 (I.I) | Carcinogenic effects on humans (I.I),0.0051712200856163385,12.226888137553896,1.9591391441538641,37.28444674094876,3.070586162458594,0.9861957456768985,0.07298187516690526,1.4576387947385758,4.6254574451449235,2.182677885137248,11.931314828259332,5.130678927630474,0.3367978469382631,1.4072336740085227,0.044493677281885545,0.0,0.0,16.622941624589714,8.874247859224443,0.0,0.0,0.03166981124949671,0.0,0.0035305754759644343,0.0,0.0,0.0,0.00045930747749384936,0.06086545644337031,2.3134270128207771e-10,0.0,0.0,0.0,0.0,0.0,0.0008247858202361776,0.0,0.0,6.4942126470031216e-06,0.03384819785810946,0.04154001063282136,0.09369180725019176,18.31400167486821,5.7621619290822785,25.03244348821853,55.40861191110743,0.3021872841031682,17.223817552106684,0.05215748230320211,0.9302770583171917,40.42782581236439,62.91051669111194,1.4996731591942827,0.750254350715115,18.6672160712463,20.371393968614438,3.2622980772303865,5.611244066464633,0.0,0.014154333256584781,0.0,7.48432315830321,14.522810817248809,0.928794535621348,0.0,0.048461518862609465,103.93976602263677,0.023044336464325292,0.0,0.7362551066051046,0.12937254289891967,53.10761602906951,2.2966362760798207,0.0,2.2898982577561195,0.0,0.0,0.34266445628258646,0.07538047757284003,0.028698434299751045,1.1005544378662715,0.0015870181128250732,0.019526219734553367,0.026268682093635105,3.0096085781915574,92.43218358406865,0.0,0.008442425135833998,0.058362334021413824,56.97960387644787,0.0,0.06563846941144966,0.6718774382765157,0.7747691546039703,0.0,12.452363610971767,0.7579749579633551,0.0,5.001139992886599,0.04345108554347965,0.7151682086568725,0.0,2.8025008969702547,28.705429419008876,0.0,0.030832503191155644,0.0,0.6430589393509353,0.0,1.8613566660333405,0.0,0.6213375645723714,0.0,0.2787435481324341,0.0,1.2690362461662756,295.24761907771835,343.1556656734008,2.2240035808023904,132.33753714836976,51.84505118361913,73.70184088711532,928.4986638989648,344.01728177800817,51.74828896299331,0.0,0.0,9.195871524571293,5.199089989413097,22.444608836127024,3.0471915204537003,0.0002079908438930015,2.8803254391104938,0.9667167503727891,9.772711529235847e-05,0.0,0.016631537391406,0.0,0.702133298291242,8.026284631566547,31.054209320027038,1.4556806871174952e-08,2.47913136092395e-10,2.8093217731643694e-11,0.0,8.648714920718426e-10,0.0,0.0,16.723113225668914,1903.7807119243373,0.0,38.020347690666696,1.466886598147023,9.641740884915864,3.3900847940958174,83.78878795771152,29.050458974802538,33.652650910805235,2.7980872656948512,836.6629108864013,3.3517514041026972,51.07113838906823,22.066579846390358,55.351709071644294,10.407121891350657,38.07714339120043,0.220061555340023,136.84179539353502,7.186578180338918,51.774026019942745,29.997089231808918,114.80639704737106,300.9482372904897,63.89959833808685,150.53024528749265,1.2519790447391557,1.2878434393024856,0.5765396027212911,1.504716055331916,0.28812939646714647,0.36324943122298053,1.4287985657202942,0.1423073987853746,0.016617691033109335,1.126740354518508,0.8426351455894121,0.03393084919234246,0.5041101179986898,0.8962236824242598,0.8368286739634659,0.5683559307761564,0.19934873122614152,2.1214077137274368,0.1225076052976255,0.31388817879993425,22.343052707432143,135.3312633671369,8.945590724446848,0.061960798916089646,0.0
Respiratory effects on humans caused by organic substances (I.I) | ECOINDICATOR 99 (I.I) | Respiratory effects on humans caused by organic substances (I.I),0.000508065473943134,9.87868784692959,1.7543636220395065,19.19939074473567,2.665169742482273,0.6341113258683835,0.00856364649393621,0.721202086754503,4.058260981301137,0.9483982363518519,4.904178283506583,3.8355574904490326,0.2660192710164339,0.9944177217885349,0.06632227097020824,0.0,0.0,3.0322274856379954,7.2783687348004005,0.0,0.0,0.004619972103064843,0.0,0.0005149443409976374,0.0,0.0,0.0,0.002558800568738037,0.04717869238027606,1.7932086720923042e-10,0.0,0.0,0.0,0.0,0.0,0.00024095604341697072,0.0,0.0,9.010131672991746e-07,0.0048676978653685865,0.008124068330127389,0.013540916627123234,9.981417421985196,2.2356031692219993,7.598810901723076,16.294805323636655,0.699045395949955,6.892549117754624,0.003987714642954574,0.4897626450995405,18.18469239117109,26.911844722760314,0.5701176734823352,0.25875983931913865,9.143242948413146,6.386094819608654,1.3770438403023293,1.0080334382291662,0.0,0.0026581322400158944,0.0,1.6616329015605924,5.403466127386844,0.002637071440866701,0.0,0.0001375939230365139,40.937381195990824,0.009076168518595258,0.0,0.28997906305625004,0.050954252588513375,20.916794457721945,0.9045457607466272,0.0,0.9018919466813721,0.0,0.0,0.13496071821630248,0.029689112024404985,0.011303072850696143,0.43346082437820893,0.0006250578638883778,0.007690533950919974,0.010346098495891399,0.1734308448733861,37.93680811289331,0.0,0.0007821644346406706,0.019868226468126197,43.894424849068365,0.0,0.05058782197018747,0.5178163279256655,0.5971160961212957,0.0,4.676304950624536,0.16423076488320726,0.0,0.9512875456651982,0.006993097779731087,0.061339750485808746,0.0,0.644440251468502,0.31332111746878166,0.0,0.0055699754536667765,0.0,0.21243127360988298,0.0,0.029635793640681137,0.0,0.03994517084843828,0.0,0.020601653442971775,0.0,0.06096413685703758,12.472288320628286,20.528161486806326,0.28084234722282414,7.447649943460404,3.4557839605639344,4.424136928637998,93.5510068176614,13.76279492608779,9.089534227075845,0.0,0.0,3.122172254335515,3.0665526631428484,20.72330307366151,2.88041667228582,0.0001734146879715368,0.800701199564886,0.9088738517483902,5.167393200534254e-06,0.0,0.012093478884591039,0.0,0.5692166606946877,7.238731416971676,27.36324590668439,1.5675520540912285e-08,2.672806892757828e-10,7.574898988386052e-12,0.0,9.325458565127004e-10,0.0,0.0,1.5342859007518765,101.64940793352194,0.0,2.8349819638539975,0.1978508406531909,1.1823372536181427,0.375893227439505,23.990720076370536,9.809559304349033,9.062012128095809,0.8255623706188384,4.657218898583602,12.650762171876687,15.303612298930316,3.258902347303166,8.094885727090158,1.7267219619000307,5.786014824894463,0.035024538718528245,14.04808173623718,1.05621091001083,7.595844436798554,3.715712282576706,14.830833924992033,35.32492057343535,16.95930221398213,50.35910822392872,0.45027705365669857,0.475484159268007,0.19544563685337768,0.4971991113371388,0.11589485659659757,0.12121302116790747,0.4146747106400244,0.022938641698785824,0.002013925799438274,0.23158579817599564,0.2274552142389065,0.0045761453630724135,0.13868355551115114,0.2728132211086654,1.4711793202676045,0.6432335326420628,0.06533114848341266,0.5050212783011648,0.04304006851440053,0.1340908150437875,6.256618334500857,45.4743453987964,1.2477036467345026,0.007253696071008715,0.0
Respiratory effects on humans caused by inorganic substances (I.I) | ECOINDICATOR 99 (I.I) | Respiratory effects on humans caused by inorganic substances (I.I),1.886842729270814,2750.243001894988,729.974379641806,2530.5127100572176,1521.2237448485237,180.22000533664675,65.5649362477022,107.73781094165757,5207.829432098953,1337.4431151375406,3918.92424113157,4553.470451448209,324.7626988906874,778.3639612218581,10.49687799123996,0.0,0.0,721.807231150667,634.3497803463592,0.0,0.0,4.485131208932194,0.0,0.49963901395339794,0.0,0.0,0.0,0.025318418458460005,4.715074060898601,1.7921462342640766e-08,0.0,0.0,0.0,0.0,0.0,0.14300344114304156,0.0,0.0,0.0003649216958229713,1.0560100968648125,1.5507365250751275,3.0073122121504356,9924.251814723559,1504.708847385504,2709.599738287787,6546.28145045937,41.80557969184195,3510.9455476745566,2.148295592068773,139.01113586742022,5534.629786778571,5068.37626033332,231.364321818101,36.140095886653796,1023.796412765696,820.8183416005744,170.54518576157986,193.07123257091254,0.0,1.6680613450962278,0.0,585.4647226130971,633.3029129007833,24.995380296440437,0.0,1.3041787461080767,2734.589769199977,0.6062819820537168,0.0,19.370408066201517,3.4037101056179364,1397.227923615604,60.423053705020216,0.0,60.24578068897847,0.0,0.0,9.01528599046506,1.9832128819860664,0.7550377287538912,28.954894001779476,0.04175344716742663,0.5137225408766165,0.6911124790191132,78.66569850822432,3729.3983736911027,0.0,0.5213125879316622,3.1127080413227866,2566.0317653168145,0.0,2.9562535913840717,30.26028637297949,34.894373751155726,0.0,418.40229534361254,32.46853650297958,0.0,217.8630712468754,2.483794547155623,138.51430065525196,0.0,129.85012743020383,865.7937845329359,0.0,4.356974758440503,0.0,71.32855346944855,0.0,77.00596333486597,0.0,34.14917928471771,0.0,8.61946727502714,0.0,32.41233025803653,6288.101932027023,7586.614830584674,72.04176861262488,3083.2746974878714,1302.472227874884,2100.168301705359,21151.750527216114,6966.21876939543,1811.4893537659214,0.0,0.0,1204.5778290040764,186.65705476483876,1136.6753052037172,157.4390110241214,0.023165333562718337,73.72450529850708,49.000798089551886,0.003091140093065819,0.0,0.691564813764037,0.0,31.764191051720683,433.1345787414376,1668.9016601706244,7.816627154382245e-07,1.3320374075405222e-08,1.438693374658497e-09,0.0,4.64727612653145e-08,0.0,0.0,419.58113581406604,71428.14112877942,0.0,862.8003239698477,78.93868946724818,282.61300368450446,95.83908833651174,7375.108398666052,3005.1609888580656,1144.9476430932957,458.78406697831855,7061.041202381265,1111.7485540186558,2298.898203146473,1072.4774315089926,1635.5639573108624,464.18585700226276,1526.8029829727097,9.97125493846171,5015.166260509466,220.65547225548397,1718.914778524863,892.591503317887,3670.3266632912187,8677.751014003692,3250.375740891706,6208.538131921166,70.28037645894234,73.31206246342808,35.78180933192866,92.79463847892004,18.237134540958674,20.692998803422675,52.330796887284365,4.605619093866954,0.46796796493950904,40.596976576774715,29.700627976640884,1.9990295517291894,18.097467171139773,33.13124438192049,30.108288306833014,20.184560366540673,6.886979774762166,76.37721098150426,4.0427795999007685,10.794350613435922,1050.3185523089567,6071.957055554112,530.8159070234647,2.6813138393210982,0.0
Damages to human health caused by climate change (I.I) | ECOINDICATOR 99 (I.I) | Damages to human health caused by climate change (I.I),0.29140970320098636,796.168626633899,206.8327676508109,611.5748447401896,419.4425907317569,56.279373375253876,17.212202059802156,38.1889228165918,1293.9502030836447,134.61416696742415,616.4114792687661,1135.807461659792,79.0612575592305,230.88822972545736,99.60308569605753,0.0,0.0,174.69289510267512,211.91783051956673,0.0,0.0,4.140601075486245,0.0,0.4612122572450461,0.0,0.0,0.0,0.0850111088533207,28.841541405680537,1.0962343325659149e-07,0.0,0.0,0.0,0.0,0.0,0.10034330226628213,0.0,0.0,0.00026252797391618964,0.6386547029755597,0.7103522258419822,1.0826152852479325,2595.393008267727,250.9395849387079,845.1094153684706,2064.832295320588,13.458303232783798,1147.4022648520674,1.6593093319447272,51.00716893587365,1739.486307900717,1656.540979170866,66.1156345778006,26.141096724143427,376.8610978242598,308.98213572040163,54.85981840676573,66.27403761795901,0.0,0.24218748683484537,0.0,126.77610145551819,290.4328847760698,3.2999871648177783,0.0,0.17218274143327547,2800.0182807714446,0.6207880598097794,0.0,19.833869530702263,3.4851481757166236,1430.658365172173,61.86875153645481,0.0,61.68723704766958,0.0,0.0,9.230988088371012,2.0306637588741507,0.7731029605008976,29.647676439167633,0.04275245250484211,0.5260140012405891,0.7076482190905945,24.414520056600455,1962.9466423477058,0.0,0.2689389011315376,3.8146959019650666,1053.4964287426947,0.0,1.2136032299537627,12.422485369696489,14.324869984425591,0.0,141.69943468756546,17.42977139829558,0.0,110.4819647782789,1.5727032989207121,26.260959134802597,0.0,82.76347587559015,73.99534950295984,0.0,0.811400796149142,0.0,10.18174908339328,0.0,3.220155093758524,0.0,8.505943568520248,0.0,3.317231160666852,0.0,9.880417412819076,909.1234368562285,1471.8802848400394,30.536732704322752,629.5122343039818,379.25480328999083,675.01535184353,4066.40168380677,1457.5099503176652,580.8552068573864,0.0,0.0,1134.4729643418966,488.4959812127391,773.1652612400347,87.70052701390819,0.01650957547265761,72.79428861545159,35.097869454889334,0.0006964116538345684,0.0,0.5367292811437752,0.0,23.563398319295548,490.29135101233885,1924.004300015814,5.901156401824398e-07,1.0059286242575889e-08,7.757278657011419e-10,0.0,3.509628405052494e-08,0.0,0.0,157.527702303022,13879.252078546622,0.0,345.84019249326656,40.56761225057979,194.8793171613563,57.450499842074706,2831.1456230109943,3537.2548877884733,798.6080705999913,332.9272907287309,1094.2444749267202,1259.6958114937015,5924.598494850731,1093.0620759344629,808.0306355911638,295.5771612366076,804.6323213493679,4.813837784317679,2328.9972331741833,102.73476627439793,863.9561622192351,353.10276066867704,1675.597433738229,3744.8085465788376,1679.7319560724013,2903.086936981294,34.51599388189245,36.680785537727644,79.52866165726952,201.14273826255058,41.19738372740883,10.293289291078533,56.6408012604158,3.4141987760111467,0.33574350779484446,29.036227412532995,138.77906788207926,0.6581639530759188,13.408353127559185,27.13118588226847,503.32692220445244,210.38037915022707,16.796552672875563,58.50003329027161,11.954975027101074,34.857783290973444,544.3093731337098,3225.6823252108425,162.2687002069183,8.891070499533047,0.0
Damage to Ecosystem Quality caused by ecotoxic emissions (I.I) | ECOINDICATOR 99 (I.I) | Damage to Ecosystem Quality caused by ecotoxic emissions (I.I),1764.9151477364978,12793839.168568647,1852482.4948606594,31433308.727037672,3411334.0331889302,842340.8162098455,50474.403049195236,1115580.444635054,4163032.148347564,1691861.7419379281,10907263.50347464,4365857.497124767,296324.2233105825,1122416.1178927496,42920.75101672122,0.0,0.0,13308928.108005187,6001588.586018978,0.0,0.0,18826.035489066682,0.0,2099.264572949859,0.0,0.0,0.0,331.78234856010516,51844.37662950699,0.000197054600495294,0.0,0.0,0.0,0.0,0.0,907.8015747102013,0.0,0.0,4.262321262407568,23167.301111542565,29336.678062999938,64817.46032969034,13448936.380062664,3977598.2301604035,16531750.678469041,35317487.787433684,209278.42057832968,11772482.572390521,32714.14837889636,727469.0781006764,28396447.753754444,45438708.687519066,1031547.0714369842,410804.6447156157,12132667.558802165,13951054.363392826,2130184.3679705365,4005265.3664262914,0.0,10114.473486432633,0.0,5037538.289156313,9254701.693071805,203480.06953168628,0.0,10616.937154921372,74963296.37001964,16620.004704309886,0.0,531000.9043523374,93305.88912835188,38302202.44096726,1656376.884349822,0.0,1651517.2999153666,0.0,0.0,247135.9920517367,54365.80522547684,20697.845653078628,793740.3709520195,1144.5870275027198,14082.67358735464,18945.46307036114,1971601.9660020124,62575433.7635159,0.0,3154.3693884595887,36042.60240019971,39755267.58397417,0.0,45796.18467661131,468771.1033938588,540559.0337593564,0.0,8773117.199843626,495207.16182763164,0.0,2966688.6596949194,22032.505583051432,509931.81717478554,0.0,1932762.8946877,16696817.14890127,0.0,27741.919877463017,0.0,570101.7443610759,0.0,2423000.8759180214,0.0,455983.97511959594,0.0,240655.20863777044,0.0,993598.7634382298,235923576.66458875,274380448.0983994,1583080.7134985311,106228360.91002241,40129975.20202694,57366678.083546184,692854488.1305875,279195036.77693385,39654190.1546295,0.0,0.0,5758442.806467205,3010760.423280745,15234426.504900446,2037724.9040673294,175.2982019623987,834218.0543143399,631293.5910642692,31.009048435658737,0.0,9573.733724749643,0.0,439176.1452456611,4962538.214866515,19280583.521951802,0.009631798763061276,0.00016400630252633573,1.8159412705982867e-05,0.0,0.0005721409101920007,0.0,0.0,12636540.275440179,1487505510.5104954,0.0,27396453.715212062,977827.7106853508,5318248.049550398,1819206.2470784471,53882113.90199506,27294177.666228127,21197863.79476538,2768701.242540173,197489023.46422258,4794518.458679473,37241786.17453679,18033282.246541888,40274067.86312009,7080065.893603794,24882276.00826758,146634.49449586478,100394075.74265212,4829325.861919282,34386328.35879585,21882104.228044737,79619066.47353534,227295828.82092205,41407512.20899588,102725608.0154616,843856.8948138437,871891.4096991762,387898.90304503444,1030564.1616011865,192198.6281268933,241689.345558577,962866.2296012448,91453.71134127877,9299.430659191066,767743.2641915315,551070.6794298679,18858.41066060888,328303.4215886915,591281.014270113,560641.8781126997,378380.6713353017,129072.16974251722,1427801.8488108371,78186.38908922308,206821.7854337629,13921955.078740189,88107375.1340297,5545992.321194497,44155.067880568095,0.0
Damage to Ecosystem Quality caused by the combined effect of acidification and eutrophication (I.I) | ECOINDICATOR 99 (I.I) | Damage to Ecosystem Quality caused by the combined effect of acidification and eutrophication (I.I),542872.0363199011,585655934.4073223,187524069.53799695,291281422.50135964,383787085.7462509,41089302.42470666,19192599.720249113,17683595.282570608,1505976660.9651678,376547318.38155407,961141505.7645015,1305767217.6538556,93240405.6850877,217467438.9631821,4475331.36796263,0.0,0.0,59521919.70061714,74183491.057848,0.0,0.0,240645.20730016747,0.0,26809.488813560973,0.0,0.0,0.0,2277.211024980731,1297176.4222373657,0.004930420687663813,0.0,0.0,0.0,0.0,0.0,18478.224077832423,0.0,0.0,48.31157980189847,98899.13652204811,140968.83212668958,253158.73776133888,2790343998.504267,398085051.0118075,578475874.1571741,1479489799.568061,9397035.436260665,903109771.1213577,175315.90145285294,30695608.398236834,1260839201.4284983,876883976.3770148,54118217.556033656,3568765.236962356,128458698.76285031,89919594.99990295,25563694.398652136,15912744.308420505,0.0,56838.335762539165,0.0,37621497.82258849,55975397.52314617,290508.6513507571,0.0,15157.809295512168,179197266.8961392,39729.57013282045,0.0,1269340.002501339,223044.6242398736,91560141.11022672,3959513.856345748,0.0,3947897.1817089245,0.0,0.0,590770.3700738067,129959.64974421672,49477.51177591459,1897409.963054618,2736.0973125579853,33664.16281184446,45288.499553022084,4598625.375970187,298596667.719005,0.0,17143.4927056053,245004.12665935204,236487713.83509493,0.0,272425.939786855,2788564.2472355776,3215604.833937207,0.0,34145930.64083476,2339394.281934797,0.0,13461360.654764982,149587.4406052642,2105577.96581579,0.0,9824925.94269758,15685537.226850392,0.0,404995.9443924006,0.0,1850465.044264826,0.0,2175686.8206435298,0.0,1742763.9846542105,0.0,514889.4411398498,0.0,1317915.6439232072,197275553.10886687,312524486.930207,5703062.969119076,129616842.97884229,71340179.2252867,119883844.49236344,840625724.4013075,299819090.3421452,159100034.08947667,0.0,0.0,54870263.516349435,30687073.284333587,120817781.10372311,16921379.05090661,3009.627605824256,6469220.704380893,5313891.071759131,354.1704934689839,0.0,75398.67085449817,0.0,3403822.3219225435,46246828.58043201,175769274.57697478,0.08683082132201962,0.0014800365392423655,0.00019704134971836504,0.0,0.005163793239658522,0.0,0.0,22172039.166785102,2376481937.8033557,0.0,50082940.284846626,7662205.765142369,28126048.792058706,9754352.110570056,1514962288.2377417,480206822.2596596,107869222.5717825,49903864.67428234,553764958.6443261,211219823.77158388,829454779.5004429,155883892.3101821,136860577.56866327,47031737.08385208,144491145.08800352,912363.2123579764,399375300.53452206,20345784.89518184,160618288.52664053,76193345.10837862,340851663.0357105,637985673.5110567,443347446.8891632,729099101.5297995,6596913.68118793,6956694.066958763,3454297.2690377994,8731420.728851551,1824651.3541322576,1985984.3588473587,4635780.215892157,404984.8203052528,42292.12250235165,3518767.0440245946,2591131.8406081526,193870.413226896,1573620.6267336877,2874898.7201340464,2461821.7350980514,1706114.1851796415,576733.5924636938,6483340.488067331,341693.55859849945,927971.9135175502,111364291.16221617,721802823.0325112,49071248.68843046,401606.5693438567,0.0
Unused Domestic Extraction,7.850304024723549,5365.451872462173,1834.8725751981776,22649.48603936049,1549.6437978874458,5243.481838275503,22.895510609469923,159.1408953032414,7758.1021964333995,391.7177013330936,3116.2290421547573,2100.753134603491,56.160759403352955,340.7846984628282,1.2583699922661042,0.0,0.0,4016.216480625279,1462.2140239594987,0.0,0.0,6.723097592356279,0.0,0.748981239151593,0.0,0.0,0.0,0.04588568045226303,5.420273481804528,1.5170344432979976e-08,0.0,0.0,0.0,0.0,0.0,0.08201863032633529,0.0,0.0,0.0005367218603733689,61.16357484057972,101.6720895037218,16.765990295971,15053.52550003129,815.5161718474279,3989.212915352792,9991.369080991302,61.298758690782506,2420.7079577336217,2.9669920822575495,3804.9141219648905,10662.799079227458,10813.588118904605,316.7205663348488,68.22921094600595,2145.9771149977055,1708.536144000031,306.4255657671478,458.20670297676776,0.0,1.3465417680170852,0.0,685.0303843002445,1337.703101516552,235.306403410556,0.0,12.277532741335005,14288.544494866126,3.1678926511150682,0.0,101.21259890984243,17.784774861889762,7300.675801746193,315.71737047025516,0.0,314.79109865430803,0.0,0.0,47.105901015734,10.362514247810715,3.945158535185889,151.29263458746217,0.21816653489206636,2.684259069891882,3.6111417862244797,423.28803820746197,14503.782489811065,0.0,0.8410040511666423,19.847708002782454,9589.89608057071,0.0,11.050870624145245,113.11662983401298,130.43958715642773,0.0,1105.5810094230314,127.08930514592188,0.0,420.0671914722315,4.948995100204649,102.72379826836628,0.0,518.5688139206356,1061.622429547501,0.0,4.331219716994892,0.0,71.62576155358859,0.0,39.46437370641545,0.0,69.40205031976544,0.0,22.54476082588367,0.0,178.724444319687,11493.442162051413,14155.5170230311,130.4821172870512,6248.96238060631,2402.1516924313687,3953.9751584183396,40631.719648114515,12098.043586034471,3385.405572519318,0.0,0.0,20173.6447166591,819.3246043324057,4688.640106492269,552.6053504689365,0.03512818535220208,143.2081194226789,232.81167022834677,0.00046293192378492527,0.0,2.9239074166825563,0.0,149.87611813476337,2476.6262330190007,9690.21711840701,3.545444882670075e-06,6.044365230671127e-08,3.0230820303479382e-09,0.0,2.108861097195669e-07,0.0,0.0,847.3681323614613,113185.65649762038,0.0,1767.1458793105842,89.10904331163735,472.73768700457106,247.45111493873117,12006.657904848636,1288.4990797251698,2495.7745047933,132.50686045360942,656.1206119946045,90.91198004104865,2931.8105636829832,1097.9504553225843,3833.2442703639827,746.4787834122627,2608.1296203843017,15.148130129666088,8223.662736461047,431.6419082713298,3310.295111591052,1801.195299959796,6880.0686875646525,16268.882807754453,6823.835262688114,12616.948653684916,106.13778809391447,108.57027843032604,44.46254155365009,122.79304957692027,21.37308541530508,27.616958399120943,121.68071636477866,8.387757035690038,0.7201289526460588,80.83734574666356,77.55867729443116,2.648006656644421,41.98756872718579,77.16551968122468,59.79718829713086,39.325769561030725,11.588991037788192,156.88540675171313,6.712166266818544,20.154885548041687,2017.5691235407933,15506.669359480342,762.4852818541367,3.5239726816802914,0.0
Water Consumption Green - Agriculture,6.249607165667796,9639.004235534132,1735.7450453532474,3769.977179669667,2767.5353160210707,422.4319877291338,218.34897330860008,2220.8605113034764,1963.6969039020578,403.94709454357934,1938.4519270749058,1681.8551546255997,123.6368625441407,359.65072978077035,1.2488663526589086,0.0,0.0,531.5478506514033,174.30343053825098,0.0,0.0,0.48387851639696583,0.0,0.05391565718978944,0.0,0.0,0.0,0.004431735376056961,0.8040856691093718,3.05623848237328e-09,0.0,0.0,0.0,0.0,0.0,0.003465122528806065,0.0,0.0,0.00012172531723657606,0.23775113217918123,0.33149938785110716,0.6975033270453864,3896.7796077888934,700.2688473058874,2838.9335926382078,7714.466263554856,64.77604086770799,1692.0747265458685,0.6603705679330981,307.6745741452392,7680.572330644267,6401.367290438757,307.2284105265845,19.489724675868764,426.7945474977125,268.5376956663963,74.1358559940326,49.547203309301786,0.0,0.06122459014335568,0.0,88.10314253299747,159.08738351187384,0.020728084184089453,0.0,0.0010815248907242018,339.38426855880556,0.07524439810211588,0.0,2.404021197701038,0.4224274075049546,173.40706170952916,7.498979961664801,0.0,7.476978974590519,0.0,0.0,1.1188684590493112,0.24613243984977293,0.09370616750318182,3.5935318776695024,0.005181933673857157,0.06375703987099014,0.08577253716921825,10.692860539053612,932.8229670806113,0.0,0.015856601126165694,0.5391422826910292,778.6053804917095,0.0,0.8969284055216132,9.181003740376006,10.586980260402408,0.0,104.89422095556479,4.680907129758366,0.0,24.253899619090163,0.2301653579364506,1.6180422759231474,0.0,18.477003126750464,9.075360830548146,0.0,0.1408954665993862,0.0,4.531414196644274,0.0,0.8291175351392301,0.0,1.0697171347277783,0.0,1.1884624553633865,0.0,1.9102361130705416,329.1520837584206,692.5972084165712,14.129013333038348,258.30482173659306,156.38920842537738,194.3025422897426,1743.7761062515876,668.5477776743238,297.41797819548117,0.0,0.0,51.08350127131545,50.890325538111995,374.3025934169739,53.37296748726216,0.002877166325722486,10.149210930127188,16.978410782128567,5.328094827533567e-05,0.0,0.21601709024261873,0.0,10.38248667207149,116.26170536465969,439.56163454574454,2.77273324025293e-07,4.726116880832455e-09,6.481869323817344e-10,0.0,1.6489254813396258e-08,0.0,0.0,49.043022228174465,4653.476898304065,0.0,111.14726774586052,17.020791933607846,71.5376325432156,20.94973727944787,6503.13617461851,121.64581135058553,209.7659434178187,10.498730837741752,93.01027649626712,11.231641286516728,370.04084047836363,139.38904508740544,400.6395345749166,126.01060996503946,444.4660975112317,2.666593053826067,1266.2967534379045,59.86108357120993,524.9483198174499,216.45131885083222,1071.2687002453163,2056.281309295713,1458.7836548977805,2515.6519036327472,9.923546108177009,10.254562448559744,4.5773721028383285,11.269154411396825,2.1033281278576488,2.711148734488015,11.184070865577885,0.9021049366339869,0.07992253550171442,8.818642363446632,6.109910315884306,1.134180697859409,4.130389548549855,7.763844691565132,6.535194897094121,4.506326903669973,1.6470354836181924,15.977054591746596,0.8863952028697446,2.289000289206526,450.672588023731,2303.3746244526897,293.1181442962293,0.8952735893499054,0.0
Water Consumption Blue - Agriculture,9.75502422120608,36.33586534623479,167.53573329761994,438.04089462748834,24.425962406531845,13.463373805304704,20.635834655260595,53.49588157616553,104.39509655394117,24.98699466824918,121.11554504687095,92.1731711738548,6.70569062031783,21.399264146954035,0.08483821301279905,0.0,0.0,29.99281908589401,21.249849937152494,0.0,0.0,0.053679858744008296,0.0,0.005981052487391216,0.0,0.0,0.0,0.00048124374779645634,0.09074089940391938,3.4489587283727497e-10,0.0,0.0,0.0,0.0,0.0,0.0003583247008899862,0.0,0.0,9.021095203117112e-06,0.023655146104010715,0.0351398793710378,0.07023316899905824,211.4169288927192,40.336090645678205,163.48213527005927,449.82149684612483,3.116128146251864,104.3274668690747,0.15702918460309048,9.996392219600597,405.964407295633,451.0866727575604,13.406079930703797,1.8950582958608726,51.43277662577695,33.49648811815256,6.188500356078507,4.504223284841209,0.0,0.007197873828905951,0.0,9.494584665240977,19.439203099187335,0.0027379994946592134,0.0,0.00014286002401211814,38.99222110254909,0.008644909264607115,0.0,0.27620056307863783,0.04853313603236673,19.922922531542607,0.8615658172681453,0.0,0.8590381003644784,0.0,0.0,0.12854799229552324,0.028278418902228174,0.010766001669648589,0.4128647155867476,0.0005953578944828799,0.0073251144080737724,0.009854498406867874,1.0066640541056557,87.260862549487,0.0,0.001852993681340918,0.06737059916312577,90.39099048847595,0.0,0.10414172214072372,1.0659976792551793,1.229245336010806,0.0,12.968627883479208,0.5736610107362295,0.0,2.8138767831981153,0.024862968990954654,0.19426113034549428,0.0,2.2229087260082903,0.988730975650997,0.0,0.015478122964130378,0.0,0.6172786292717778,0.0,0.07004762534379577,0.0,0.11984699306336005,0.0,0.12899820229104927,0.0,0.2108884321261777,40.38418332651617,82.04030597103065,1.605187247525388,29.704445156590776,17.00340871657892,21.237249212177616,202.8234173975034,69.76425249696729,35.80093973493897,0.0,0.0,7.043892410343723,7.171861518892496,54.72759386557151,7.780679749336052,0.00041514266754602775,1.4361748640558005,2.445022862678659,5.9563624355926576e-06,0.0,0.03123806180030198,0.0,1.4924457966727522,16.686828108640555,62.84935204114645,4.083327864436768e-08,6.961061991985432e-10,5.411114210423187e-11,0.0,2.4286977295467126e-09,0.0,0.0,5.614491170956183,470.8545784729974,0.0,12.594600310976642,1.5323165814423927,7.523247083585284,2.237519707938271,430.5960233100753,12.184649440822351,23.368774829329908,0.8343708059782613,10.79092455417137,1.1373245850690377,38.075136901647966,14.634098021151233,40.97883434955762,13.411725159981541,47.175905617335125,0.2876850058932128,122.1479481902001,5.863283276499666,54.122843148274676,20.87486603052152,103.02932242352672,212.38991592739484,121.95215358276704,229.0553572269878,1.1816011440574854,1.2160451090404716,0.5263412599828904,1.3022603147505285,0.24193616607172336,0.3128973114470859,1.3203255360719326,0.09740368927340796,0.008520820986185963,0.9867079872343244,0.7187774547762881,0.13146355130804815,0.4880843906455583,0.930388111004081,0.7525001499256855,0.5093172730915155,0.18442619401787008,1.8148787746338828,0.09804054163852421,0.25590767079865984,48.13880338332367,224.44839064662892,33.69247804792995,0.09609868286956312,0.0
Water Consumption Blue - Livestock,6.382165517843544e-05,0.36212181624836753,0.07515500131509179,1.1375493032472648,0.27133027639517454,0.07757836708213665,0.0022251624101055053,0.10247931893626765,89.76267672657008,11.912751288640045,14.042368368782077,9.856324446202587,0.04790712088611723,0.20397310968726054,0.0015012388238654132,0.0,0.0,0.25766580535076794,0.8076348730523695,0.0,0.0,0.0019322968131432797,0.0,0.0002153090693543458,0.0,0.0,0.0,1.9371930669397072e-05,0.0031666712929662075,1.2036158631343121e-11,0.0,0.0,0.0,0.0,0.0,1.6952524792773016e-05,0.0,0.0,1.0833628365933823e-06,0.0014102955016260983,0.0015993795501830716,0.0034727537823042577,162.03413339779263,11.618924373938041,8.990106685263195,24.60978343889786,0.12068415387424326,1.620544967566726,0.0022873698387460657,0.06467757556660482,20.872171530430908,6.798430112122091,0.9295255481169129,0.04355292194688819,1.2066633995600005,1.034912127503334,0.9375755907457641,0.1306983295958771,0.0,0.00026866126479206323,0.0,0.2786068981562872,0.594956495410965,0.0001310306233683743,0.0,6.836757288393378e-06,1.6760159725431394,0.0003715870909369787,0.0,0.011872023246065946,0.002086116381365562,0.8563537915623403,0.037032978125070046,0.0,0.036924328405079206,0.0,0.0,0.005525422308183531,0.0012155009491188443,0.00046275873106334866,0.017746305243884465,2.5590471953589928e-05,0.000314857897331602,0.00042357927464233973,0.047771534586079814,3.0197153299098476,0.0,8.289963625780459e-05,0.002159668637640718,2.6495896137302397,0.0,0.0030514167749002364,0.031234574177442798,0.0360177703322323,0.0,0.353415493146369,0.018089593282623006,0.0,0.09181164846746476,0.0008369781367756115,0.006959959837229036,0.0,0.06800631785283032,0.039106112937313246,0.0,0.0005104828956327539,0.0,0.017199019741733445,0.0,0.004407488090688924,0.0,0.005668370336249351,0.0,0.005270737353456664,0.0,0.0081146417904832,1.3187664353147162,2.779393113329293,0.05631339888672628,1.0561489126448071,0.652194631658406,0.8170729033046134,7.02210907933548,3.2121039428319316,1.146366176137875,0.0,0.0,0.18256767332528745,0.1700319649330279,1.2525505596023008,0.1802365931546544,9.84840881607585e-06,0.03426294775135978,0.05636526425778698,4.947085208482946e-07,0.0,0.0007315771499686231,0.0,0.03458676956901621,0.3945608207973311,1.4921181775271777,9.189585948375922e-10,1.5661428991440734e-11,3.4209398925746098e-12,0.0,5.464233798262785e-11,0.0,0.0,0.19483523865981658,18.86339402869585,0.0,0.5198301790274555,0.06675252144893301,0.3326113801774239,0.13296782184666098,18.769668167568216,0.5962254986001879,0.9195171088657234,0.09485797630294242,2.043436206699087,0.053119235160316976,1.7220652308132516,0.616313113932478,1.911970654600009,0.5508501487184504,1.895722927508245,0.011013367600830182,10.041903419043432,0.2889176413368621,2.436458196638323,1.125645270619762,5.212232816150669,8.668594987408367,7.689299797298634,12.066169266190427,0.04001892124082239,0.0413881933476524,0.018653237453097476,0.046388686758456074,0.008719520768270792,0.011192404008544226,0.045430690254790816,0.003922834479336605,0.0003594323005172581,0.036548106622341966,0.02501236908097206,0.0038679541834203118,0.016499507795642337,0.030557370089546367,0.026440215786982843,0.018547506717867823,0.006591705837749471,0.06647693361466674,0.003630108996966645,0.009556370578230227,1.794340448964182,11.73266592058917,1.0083942225333664,0.003811609856042975,0.0
Water Consumption Blue - Manufacturing,0.0022177050418280718,2.6331147251293174,0.5096119086087938,8.157915272579384,2.133406949528993,0.6313554683126541,0.06554170149756883,0.782358250757615,2.2003244268205275,0.8118506309134859,8.906947331752392,3.143609515518146,0.17414547321690635,0.8976200796329953,0.01715396130008584,0.0,0.0,2.395491024138669,4.816346510197116,0.0,0.0,0.003457898559268922,0.0,0.0003856005279390806,0.0,0.0,0.0,5.1256259602634276e-05,0.008303989048564053,3.156252108750826e-11,0.0,0.0,0.0,0.0,0.0,6.196830850077514e-05,0.0,0.0,5.5472321366971e-07,0.006164541561724992,0.008232766105552975,0.020173694638513425,9.30778219319452,3.627731709212963,27.646398432229674,80.71569442966769,5.660336828531762,11.142562301109178,0.16193366667087047,3.498878910805281,34.069256835570194,19.40407045439585,2.7309624967353923,0.2713863675137054,25.14389374479367,16.852906678263125,12.792579218731245,0.8947294593863258,0.0,0.00316094324545314,0.0,6.147706492397763,5.196743892746528,0.00072828945350973,0.0,3.799980570453767e-05,7.621153548830278,0.0016896749930710956,0.0,0.053984277939942,0.009485955697064763,3.8939985325537276,0.1683957774181458,0.0,0.16790172711513396,0.0,0.0,0.025125113675916966,0.005527106855627067,0.002104249245396055,0.08069572092611683,0.00011636459278452592,0.0014317168934762133,0.0019260930355294286,0.9185739960898257,31.91799832982495,0.0,3.1821621880189235,0.3167668511034129,18.063190182531415,0.0,0.018481611782166955,0.18917812483167387,0.21814909098108698,0.0,3.5961501128519933,0.5475525391447622,0.0,0.956663823577337,0.05512739548159278,0.17330718486332017,0.0,0.6066724233465897,1.0222235008543796,0.0,0.002818632368146366,0.0,0.12482178428271534,0.0,0.22233459067951192,0.0,0.05886966331870906,0.0,0.022906761788377063,0.0,0.10545760772091015,22.688261668473487,40.19799010473265,0.3738131570143624,15.658502574223833,7.222351443618623,10.556063129760535,111.18025044063019,34.499383752441915,11.335259259233817,0.0,0.0,1.242484282850225,0.9517166398272613,6.010678906534929,1.9583084538526223,0.00010741975486136007,0.1706724139281179,0.2840675196067018,8.356804249575922e-07,0.0,0.004133508847928289,0.0,0.2041589734923467,3.152710156278142,8.008290305950991,4.270068161242958e-09,7.277138719601248e-11,6.2512716454654104e-12,0.0,2.5388893422895476e-10,0.0,0.0,1.809313631033445,261.85129108926753,0.0,4.733024649406429,0.46931513708920575,1.1807027692865728,0.3839266096899859,32.97931386731358,2.4328372727742837,4.251862622259678,0.36505968513574266,1.8566025446337617,0.24167336873792578,6.331576180444408,2.841803658458522,10.067156737332914,1.9622416473570143,6.962554056878693,0.042972620098857696,20.382403512387715,1.2752754578747247,9.41599985711404,4.898742233115817,18.651928222401366,43.16020819441333,14.16768318430588,35.23171712981456,0.22851378716571116,0.23412598233380127,0.09561145117308516,0.2738701376217938,0.044484386978267246,0.05832541546479595,0.2640550806629488,0.01950411394657125,0.001725644256516151,0.2022717582361199,0.14066803867750094,0.006523538324802357,0.082201754130853,0.15549971795543827,0.13821263483083474,0.09300460960307882,0.027729038024943108,0.38450526074723423,0.01619478294031469,0.04847675117639929,10.644588847630475,34.56602061130341,1.8524667348227812,0.008238435617861754,0.0
Water Consumption Blue - Electricity,1.306609938187384e-05,0.14789212354553763,0.026765504347905422,0.5477147316962562,0.047573333247762244,0.01452570271695495,0.0007480605761217888,0.02118876211660798,0.0775492839860365,0.03459327492785433,0.2072988098987987,0.08442363463934001,0.005641252356702314,0.024108084450888204,0.00029381535176283523,0.0,0.0,0.12519860573750619,0.1615102312579245,0.0,0.0,0.0004801734329560192,0.0,5.3517356197408425e-05,0.0,0.0,0.0,5.863193468633326e-06,0.0009024418635599846,3.4300792284628166e-12,0.0,0.0,0.0,0.0,0.0,6.190344058461939e-06,0.0,0.0,1.88835997929687e-07,0.00035291221680933143,0.0005339989560115816,0.0011467859907939055,0.31526093525072585,0.08699460343465645,0.49054148667137243,1.2098605285166737,0.005557039275317713,0.30203406865310595,0.0006619842991553102,0.013241481108665295,0.7024168702201508,1.011565837079285,0.02485194494925313,0.011981662259307642,0.44772961706387493,0.34775270465697766,0.052783047083385146,0.07431692295286813,0.0,0.00021900174914347411,0.0,0.17306581466824292,0.32391685641357537,0.0005261486122813514,0.0,2.745274552865176e-05,0.8711031933811679,0.00019313103624141566,0.0,0.006170440813789629,0.0010842513862292763,0.4450867621279933,0.019247755411431866,0.0,0.01919128511544753,0.0,0.0,0.0028718181069210123,0.0006317521883330454,0.00024051716391618357,0.009223577472956823,1.3300554531755587e-05,0.00016364624461821995,0.00022015378423341584,0.019265216643636746,1.3507690502053518,0.0,4.452982040770129e-05,0.0009113351203494977,1.0061752781466589,0.0,0.0011592058090463084,0.01186565929500925,0.013682777324390733,0.0,0.18170271961712173,0.010970651285576066,0.0,0.05949370638967704,0.0005346729804413869,0.005442315934635938,0.0,0.03643479006662248,0.042484893237212516,0.0,0.00026952514699695005,0.0,0.02626065023898637,0.0,0.002455364128707084,0.0,0.0066458017925763195,0.0,0.006087880626309907,0.0,0.010979258984115172,1.8348790178889491,2.806029187406333,0.03225267491505681,1.0984319134018987,0.4935436139365785,0.8211661790867866,6.628685923018343,2.413780787896749,0.677534451471261,0.0,0.0,0.25712423017463515,0.07430510974939664,6.294936378886197,0.05205371054660283,2.957747991473617e-06,0.025172997667933458,0.02765226952631137,1.1967434975668284e-07,0.0,0.0002267024461917726,0.0,0.010745444966825998,0.38357835414330566,1.5044093714204252,2.659119461882159e-10,4.530953338261584e-12,5.30123868426028e-13,0.0,1.5807650477894864e-11,0.0,0.0,0.13020153620825367,15.100472479488342,0.0,0.3720916106724355,0.019008061023390053,0.11222961056789864,0.03614115299564304,1.7235047588875214,0.3315815290162602,0.4292242039123992,0.033209796137857295,0.2359344014719827,0.020508664073758485,0.4966379567688239,0.21939379409964438,0.7394735673969695,0.1685546905569605,0.5830138886652525,0.0034483766743084805,1.7995215268543052,0.08110811435119358,0.683803535385778,0.304776722821219,1.4356107715123008,3.3841318070981954,1.1986473617991307,2.4159974999907674,0.01819684972153142,0.01892221842996088,0.00835820965525786,0.021940185496113495,0.003908081377249374,0.005021956232854882,0.021264692774053327,0.001632703605839725,0.00014483950469511913,0.015473750325314686,0.013259446602518142,0.0008274712505947688,0.007127719674503527,0.012948460751909849,0.010162348575684666,0.006973677830791896,0.0022935567736852387,0.026891778845788764,0.0013332216733034092,0.003691964863372679,0.4442884146845674,2.8068159575454725,0.21700765794259042,0.0010117798613854092,0.0
Water Consumption Blue - Domestic,0.0,0.0,0.0,0.0,0.0,0.0,0.0,0.0,0.0,0.0,0.0,0.0,0.0,0.0,0.0,0.0,0.0,0.0,0.0,0.0,0.0,0.0,0.0,0.0,0.0,0.0,0.0,0.0,0.0,0.0,0.0,0.0,0.0,0.0,0.0,0.0,0.0,0.0,0.0,0.0,0.0,0.0,0.0,0.0,0.0,0.0,0.0,0.0,0.0,0.0,0.0,0.0,0.0,0.0,0.0,0.0,0.0,0.0,0.0,0.0,0.0,0.0,0.0,0.0,0.0,0.0,0.0,0.0,0.0,0.0,0.0,0.0,0.0,0.0,0.0,0.0,0.0,0.0,0.0,0.0,0.0,0.0,0.0,0.0,0.0,0.0,0.0,0.0,0.0,0.0,0.0,0.0,0.0,0.0,0.0,0.0,0.0,0.0,0.0,0.0,0.0,0.0,0.0,0.0,0.0,0.0,0.0,0.0,0.0,0.0,0.0,0.0,0.0,0.0,0.0,0.0,0.0,0.0,0.0,0.0,0.0,0.0,0.0,0.0,0.0,0.0,0.0,0.0,0.0,0.0,0.0,0.0,0.0,0.0,0.0,0.0,0.0,0.0,0.0,0.0,0.0,0.0,0.0,0.0,0.0,0.0,0.0,0.0,0.0,0.0,0.0,0.0,0.0,0.0,0.0,0.0,0.0,0.0,0.0,0.0,0.0,0.0,0.0,0.0,0.0,0.0,0.0,0.0,0.0,0.0,0.0,0.0,0.0,0.0,0.0,0.0,0.0,0.0,0.0,0.0,0.0,0.0,0.0,0.0,0.0,0.0,0.0,0.0,0.0,0.0,0.0,0.0,0.0,0.0,0.0,0.0,0.0,0.0,0.0,0.0
Water Consumption Blue - Total,9.757318813974699,39.47899401102602,168.14726571187776,447.8840739349711,26.87827296579858,14.186833343412186,20.704349579740054,54.401907907910804,196.435646990649,37.74618986273738,144.27215955714553,105.25752877020106,6.933384466778169,22.524965420689746,0.1037872284884251,0.0,0.0,32.77117452111918,27.035341551716776,0.0,0.0,0.059550227549408113,0.0,0.006635479440881672,0.0,0.0,0.0,0.0005577351315380594,0.10311400160918202,3.919246317852444e-10,0.0,0.0,0.0,0.0,0.0,0.0004434358782414318,0.0,0.0,1.0848017251317969e-05,0.0315828953841003,0.04550602398281573,0.09502640341066983,383.07410541926845,55.66974133201963,200.6091818733285,556.3568352441035,8.902706167933307,117.39260820615776,0.3219122054112105,13.573190187118412,461.6082525312094,478.3007391629382,17.091419920542275,2.22197924758228,78.23106338750823,51.73205962850098,19.97143821262652,5.603967996767523,0.0,0.010846480088295831,0.0,16.093963870461575,25.554820343730356,0.00412346818382258,0.0,0.00021514933253390504,49.160493817300804,0.010899302384855968,0.0,0.3482273050784151,0.061189459497022765,25.118361617785204,1.0862423282227296,0.0,1.083055441000076,0.0,0.0,0.1620703463865353,0.03565277889530505,0.013573526810023384,0.5205303192296753,0.0007506135137527076,0.00923533544349927,0.012424324501272333,1.9922748014235339,123.54934525965938,0.0,3.1841426111705204,0.3872084540257141,112.10994556294689,0.0,0.12683395650679144,1.298276037559757,1.4970949746482072,0.0,17.099896209062003,1.1502737944487311,0.0,3.9218459616246677,0.08136201558976722,0.3799705909807902,0.0,2.934022257274479,2.092545482680442,0.0,0.019076763374905235,0.0,0.7855600835341056,0.0,0.2992450682428057,0.0,0.1910308285103,0.0,0.1632635820591929,0.0,0.33543994062131305,66.22609044828059,127.82371837617295,2.067566478341415,47.5175285568244,25.37149840577115,33.431551424188285,327.6544628405576,109.8895209803402,48.96009962179823,0.0,0.0,8.726068596692661,8.367915233402046,68.28575971059028,9.971278506896288,0.0005353685792157746,1.666283223404151,2.813107916071922,7.406425731130803e-06,0.0,0.03632985024436236,0.0,1.741936984699877,20.61767743985619,73.85416989609375,4.628821734668213e-08,7.890699687242412e-10,6.43134775104072e-11,0.0,2.7530366522366273e-09,0.0,0.0,7.748841576833827,766.669736069688,0.0,18.219546750075576,2.087392301011622,9.148790843608428,2.790555292461008,484.0685101042233,15.54529374120647,28.96937876437363,1.327498263555311,14.92689770697835,1.4526258530458795,46.625416269737855,18.31160858764895,53.6974353089173,16.093371646619563,56.61719649063655,0.3451193702674706,154.3717766484303,7.508584490081819,66.65910473726069,27.20403025707256,128.32909423402444,267.6028509158452,145.0077839256278,278.7692411228656,1.4683307021853382,1.5104815031531102,0.6489641582664181,1.6444593246286148,0.29904815519637995,0.3874370871517758,1.651075999765753,0.12246334130512943,0.010750737047903651,1.2410016024173514,0.897717309142174,0.14268251506674737,0.5939133722490718,1.1293936598048657,0.9273153491199613,0.6278430672425064,0.22104049465478956,2.2927527478474974,0.11919865524904869,0.31763275741598995,61.022021094495,273.55389313625204,36.77034666311998,0.10916050820490865,0.0
Water Withdrawal Blue - Manufacturing,0.01380984865807321,13.590700342764547,2.7334753117793245,40.114178213546666,12.12604632297138,3.561970956009789,0.3963902161998095,4.363980918618865,11.614015598488871,4.170501073272391,49.85304507554022,17.135241221040946,0.9256097814908613,4.640084215982589,0.10255707890423103,0.0,0.0,9.672859813176167,26.50348977415653,0.0,0.0,0.014488232520818795,0.0,0.0016155731362645525,0.0,0.0,0.0,0.00020684685067094878,0.034229224416668334,1.3010140200593902e-10,0.0,0.0,0.0,0.0,0.0,0.00025303338838062313,0.0,0.0,2.267836460331816e-06,0.028271554385516103,0.03799697878996727,0.0894782106954613,48.58306215542388,19.947400586885383,153.2956792016159,464.4148349494269,35.414762821840185,60.34285609415512,1.006026445995874,21.674265448636994,183.9865955795998,89.51862008153356,16.343172995447652,1.5180963631569064,150.36818933580975,93.6374770286617,73.44211764233005,3.833608459959572,0.0,0.01460746200623336,0.0,34.74279673414432,24.683999051897104,0.0031388966245010108,0.0,0.00016377754927364739,31.614220235327743,0.007009143302889395,0.0,0.22393865195124135,0.03934982947503998,16.153161908552715,0.6985427022151511,0.0,0.6964932729539937,0.0,0.0,0.10422449463834745,0.022927654229562517,0.008728888435030082,0.33474358928227604,0.000482705910635912,0.005939076400309943,0.007989857313438358,4.947139849732008,171.99843752523023,0.0,20.04653420233898,1.9806751004157506,91.54881657723253,0.0,0.09080264351911185,0.9294569153047197,1.0717953817565742,0.0,15.260809063078684,3.1636207691065934,0.0,4.836826700779482,0.3383698621070773,0.9274817448901406,0.0,3.115910084209802,5.242368744878836,0.0,0.010932605884411743,0.0,0.6058816006660441,0.0,1.2928601164983544,0.0,0.2684629729052719,0.0,0.09572222976699886,0.0,0.4141692755543203,89.09397431442841,150.44974250288624,1.332452806335659,57.80333091136759,26.798311786187305,38.2777339506506,414.34790016444856,123.4439488186319,45.05319794364585,0.0,0.0,6.674607177915369,4.832144833061481,30.971759115254848,11.453926926819662,0.0006233344967762934,0.8759924438209957,1.4877679972611078,3.187565973890997e-06,0.0,0.022036376223784345,0.0,1.0911614940227274,17.832571330892552,42.508517209469645,2.2452117310245738e-08,3.8268929170612737e-10,2.8534699420788424e-11,0.0,1.3351669676515852e-09,0.0,0.0,7.35127417985408,1041.8722761957972,0.0,16.934701156636507,2.310185091565494,4.772705608429245,1.5306625149104442,156.17712396933862,9.822298974142607,17.358915537383183,1.3977016796633392,6.235358363088826,0.9739264660626566,25.849749777870006,11.550073197867512,40.11098421753297,7.909342408697423,28.65104672979256,0.1779224010701809,81.8832555999594,5.397118693699296,38.08231837377067,20.71583560603812,73.64400898044944,175.97395115330832,64.59317584421039,154.07057791579862,0.9539517377375429,0.976931318490276,0.39702251030847263,1.1140564761350211,0.1864311366377695,0.24356031411688311,1.0949588774281485,0.07911625466497561,0.006955921845984452,0.8071477587891532,0.5886721707367545,0.028545443693453975,0.345971742285169,0.6573939893495513,0.5617035391878163,0.37671629431893766,0.11269022368292139,1.5397799487935062,0.06573394845730861,0.19625480695494674,59.047373929131815,150.61870469121524,8.098594512937252,0.03248548834952005,0.0
Water Withdrawal Blue - Electricity,0.00034574650782545917,5.9861761190953775,1.0783536992963962,19.659312080672986,2.0058916216894325,0.6091552829754517,0.030238287350143913,0.887026324241402,2.9121552074755663,1.222593268890212,6.920915327474381,3.0806939241651476,0.20754975924141403,0.8440775460871738,0.010562029951789693,0.0,0.0,4.553516785488769,6.385272294285631,0.0,0.0,0.015482427428248652,0.0,0.0017256356360060936,0.0,0.0,0.0,0.0001975633243476355,0.03411556768459962,1.296694056507323e-10,0.0,0.0,0.0,0.0,0.0,0.0002479756361359635,0.0,0.0,3.201499191166041e-06,0.011663887008323751,0.01764731782619595,0.03973309766266077,11.04532884015138,3.078024912815355,16.333793164168327,39.39693674861492,0.20249492912390787,9.917042341229639,0.024583302085118854,0.5357809284170406,24.839841030183056,35.05803846570173,0.8811243185635277,0.4376561312682011,17.409340626329943,13.365495414151175,1.8877187730363643,2.6387001019259,0.0,0.005897267117941297,0.0,6.255998460768201,11.612200680231393,0.012299693798042695,0.0,0.0006417585374860643,58.54136718215044,0.012979122327623811,0.0,0.4146765206469912,0.07286571671564243,29.911482092625057,1.2935205903668494,0.0,1.2897255769204259,0.0,0.0,0.1929968338481879,0.042456091432498025,0.016163645953098583,0.6198586340632395,0.000893846621715934,0.01099763491509011,0.014795151271714926,0.6807456991458178,44.29815853056976,0.0,0.0015186208155439675,0.03179903640011573,34.94696763740873,0.0,0.040263351067182866,0.4121366032926554,0.4752516091680736,0.0,6.369249948001304,0.37843095250287306,0.0,2.024182558608186,0.01677552436606834,0.1774811054117886,0.0,1.138608828638712,1.3901316365710124,0.0,0.009804463751879912,0.0,0.773914649106948,0.0,0.08503281524867744,0.0,0.27689449315802594,0.0,0.16559516137939245,0.0,0.3500423206118696,59.956265991950005,95.93927413499546,0.9594108124610657,37.450478638529674,17.066022741266885,27.500309011511305,231.7135791172027,86.14913321539623,23.392596594830344,0.0,0.0,6.184797626356031,3.088915280634567,78.35456504188477,2.1431773627603325,0.00011978366245377035,1.5706654225988135,1.5778886271254473,5.034046963644723e-06,0.0,0.009089825782560264,0.0,0.42948869648916915,7.752261682324052,30.03422817839521,1.094496896106556e-08,1.8652262017669512e-10,1.6543527726448938e-11,0.0,6.507495640616684e-10,0.0,0.0,4.391123894306674,528.522958816809,0.0,12.470094375690412,0.6691409205265418,4.107883001206577,1.2883263486489438,58.36305278838698,11.986029451314579,16.757339982707943,1.164634498799656,9.640544909456745,0.7404344390255101,22.10287317391392,7.689624972762888,24.027069248410786,6.137542496180888,21.172608481920438,0.12506291271290143,64.22448450959918,2.93842530435135,24.75687394947496,10.922549674660866,50.9198527600818,114.08390473209862,37.45247536803705,82.34422897020583,0.5874653109842127,0.6074792025863498,0.26382922871919884,0.6953798489144973,0.12366877694541523,0.15967262515600164,0.6785361208970839,0.053844517511902085,0.004930464880489835,0.5149677261392661,0.3946731905790454,0.030078099673332324,0.23058033525453045,0.42366275018303196,0.36045400103142505,0.2447072826479975,0.08001991161832767,0.945273235325085,0.04603180223719217,0.12839989803159368,15.555935842788712,86.05301081704896,7.930882874023286,0.039426790176251086,0.0
Water Withdrawal Blue - Domestic,0.0,0.0,0.0,0.0,0.0,0.0,0.0,0.0,0.0,0.0,0.0,0.0,0.0,0.0,0.0,0.0,0.0,0.0,0.0,0.0,0.0,0.0,0.0,0.0,0.0,0.0,0.0,0.0,0.0,0.0,0.0,0.0,0.0,0.0,0.0,0.0,0.0,0.0,0.0,0.0,0.0,0.0,0.0,0.0,0.0,0.0,0.0,0.0,0.0,0.0,0.0,0.0,0.0,0.0,0.0,0.0,0.0,0.0,0.0,0.0,0.0,0.0,0.0,0.0,0.0,0.0,0.0,0.0,0.0,0.0,0.0,0.0,0.0,0.0,0.0,0.0,0.0,0.0,0.0,0.0,0.0,0.0,0.0,0.0,0.0,0.0,0.0,0.0,0.0,0.0,0.0,0.0,0.0,0.0,0.0,0.0,0.0,0.0,0.0,0.0,0.0,0.0,0.0,0.0,0.0,0.0,0.0,0.0,0.0,0.0,0.0,0.0,0.0,0.0,0.0,0.0,0.0,0.0,0.0,0.0,0.0,0.0,0.0,0.0,0.0,0.0,0.0,0.0,0.0,0.0,0.0,0.0,0.0,0.0,0.0,0.0,0.0,0.0,0.0,0.0,0.0,0.0,0.0,0.0,0.0,0.0,0.0,0.0,0.0,0.0,0.0,0.0,0.0,0.0,0.0,0.0,0.0,0.0,0.0,0.0,0.0,0.0,0.0,0.0,0.0,0.0,0.0,0.0,0.0,0.0,0.0,0.0,0.0,0.0,0.0,0.0,0.0,0.0,0.0,0.0,0.0,0.0,0.0,0.0,0.0,0.0,0.0,0.0,0.0,0.0,0.0,0.0,0.0,0.0,0.0,0.0,0.0,0.0,0.0,0.0
Water Withdrawal Blue - Total,0.014155595165868303,19.576876461895893,3.811829011085082,59.773490294219656,14.131937944708039,4.171126238985241,0.4266285035485678,5.251007242855608,14.526170805964439,5.393094342162603,56.77396040262399,20.21593514517733,1.1331595407309412,5.484161762069762,0.1131191088561268,0.0,0.0,14.226376598664936,32.88876206851539,0.0,0.0,0.029970659949067446,0.0,0.0033412087722706463,0.0,0.0,0.0,0.00040441017501900137,0.06834479210130627,2.5977080765681695e-10,0.0,0.0,0.0,0.0,0.0,0.0005010090245184686,0.0,0.0,5.469335651497857e-06,0.03993544139383985,0.05564429661616323,0.12921130835812208,59.628390995575266,23.025425499675993,169.62947236683857,503.81177169870756,35.61725775099023,70.25989843557944,1.0306097480889633,22.210046377085884,208.82643660899643,124.5766585472353,17.224297314042047,1.9557524944265419,167.77752996206723,107.0029724420869,75.32983641539302,6.472308561885472,0.0,0.020504729124174656,0.0,40.99879519499723,36.29619973212849,0.015438590422530669,0.0,0.0008055360867590315,90.15558741747819,0.019988265630513206,0.0,0.6386151725982325,0.11221554619068243,46.064644001177776,1.9920632925820008,0.0,1.9862188498744198,0.0,0.0,0.2972213284865354,0.06538374566206054,0.02489253438812867,0.9546022233455156,0.001376552532351846,0.016936711315400057,0.022785008585153286,5.627885548884484,216.2965960559366,0.0,20.048052823149916,2.0124741368164347,126.49578421464126,0.0,0.13106599458613122,1.3415935185957013,1.5470469909265776,0.0,21.630059011079986,3.54205172160257,0.0,6.861009259387667,0.3551453864728673,1.1049628503005438,0.0,4.254518912848514,6.6325003814444505,0.0,0.020737069636291655,0.0,1.3797962497779146,0.0,1.3778929317485775,0.0,0.5453574660639307,0.0,0.26131739114639135,0.0,0.7642115961661898,149.05024030619276,246.38901663788172,2.2918636188062225,95.25380954973679,43.86433452745418,65.7780429621619,646.0614792816513,209.59308203402813,68.44579453847619,0.0,0.0,12.859404804210921,7.921060113696047,109.32632415713962,13.597104289598693,0.0007431181592292662,2.4466578664221568,3.065656624386555,8.221612937522397e-06,0.0,0.031126202006332305,0.0,1.5206501905118965,25.584833013248048,72.5427453879866,3.3397086271311296e-08,5.692119118828225e-10,4.507822714729908e-11,0.0,1.9859165317103396e-09,0.0,0.0,11.742398074190593,1570.3952350126065,0.0,29.404795532326915,2.9793260120941745,8.880588609616375,2.818988863569222,214.54017675772562,21.808328425457187,34.11625552009113,2.5623361784553853,15.875903272567047,1.7143609050911306,47.952622951736956,19.23969817065479,64.1380534660629,14.046884904878311,49.823655211712996,0.30298531378379534,146.10774010955856,8.335543998010909,62.839192323428186,31.638385280684584,124.56386174105975,290.0578558849801,102.04565121224745,236.41480688631495,1.541417048717509,1.5844105210799646,0.6608517390266533,1.809436325050844,0.3100999135826734,0.4032329392728848,1.7734949983264996,0.13296077217674707,0.011886386726486332,1.3221154849316326,0.9833453613157999,0.0586235433667863,0.5765520775396995,1.0810567395345614,0.9221575402192415,0.6214235769660006,0.19271013530139955,2.4850531841130366,0.111765750695003,0.3246547049854203,74.60330977200572,236.67171550854178,16.029477386887088,0.07191227852577113,0.0
"Carbon dioxide (CO2) IPCC categories 1 to 4 and 6 to 7 (excl land use, land use change and forestry)",0.3954574753209594,1766.6946733737939,282.7703881611329,2142.981017066661,543.790219170513,102.67499457772323,5.937515017712053,100.63542991220588,595.6014576941988,174.66203033593155,1217.1056679628714,595.0254807189002,40.71937707749262,150.59034444411628,489.5373448123666,0.0,0.0,687.0693113082078,802.8812270840457,0.0,0.0,19.85764136099028,0.0,2.2118580640732386,0.0,0.0,0.0,0.054694938649500785,102.80977266359686,3.9076830518382583e-07,0.0,0.0,0.0,0.0,0.0,0.4753727928851264,0.0,0.0,0.000982163090745951,2.6531540127303237,2.6818758616333023,4.223939566551272,2102.0648796723403,570.38935921097,2194.5653679241987,4195.800374745774,27.963627106510277,1582.3879443541666,7.383508274743798,121.80145943670956,3679.2526768092443,4706.326416631363,123.00701788342876,114.40043078694758,1387.0285631791407,1179.5745589833555,157.70130551958033,256.20595452034325,0.0,0.8858490104182029,0.0,476.84749179176754,1174.6817286187127,14.853092686560938,0.0,0.7749867189476638,7122.329722430817,1.5790816451903347,0.0,50.45087007964296,8.865075777863234,3639.126453997536,157.37384684000935,0.0,156.91213341826247,0.0,0.0,23.480611285714037,5.165343737586976,1.9665208058870989,75.41398175508957,0.10874824417535701,1.3380073872781604,1.800025378024954,92.71144478695096,7642.171987106215,0.0,1.239987972383966,17.99402145080756,4172.201263799461,0.0,4.806453011878701,49.198999664103006,56.73336612066843,0.0,545.2159470758088,75.9842885992762,0.0,474.8515930718588,7.203364855154983,124.94077326845762,0.0,369.38735137053897,295.8177656120521,0.0,3.1309156777051617,0.0,41.77105901248913,0.0,12.955202576341852,0.0,33.90862695403388,0.0,13.579919724521268,0.0,36.75748467665608,3592.9130821103945,5827.223327747781,129.5272011543127,2541.8607984687255,1572.2070586888688,2924.444163336129,16218.86885001621,5813.65176502479,2376.7125204162694,0.0,0.0,5208.795389660254,2261.2362586145223,3300.3305431377853,365.2623226673655,0.07713521111817832,306.87068964089946,150.18950946428419,0.003177746936719385,0.0,2.3007429427837836,0.0,99.72320967536562,2080.1758636216177,8167.991377255261,2.5444438197342e-06,4.337562690304026e-08,2.743467869743045e-09,0.0,1.5133565730803864e-07,0.0,0.0,574.6844757444798,57808.04386037604,0.0,1380.2837976515832,179.2792482463665,815.716232626779,217.05748417538044,7478.864730155003,17061.973515538513,2993.892781857719,1615.2183007598674,5217.441567405895,6190.0074547756,27935.65745036696,5146.122582847621,3192.7255957788952,1265.98142678052,3251.359932541128,19.523872027009148,8936.52952523267,406.7106853558361,3388.6125707189035,1367.9985530824863,6321.994551662825,14098.387581819381,6185.949814271543,10830.494209311233,109.5353210342372,117.00139761428774,365.7920322771692,924.707056923393,190.45314897772155,32.910727609356336,220.56546142448082,11.25483347306476,1.1656567991514337,93.8143321125886,659.0159463632787,2.031093958180789,41.40405860837117,86.7501727321427,109.3568970241611,61.87007552771774,15.262817072829778,202.41277643743211,9.797389863125096,26.80900860651416,2067.3819704114917,12270.08314218199,511.65698414785135,41.93763598966394,0.0
"Methane (CH4) IPCC categories 1 to 4 and 6 to 7 (excl land use, land use change and forestry)",0.003635698973108602,13.261330426532643,3.2404707764106466,16.68575278424802,7.446779970860288,1.3926627600179424,0.2639625149711109,1.5585914606126379,182.8320443610708,9.956361122326303,29.05515672688116,153.1016841803453,10.933594796373407,33.16429930081491,0.3371941629710592,0.0,0.0,5.296468898051824,8.374918473463977,0.0,0.0,0.023962962193481742,0.0,0.0026707122525623846,0.0,0.0,0.0,0.016721008351958486,1.854808193514563,7.049915928295471e-09,0.0,0.0,0.0,0.0,0.0,0.0007603845004856533,0.0,0.0,1.029113132462133e-05,0.014577356395988325,0.01951913240323228,0.037643897161985886,337.19285414631594,14.876009928402627,46.81255361081304,154.88977048445298,0.8913705792586541,136.18466800450182,0.03013612623683703,1.1336175491639309,118.62229775830006,76.53120040759195,4.602606120956896,0.5381539386002795,16.7184889128119,12.400415417367274,3.7229752500246582,2.501170186698879,0.0,0.012633063629430097,0.0,5.180558667753688,9.748488196427033,0.07156890582596148,0.0,0.0037342357519381214,304.5662880332011,0.06752495379369411,0.0,2.1573887785730728,0.3790899008044726,155.61695104015453,6.729647490256636,0.0,6.709903621031359,0.0,0.0,1.004081936041595,0.2208813154933936,0.08409270040602378,3.2248656391119717,0.004650310849622891,0.05721610227453486,0.0769729940298288,1.1021604633794784,82.87615541568537,0.0,0.003926121972294332,0.03734764790087118,37.32510472981796,0.0,0.0429914668134364,0.44006276446142145,0.5074538645277784,0.0,5.726537615056877,0.40319151757208915,0.0,2.986786198449061,0.02422230347705734,0.23649365634516087,0.0,1.6072869102062155,3.0219150000563784,0.0,0.03257175596260111,0.0,0.33127676464060213,0.0,0.11592246923040951,0.0,0.340103727327814,0.0,0.11202123616151263,0.0,0.49099326818561595,35.35383282968466,54.821423700595915,0.771693812885358,21.608692753524988,11.292130194405361,15.425479414568933,148.1035116787908,50.73666386433973,17.53625821900041,0.0,0.0,18.68285721055496,7.395396184994538,20.53308260600927,2.5861590170579642,0.00016544850987602877,2.411714427225995,0.9138948057764702,7.770185592998694e-06,0.0,0.014308766779573443,0.0,0.6765123158598739,15.025256845569194,58.948802416683726,1.4735417967295562e-08,2.51098949587156e-10,3.922679830003389e-11,0.0,8.760469274083702e-10,0.0,0.0,8.610494647677735,419.6409591712833,0.0,13.317793613759425,0.7349324282634995,5.752229705165448,2.708472171764139,193.32199757191367,16.829269618765604,40.807589758209645,1.106584516826136,7.843315181238383,1.0801648359031664,48.998876696571564,9.49422030743573,30.656554601500222,7.009000695524442,26.39361924980817,0.15352212339810764,95.00869092749997,3.68447355279058,32.29711914470241,13.685013328791243,72.39826960886083,170.657684931117,72.73843890594534,120.87474375246379,2.28259798330925,2.402408798107195,1.1252876019698994,2.8503324444050455,0.537947654065098,0.6650141684060484,2.5897294451491417,0.24118048490892122,0.021265500359306657,2.122912143831632,1.4419043931896998,0.03975697293925064,0.8083146186517033,1.572441767867312,109.00950951253617,44.90310197648031,3.0888298236205376,3.7334375501421357,2.25196185954754,6.6513171451171145,21.93484964590888,132.8196351137496,9.186358532942828,0.09680349993526925,0.0
"Nitrous Oxide (N2O) IPCC categories 1 to 4 and 6 to 7 (excl land use, land use change and forestry)",7.020960346220855e-06,0.041226704615688815,0.006175064316257535,0.046366745418817155,0.012215587091850876,0.0021223107646545112,0.00011299028894932748,0.0020075841092196778,0.012976776715963447,0.006683139149599562,0.03327505671103987,0.01388334454119138,0.0009437971633208628,0.003772481582826813,0.0024815076528273577,0.0,0.0,0.06835185549116818,0.019197771166635576,0.0,0.0,0.0003966431359905115,0.0,4.418037482447481e-05,0.0,0.0,0.0,1.7253801131131287e-06,0.000801057748033116,3.0447297949270935e-12,0.0,0.0,0.0,0.0,0.0,2.362643379841935e-05,0.0,0.0,9.14256646800337e-09,4.4346900646449725e-05,7.138077060837744e-05,0.00010514505135921352,0.04330256981576346,0.012300875929782162,0.04903117963266812,0.09610891521078643,0.0005487330062619224,0.02956807559829963,6.71660624965042e-05,0.0020380403508035473,0.07120932457813044,0.09022811505117896,0.002718676076765475,0.0011174551412849985,0.02876630035068635,0.022500107782728436,0.004126369752517073,0.01697037756015815,0.0,5.951602186493829e-05,0.0,0.039222198015509316,0.029143989563229635,8.42826289378663e-05,0.0,4.3975971176816824e-06,0.07390472198623077,1.638531081312004e-05,0.0,0.0005235025155828482,9.198829424123194e-05,0.03776132801075824,0.001632986796424616,0.0,0.001628195835571256,0.0,0.0,0.00024364612653746565,5.359809315371019e-05,2.0405566560360566e-05,0.0007825317787231102,1.1284241054015071e-06,1.3883808800702414e-05,1.867792982759277e-05,0.002629445489351154,0.12253507663230867,0.0,1.0136307546951972e-05,0.00013701698084789653,0.06415422923265306,0.0,7.389759805369324e-05,0.0007564185059342543,0.0008722567124677442,0.0,0.010720713864747728,0.0013362522542242064,0.0,0.008077124634294124,0.00011651482726522104,0.0007011396023964519,0.0,0.00661468636490432,0.008169350869439545,0.0,0.000468825836545084,0.0,0.0009071346543438519,0.0,0.0004263558272890245,0.0,0.0012330859694106946,0.0,0.0002913088054608118,0.0,0.0008254770544031151,0.07234198951543815,0.11832772666548091,0.0036252156438866916,0.056202581616517595,0.03808107757417071,0.08584075941439459,0.3453034627618803,0.13102516412655157,0.10791625084970623,0.0,0.0,0.10166087074357702,0.007509480644465648,0.02842856874057029,0.003916107828955377,2.8239157278185203e-06,0.003026996211636249,0.0013717115488850813,3.199139266731199e-07,0.0,1.9672310877266123e-05,0.0,0.0007733495689885512,0.020937842979025668,0.08068062038797787,1.750616147781064e-11,2.9822828101009773e-13,5.05974138552861e-14,0.0,1.0404497390990445e-12,0.0,0.0,0.011186299150370562,0.9679813325437563,0.0,0.02561815896579808,0.0057554842606780746,0.015005460163604486,0.004010419889105587,0.1475528465571457,0.6077901634826651,0.06331293669289571,0.05685803578221327,0.0470883852554913,0.23965273748217072,1.3993985851381872,0.17227612398685188,0.05378608747550967,0.03547792214496583,0.09029629068151879,0.000647648976814246,0.18871157383136483,0.007987709277833672,0.0695151573584259,0.03133895328651513,0.14348999687804478,0.2802783391104214,0.11409588716255452,0.17977696076050126,0.026273005828711168,0.028185028134521676,0.015743429787795377,0.040274082899938515,0.00845842680366185,0.008402648147439878,0.003340713949123067,0.0003254573861603896,3.381135163900254e-05,0.0027331729840263355,0.001829368609157969,5.4022101424823264e-05,0.001026237266492675,0.0018203686855561446,0.0016945212343890534,0.0012001280991827488,0.0004039351445500028,0.004759209620817097,0.00025256822509242815,0.0006979766677251663,0.03600695377646796,0.21463195211746744,0.010920274418302381,0.00013726409973180534,0.0
"Carbon dioxide (CO2) CO2EQ IPCC categories 1 to 4 and 6 to 7 (excl land use, land use change and forestry)",0.3954574753209594,1766.6946733737939,282.7703881611329,2142.981017066661,543.790219170513,102.67499457772323,5.937515017712053,100.63542991220588,595.6014576941988,174.66203033593155,1217.1056679628714,595.0254807189002,40.71937707749262,150.59034444411628,489.5373448123666,0.0,0.0,687.0693113082078,802.8812270840457,0.0,0.0,19.85764136099028,0.0,2.2118580640732386,0.0,0.0,0.0,0.054694938649500785,102.80977266359686,3.9076830518382583e-07,0.0,0.0,0.0,0.0,0.0,0.4753727928851264,0.0,0.0,0.000982163090745951,2.6531540127303237,2.6818758616333023,4.223939566551272,2102.0648796723403,570.38935921097,2194.5653679241987,4195.800374745774,27.963627106510277,1582.3879443541666,7.383508274743798,121.80145943670956,3679.2526768092443,4706.326416631363,123.00701788342876,114.40043078694758,1387.0285631791407,1179.5745589833555,157.70130551958033,256.20595452034325,0.0,0.8858490104182029,0.0,476.84749179176754,1174.6817286187127,14.853092686560938,0.0,0.7749867189476638,7122.329722430817,1.5790816451903347,0.0,50.45087007964296,8.865075777863234,3639.126453997536,157.37384684000935,0.0,156.91213341826247,0.0,0.0,23.480611285714037,5.165343737586976,1.9665208058870989,75.41398175508957,0.10874824417535701,1.3380073872781604,1.800025378024954,92.71144478695096,7642.171987106215,0.0,1.239987972383966,17.99402145080756,4172.201263799461,0.0,4.806453011878701,49.198999664103006,56.73336612066843,0.0,545.2159470758088,75.9842885992762,0.0,474.8515930718588,7.203364855154983,124.94077326845762,0.0,369.38735137053897,295.8177656120521,0.0,3.1309156777051617,0.0,41.77105901248913,0.0,12.955202576341852,0.0,33.90862695403388,0.0,13.579919724521268,0.0,36.75748467665608,3592.9130821103945,5827.223327747781,129.5272011543127,2541.8607984687255,1572.2070586888688,2924.444163336129,16218.86885001621,5813.65176502479,2376.7125204162694,0.0,0.0,5208.795389660254,2261.2362586145223,3300.3305431377853,365.2623226673655,0.07713521111817832,306.87068964089946,150.18950946428419,0.003177746936719385,0.0,2.3007429427837836,0.0,99.72320967536562,2080.1758636216177,8167.991377255261,2.5444438197342e-06,4.337562690304026e-08,2.743467869743045e-09,0.0,1.5133565730803864e-07,0.0,0.0,574.6844757444798,57808.04386037604,0.0,1380.2837976515832,179.2792482463665,815.716232626779,217.05748417538044,7478.864730155003,17061.973515538513,2993.892781857719,1615.2183007598674,5217.441567405895,6190.0074547756,27935.65745036696,5146.122582847621,3192.7255957788952,1265.98142678052,3251.359932541128,19.523872027009148,8936.52952523267,406.7106853558361,3388.6125707189035,1367.9985530824863,6321.994551662825,14098.387581819381,6185.949814271543,10830.494209311233,109.5353210342372,117.00139761428774,365.7920322771692,924.707056923393,190.45314897772155,32.910727609356336,220.56546142448082,11.25483347306476,1.1656567991514337,93.8143321125886,659.0159463632787,2.031093958180789,41.40405860837117,86.7501727321427,109.3568970241611,61.87007552771774,15.262817072829778,202.41277643743211,9.797389863125096,26.80900860651416,2067.3819704114917,12270.08314218199,511.65698414785135,41.93763598966394,0.0
"Methane (CH4) CO2EQ IPCC categories 1 to 4 and 6 to 7 (excl land use, land use change and forestry)",0.012872597236123424,179.67343761903513,26.989794010863484,376.00598868975266,75.69171132360988,23.28996289793523,0.6685760018363163,34.95178267411389,4423.645834856462,226.90447970474185,630.0211731649017,3691.2732174214507,264.2836268839348,807.4165418559438,8.412282533446536,0.0,0.0,130.10998330493902,204.48713635037615,0.0,0.0,0.5850719467397425,0.0,0.06520767499014672,0.0,0.0,0.0,0.4178865004878276,46.34739285240474,1.7616119243538178e-07,0.0,0.0,0.0,0.0,0.0,0.018897232729111074,0.0,0.0,0.00024933438949651835,0.3574984346525683,0.47910735706273627,0.922010474164846,8156.01819085652,343.98206399970354,1092.9742385633342,3660.702845940851,20.742134197441466,3313.709929766756,0.7367186437531916,19.948830819631407,2777.2421562300424,1767.4108405572943,106.72324953731798,13.149536076917062,409.13938923520135,303.8400197113278,90.51545153872124,61.63217893053886,0.0,0.31429788259471153,0.0,127.44113254913147,240.0360280565205,1.7884949432391954,0.0,0.0933179246229726,7603.7151198505035,1.6858087460865574,0.0,53.860753207449584,9.46425039088167,3885.088435655553,168.01046072238972,0.0,167.51754091170463,0.0,0.0,25.067623366831775,5.514459952739158,2.099434384799482,80.51107618626396,0.1160983349436778,1.4284408979562726,1.9216858251305342,27.264886500350666,2050.2921149768754,0.0,0.09771772010334623,0.9204995262141451,915.7578088976843,0.0,1.054780917287021,10.796788649026135,12.45020640527169,0.0,140.92834848956812,9.967514646048253,0.0,74.08249181530908,0.6001060360268803,5.871418779585802,0.0,39.755902215274354,75.31452504899202,0.0,0.8109810458197223,0.0,8.182824794370235,0.0,2.874090483118165,0.0,8.472850922672261,0.0,2.7690564494906718,0.0,12.22844911412665,876.0403143460927,1353.884538025518,18.934078173841492,533.8788185815863,278.3190002602014,380.70008775026224,3660.249515444955,1248.0512344315878,431.3199800953969,0.0,0.0,465.95665167613214,183.8634060154497,505.93454741174224,63.57729306587756,0.00407749170189729,60.08517445556109,22.509797442577252,0.00019236744126740162,0.0,0.3534147165847305,0.0,16.706091395770674,373.25355743748725,1464.6987254984447,3.6296994728121334e-07,6.1851846972201816e-09,9.611489521412737e-10,0.0,2.1579181592270595e-08,0.0,0.0,214.05355341801993,10371.464205321727,0.0,329.93088328538437,17.971313071689913,141.85179375151958,67.06933275735813,4647.2850464055355,417.2864811388685,1014.5030293763581,27.23657037426891,191.05280686475373,26.685296176412088,1214.6328138832453,233.52857867997767,755.3023531194412,171.80167530984946,647.8618675743553,3.767541925613075,2334.0310426293213,90.40829166970431,792.7740095989344,335.85719295073784,1779.3496928493107,4210.535109923834,1774.5528129087504,2948.8524491262533,56.81898270039449,59.80501803592576,28.014999105781765,70.97191711328846,13.39481366877514,16.55609324238837,64.4640243389186,6.0051718777529794,0.5294435880796086,52.842843799994476,35.89351464073335,0.9655949924112347,20.1040885001812,39.11870423204502,2725.0703756835646,1122.460572826137,77.17766320138819,92.92462788414596,56.275604717410104,166.2229843501814,536.2068054965995,3255.695188875308,222.34401870882954,2.3939322271184538,0.0
"Nitrous Oxide (N2O) CO2EQ IPCC categories 1 to 4 and 6 to 7 (excl land use, land use change and forestry)",0.9320891811131033,1822.4546486662537,645.7821159268146,504.1802346571867,1320.535477292485,138.02959334994432,70.7250746257509,48.43326585153347,1757.957947263044,264.2857918301176,1158.5002873648662,1628.4623707650028,108.23166841330483,259.6802122370442,0.9489420473623075,0.0,0.0,47.80558355733624,63.95997559927554,0.0,0.0,0.28510478305134607,0.0,0.031762517078816194,0.0,0.0,0.0,0.0021675663493390496,0.5106340773162196,1.9408622747328163e-09,0.0,0.0,0.0,0.0,0.0,0.00838024428566128,0.0,0.0,9.741569673033994e-05,0.09588624132487919,0.1270132296294114,0.2588497275339302,3276.6378668301045,336.45041680834845,936.4993438684505,2550.214137442585,18.5457154215253,1092.4199890728744,0.21889487168049687,100.635302304657,2265.938608375092,1765.6484803228639,100.24565503021638,3.9604052979984226,113.74053384025643,80.25579153315441,31.732100354652047,15.750315300931925,0.0,0.035957975553129136,0.0,36.39639801327918,52.50493699019659,0.033790436149629025,0.0,0.0017630765148715492,146.49321239188282,0.03247879979603436,0.0,1.0376815325823927,0.18233829206284202,74.85013265142264,3.23689035138939,0.0,3.2273937555173853,0.0,0.0,0.48295295334944627,0.106241612114203,0.040447713041808206,1.5511267835741824,0.0022367510435929022,0.027520349188477577,0.03702320844144054,4.229945758498959,294.12775620483933,0.0,0.008209743763899506,0.19807578228695338,226.1660877344376,0.0,0.2604900605495294,2.6663958279475115,3.0747237785059,0.0,29.83706803130077,1.7365008276018865,0.0,9.405967838855318,0.09970390523922196,0.6967373397653116,0.0,7.052321372681584,5.215997991755614,0.0,0.17919931001517478,0.0,1.4515304408269798,0.0,0.41279130838935957,0.0,0.7219873639773156,0.0,0.46198552225389156,0.0,0.7988726411001152,114.59954911411634,233.74223212464963,5.350858668721527,92.30329236445756,58.84047594867386,84.4283658682642,607.5726880960166,281.8006160654955,116.6298292630576,0.0,0.0,43.5831002330435,14.414088656289762,96.59052493590569,14.001053867909768,0.0015414817431554679,3.377664669755018,4.432636647622936,0.00011782975694791964,0.0,0.05717142728191764,0.0,2.694518860307935,34.583612544205614,131.577137154267,6.976961879056559e-08,1.1889574139565633e-09,2.4776841324231615e-10,0.0,4.1481938101348864e-09,0.0,0.0,17.742565408672764,1713.6109425481302,0.0,43.56057950716075,6.5069461169488845,27.762697752078793,8.853365844069597,2258.2882714205143,222.18895993639097,86.65289289042423,22.045961814741926,73.99080498722573,75.21690644547877,540.2628924579739,96.95527869481043,148.47747615182877,51.37865836949379,169.6933695903862,1.033492414406212,547.1759172239406,22.686619394399127,195.3908275700642,84.05524007752587,407.5960237480207,749.9345441241176,557.3858383791797,923.925978979916,10.761280972400469,11.441145230505878,6.088458122229313,15.415493147709599,3.162833166973458,3.3295798839342376,4.3237372912560845,0.3871220209543017,0.036227319968407425,3.555606314506875,2.3819664990556797,0.35378421257839066,1.542840141773406,2.835162246268562,2.4999239949336496,1.7519990939310102,0.6339147521277932,6.321070030050748,0.3546912448815476,0.9225328374644296,155.73014517688887,836.3249343029061,90.44838158826192,0.3526755352840235,0.0
Carbon dioxide (CO2) Fuel combustion and cement,0.2693486640713178,1593.4839605208745,246.12148610800858,2058.009711710453,490.3705906972621,94.00916504696347,4.3541756616991725,96.94837121528766,454.62146924684157,170.3396585382837,1187.3518975583975,475.9843055058783,32.37073394472457,128.67903366084914,489.5199983677207,0.0,0.0,682.4703358219639,797.1709575086963,0.0,0.0,19.840327312083197,0.0,2.2099263526224577,0.0,0.0,0.0,0.05425262171430046,102.71557483758845,3.904102699262756e-07,0.0,0.0,0.0,0.0,0.0,0.4748771644720556,0.0,0.0,0.0009784431467577185,2.6359448909425067,2.6598962056508983,4.186008559052102,1840.0030192612717,559.7045103988329,2144.307259031793,4043.7834274383995,26.854406213760427,1489.383541275999,7.34601313507285,115.43247697751637,3532.7430547367185,4555.981101970623,117.07604111281276,113.85310236341392,1367.8425351228734,1167.7798628501114,154.57623689938197,252.878249047508,0.0,0.8545700654386978,0.0,469.51204907325615,1165.73971962331,14.846065154107821,0.0,0.774620044864284,7066.688109652758,1.5667454232414064,0.0,50.056733907212944,8.795819349640906,3610.6965900512905,156.14439875442406,0.0,155.6862923661108,0.0,0.0,23.2971742460057,5.12499064177014,1.9511578006739547,74.82482684201128,0.10789867283798553,1.3275545028859925,1.7859630812649188,90.54256387543903,7554.246513050038,0.0,1.2378065560991312,17.94653172259912,4143.510447574047,0.0,4.773422301047776,48.860895301428194,56.343484720944694,0.0,539.1335262991696,75.52209512851306,0.0,472.8834554412985,7.156353788824658,109.46861666860883,0.0,366.4504562007563,289.5577701212261,0.0,3.04371178974548,0.0,41.40824443876762,0.0,12.783110990760544,0.0,33.01895281626686,0.0,13.392751241906794,0.0,35.63948536156087,3555.373882400436,5766.454938530921,128.76472027281383,2519.832332574936,1558.839801982999,2907.3685742677594,16052.201308827816,5774.9865407997295,2358.075131084295,0.0,0.0,5206.61911898839,2259.2572238412026,3281.8510204580143,362.86344371919876,0.07699105420381662,306.4546418560437,149.5571193052788,0.003174249330892446,0.0,2.2923837624736074,0.0,99.3082450419141,2075.283536134532,8148.473315837713,2.534313809509719e-06,4.320321101419674e-08,2.7134105735189573e-09,0.0,1.5073420006886086e-07,0.0,0.0,553.1750035809582,54428.56572402298,0.0,1363.0326712740457,178.58602022206452,811.8367103915347,214.27976460727555,7302.74022863233,17050.624762623294,2980.476166532721,1614.2262041036338,5213.054475567981,6189.011889889139,27915.53667302903,5136.301715586796,3159.4609801174183,1258.5224532690509,3219.7357065480237,19.314146919492387,8722.553212625138,402.8177471990867,3348.899069878881,1349.5233637827507,6232.8003261153035,13792.553229825926,6117.829003799671,10725.349217630195,103.15596836716841,110.28351077243015,362.6533543986599,916.6654280614355,188.96108059223707,31.051157710437657,212.88589099307904,10.49594041821815,1.0996895171617687,87.1903476213218,76.34464894636564,1.9850154040331136,38.989795381247745,69.63655467229228,56.05671015305562,38.84072823855764,12.84967243088788,155.1254661389814,8.262671596218203,21.99478100131358,2050.9351086574975,12158.023408135869,505.05295139293776,41.89106556368187,0.0
Carbon dioxide (CO2) Fuel combustion,0.2688990016940255,1584.7776418888307,244.44750503987635,2030.2092097745206,487.38306329373216,93.0792276124317,4.199308948647019,95.62540863594683,450.8261060659634,168.85635799296193,1179.4971895380581,472.10729143894036,32.106765550597544,127.70163626882128,489.49528571230366,0.0,0.0,673.5070020855596,786.5033506027112,0.0,0.0,19.798650829107725,0.0,2.205281924181221,0.0,0.0,0.0,0.05332674959270303,102.58838468139206,3.899268345600204e-07,0.0,0.0,0.0,0.0,0.0,0.4737140016230204,0.0,0.0,0.0009706108554375373,2.6233070320251075,2.6218965114920336,4.127732575638193,1827.3051410087169,555.8580310719373,2126.8661910443084,4004.814085650366,26.606979734272013,1478.7631787522055,7.236957286486019,114.60995689548892,3503.830985020397,4510.943664465888,115.99812977945098,113.00903566542607,1345.9541717832012,1151.5211570095198,152.43251459814013,249.8910599661856,0.0,0.8474068135735552,0.0,464.52601685576144,1153.8416251107672,14.814303877270127,0.0,0.7729628434000254,7007.785960504244,1.5536863124649987,0.0,49.63950179523413,8.722504572067574,3580.6007678271376,154.84290638402223,0.0,154.38861839748478,0.0,0.0,23.102988000625647,5.08227289959581,1.9348945405121136,74.2011481090729,0.10699931756901157,1.3164890911399025,1.7710767496189594,89.51305553157381,7493.751046172715,0.0,1.2345943101589494,17.865907152460093,4093.661525944812,0.0,4.716002655115466,48.273146139638555,55.66572722948985,0.0,530.8272000238717,75.05667972770644,0.0,470.614038191167,7.115739146235398,52.74935621120093,0.0,364.1610126299755,288.4373427150054,0.0,3.0299870506034643,0.0,40.93903877381265,0.0,12.661957086858429,0.0,32.708621742619904,0.0,13.272291335256678,0.0,35.37609925520496,3517.680465354098,5676.036279497539,127.55081278050034,2488.8979840278157,1541.256748271713,2883.97411683241,15849.858273073418,5697.291662599436,2330.0181648944654,0.0,0.0,5201.7827542656,2254.8177282937954,3246.2960931980574,357.52361193959666,0.07666826217530048,305.5075961358881,148.14920889263922,0.0031662415805542503,0.0,2.274184740561242,0.0,98.38615597291479,2064.7836226977643,8106.056038474681,2.5117469563317884e-06,4.2818634394120106e-08,2.676508994379547e-09,0.0,1.4939246919334975e-07,0.0,0.0,540.544877868999,45029.419853264444,0.0,1351.0973123025137,177.61041146315395,806.4892995289891,212.7170531412222,7240.43226537854,17036.50795701676,2961.7840262390914,1612.0466672037046,5204.836494532909,6188.0928871978485,27890.01462668971,5126.648676603609,3126.5055537234584,1247.8296335239058,3179.068949079257,19.056960412413382,8428.616603514547,398.5892791919309,3313.8266334342006,1326.1854204656336,6157.442499984731,13553.546737200631,6034.532895915293,10597.828531697425,101.36440721945564,108.51793145574759,361.94198813765735,914.389174816611,188.61085025203002,30.60105796594442,210.88156768090394,10.322354724695003,1.0839426319781573,85.63225124899927,75.23574535781924,1.949619686595257,38.309895336803685,68.27612399150296,54.729582931316635,38.03299583015798,12.542825160798875,151.74738793072729,8.089178373205968,21.566127208390103,2024.949631227809,12008.808573218772,495.8443714430403,41.753004347206605,0.0
"GHG emissions (GWP100) | Problem oriented approach: baseline (CML, 1999) | GWP100 (IPCC, 2007)",1432383.6124986657,3979246677.6915035,1011768502.1451321,3344272248.3147907,1998194944.9070477,403186048.94248885,78305973.73687415,436612881.7475908,6904154065.040818,702298930.6029407,3176202526.2566457,6045590379.591458,422004694.7226775,1262593916.7991824,499130077.9344568,0.0,0.0,1451388130.6137047,1138397834.6002052,0.0,0.0,20942873.447598513,0.0,2332791.115654643,0.0,0.0,0.0,477338.06836313644,151020595.57317382,0.5740121842207858,0.0,0.0,0.0,0.0,0.0,512226.242920013,0.0,0.0,1337.4023047440176,8769783.293847471,18025001.7159796,8967113.474125296,13834488055.168755,1324651392.6228352,4468421911.883777,10950002506.510004,73583795.9147709,6224166044.977387,8831116.43729882,357375930.4828709,9350299370.29646,9013282359.99381,352656628.3840013,134440468.84028524,2034995292.4815688,1648183715.9962404,295190175.8849107,380835353.6670127,0.0,1444628.9608762492,0.0,720962461.3028417,1558052797.345341,17627500.04217912,0.0,919746.3898313242,15341630152.444513,3401370.946219732,0.0,108672108.65198049,19095537.593538273,7838745790.968026,338986181.1251942,0.0,337991641.8496679,0.0,0.0,50577671.64156273,11126246.057265522,4235922.233818722,162443113.30829966,234245.72615419104,2882092.705417818,3877287.9917321103,131951731.10894692,10484774722.024567,0.0,1741932.3083494375,20448495.424914144,6313328157.456611,0.0,7273321.061872768,74449898.29445668,85851221.84506488,0.0,814176413.7422513,97841159.25308043,0.0,587668263.4159964,8248645.555620032,143878046.27998453,0.0,458820346.9144257,410505446.25047797,0.0,4347160.043624352,0.0,59717597.97448183,0.0,17754442.52167299,0.0,45813101.48427862,0.0,17424291.78081717,0.0,59507745.07891796,5197292271.235509,8166052969.638526,158389756.9993031,3497811779.797264,2042601694.6292539,3645629456.4773593,22102765534.268116,7732068183.932205,3097670269.432042,0.0,0.0,5759415867.853969,2486383315.1900144,4041301701.9072504,461657963.18707246,83801.14015592862,374538957.5852948,182907036.9252923,3504.744833728135,0.0,2792113.6129373754,0.0,123000260.71753293,2531409387.7712502,9930231050.115055,3.072993366375645,0.05238259172314459,0.00407126309436199,0.0,0.1827597029834546,0.0,0.0,876225508.6727479,76656788822.21017,0.0,1829920982.2782328,208242172.82822582,1005119425.7986076,307375575.59112483,15008215081.152498,17756404319.437485,4185762888.2853703,1668221503.736028,5503661944.846952,6296687889.467502,29797550778.05646,5518930463.352628,4248969710.245215,1520611913.2598534,4194088125.7672153,25200566.983432528,12332426966.735533,538769765.6463335,4528927988.562505,1870947666.2301795,8850092270.653654,20021853707.150005,8787336057.37898,15288682997.697498,208083374.15534884,216118279.58645403,409457729.3152163,1052959935.9996301,212949636.25159428,60340201.69745841,321721913.66907924,20907967.95399937,1886956.833879578,178396575.69903693,717855465.3304391,3569460.3024693155,436229228.84906167,795455546.8069493,3211870934.758279,1193056873.9352605,95215184.27629876,330025059.7970103,67780179.22564499,197988997.0100518,2835703638.0480056,16917757174.042898,846783449.1504186,44778762.70970212,0.0
"GHG emissions (GWP100min) | Problem oriented approach: non baseline (CML, 1999) | net GWP100 min(Houghton et al., 2001)",1441682.029977374,4082333182.269782,1022161756.264679,3445517247.6306114,2019034721.2719314,406506372.7449035,78051419.80926667,437486330.4459853,6568619195.49398,693515707.6447637,3216380922.7105436,5769909481.325151,402284304.5640146,1203430558.037319,502590973.57051027,0.0,0.0,1484859386.5947983,1152390925.5740316,0.0,0.0,21022464.24925713,0.0,2341655.6407534713,0.0,0.0,0.0,445597.7978129271,148389855.15805075,0.5640130377715933,0.0,0.0,0.0,0.0,0.0,527114.0932409806,0.0,0.0,1330.873183294582,8781425.28413143,18052379.488343276,9007148.125569467,13233488688.766277,1313215047.0259237,4442894694.970597,10768758318.07748,72679132.2922375,5998385377.9830265,8864076.58372395,360123573.5911163,9228430025.697008,9029337161.13837,348007635.39403826,134733727.5043728,2028839240.0903122,1650303467.7051601,292444222.1111791,384738872.93082887,0.0,1452328.2463785303,0.0,727326242.1783006,1563675544.7424266,17778709.91879744,0.0,927636.0362639173,14841115473.510012,3290402.557750722,0.0,105126723.6426542,18472553.14640585,7583009777.672284,327926889.6507027,0.0,326964796.82978565,0.0,0.0,48927594.901010305,10763256.635948196,4097726.929300915,157143470.33130306,226603.55128361203,2788065.558589872,3750792.989247967,133102250.2949649,10478600025.708874,0.0,1751777.3690377572,20491549.83819507,6336548790.235919,0.0,7300095.922644605,74723963.67556594,86167259.2055482,0.0,817819747.031919,98712626.8919393,0.0,590307554.882297,8311171.146879438,145087361.4945617,0.0,461750711.8082967,432454669.59113085,0.0,4629198.763134089,0.0,83700337.43226352,0.0,18179219.666375153,0.0,46093257.44685066,0.0,17511113.19605654,0.0,60376116.02638958,5430809785.656955,8445223192.853533,160676060.78582,3601872747.273664,2085883082.1667647,3761646289.7632723,22625551690.315437,7890974675.7022505,3180056558.3239217,0.0,0.0,5752891368.239055,2495736365.1702785,4034569060.304708,460974484.8416345,85654.9045433201,373434664.2831506,182559406.51243848,3799.304954388561,0.0,2792196.909363848,0.0,122858248.18441181,2521067786.335121,9888744306.658386,3.065911022393956,0.05226184663471667,0.004044250618190129,0.0,0.18233841971619855,0.0,0.0,875151860.7185621,77672366764.21875,0.0,1837867730.881119,211683411.58067298,1008188991.6030486,306523560.72188485,14800423556.995209,18149980576.456043,4169518822.694841,1711090500.161992,5908054149.177244,6619700649.466552,30432763986.52832,5626572522.03301,4249120904.596112,1533390668.0839589,4213618398.155937,25371575.02935346,12329025523.296951,540319186.4442457,4532750257.94626,1879249752.228055,8848940838.114935,19993608714.688824,8758050961.867586,15262752795.184149,206949774.68140325,215006594.1740579,409129639.77697223,1052056464.7840185,212973406.45434427,60107311.66916902,318570660.5159539,20623092.57521584,1867946.9429809547,175726484.1934037,716169428.8265373,3541313.4476057347,435161634.2652433,793293186.3077285,2994795728.673454,1104000408.0862117,89296853.78769447,325400336.2731923,63438365.36896984,185109922.85174754,2828502517.9087024,16861075476.0392,841117075.4091119,44860931.53713766,0.0
"GHG emissions (GWP100max) | Problem oriented approach: non baseline (CML, 1999) | net GWP100 max(Houghton et al., 2001)",1448716.0749343117,4199791941.833622,1037061926.7078915,3535994760.9185867,2046117608.3386128,412625592.72615945,78275389.55313523,440983830.32248384,6588249813.905881,704018907.4309905,3290186310.2477956,5791888477.727569,403774507.83583516,1209556678.5673702,503375817.6980249,0.0,0.0,1510003973.469328,1162661535.549385,0.0,0.0,21059123.444873948,0.0,2345741.517057987,0.0,0.0,0.0,446632.84816746187,148542878.20613357,0.5645946610462215,0.0,0.0,0.0,0.0,0.0,529277.0199804873,0.0,0.0,1335.0696155823505,8813434.147544572,18099148.24169468,9102135.904389465,13279756211.37395,1327872884.8321447,4488528799.810842,10853198861.605639,73330583.72491373,6034069269.766315,8917570.031002302,364759205.09018457,9313530699.108057,9151656471.830381,351377340.21588737,135375257.3917973,2046255113.6915686,1672053164.1040573,296273329.3735331,391355468.2500309,0.0,1472414.7300462143,0.0,738874561.6291091,1582157534.418049,17913216.71718608,0.0,934654.1694368005,14895377855.435827,3302432.992559715,0.0,105511090.06288148,18540092.8630206,7610734929.020852,329125862.47210914,0.0,328160252.0301501,0.0,0.0,49106484.94770428,10802609.468983669,4112709.1200531684,157718021.41476,227432.06366074755,2798259.3393933177,3764506.713218174,135969252.31220812,10606061931.962872,0.0,1767138.843654656,20536748.105871063,6432079588.377771,0.0,7410172.415014647,75850707.10559404,87466554.26291458,0.0,832491948.0661341,100259970.38015185,0.0,596628745.105244,8398253.273628874,145834882.4140561,0.0,465718486.22473854,468245823.3025356,0.0,4680657.058792916,0.0,131892808.96382535,0.0,18390960.6102142,0.0,46483009.33606947,0.0,17716838.039182503,0.0,63100093.06817015,5898010772.748435,9027997910.670847,163443026.10474923,3806689377.4499907,2161725148.168389,3938820388.2402945,23696443698.719532,8199466319.639685,3267836429.4579263,0.0,0.0,5760155215.134297,2513364022.4249434,4059792158.296885,464066539.8847223,86072.41098533687,375219008.163244,183656257.33101046,3841.750798068584,0.0,2814400.8370029856,0.0,123906824.7917677,2532114568.7284718,9932310003.570593,3.0828763065309372,0.05255087267965037,0.004073990177038274,0.0,0.18334675383575633,0.0,0.0,892504237.1401321,79560860788.29338,0.0,1868249218.5392225,213327666.98852542,1015109647.2087216,309044537.9353721,14916065574.84016,18224025056.421413,4194493009.4483085,1720071656.1042385,5947995784.19659,6911535229.662188,30615948768.003845,5659705148.569516,4297401943.089292,1546166509.4115593,4252824374.558334,25622458.798587095,12452881450.641842,547307720.0611428,4581391360.695802,1909895575.4540808,8955097297.20451,20256937028.021473,8825574891.322523,15425991742.234644,208232370.9490647,216477626.2217547,409837322.08352315,1053714725.4393512,213495086.48906124,60539548.00349491,319900496.6738119,20739995.246714126,1879269.4929583068,176770878.06893954,716931523.1935532,3573921.138199513,435596239.18507886,794116721.5366038,2995512533.6207337,1104487723.078952,89456282.27144614,327288916.14403135,63534746.39640361,185374231.5378841,2851209804.5926723,16999865690.12296,850870977.4276147,44961576.46667409,0.0
"GHG emissions (GWP20) | Problem oriented approach: non baseline (CML, 1999) | GWP20 (IPCC, 2007)",1427803.4871115545,4259794305.1093645,1042519839.0720328,4030906963.2761564,2099933674.7275825,442014029.1044634,77419398.04889174,499556511.186362,15166163032.798616,1120457374.478429,4323431108.275103,12934663968.69134,915496971.9935691,2772320681.921747,514912014.4712739,0.0,0.0,1689898963.7932749,1519414682.6478565,0.0,0.0,22031533.975827713,0.0,2454125.319636441,0.0,0.0,0.0,1262763.625554503,238127769.6642833,0.9050966900212826,0.0,0.0,0.0,0.0,0.0,547417.781284866,0.0,0.0,1802.7912559095485,9409373.673078513,18845215.740415663,10670483.09419854,29065077831.75105,1960252736.3517625,6490563960.0583105,17744528338.845665,111936111.05453518,12418120583.358673,10204735.175926,391184884.64411056,14495708172.599184,12272653449.804306,550008447.1774135,158962062.66833538,2798059377.193828,2214807889.791049,464032146.18553084,495385482.37778133,0.0,2032306.7690708535,0.0,958399398.0562756,2005727126.6220894,20980036.75438764,0.0,1094670.9929856479,29625319967.03167,6568187.276807995,0.0,209850319.5482273,36874270.06585253,15136941112.903933,654596283.3877093,0.0,652675787.0572594,0.0,0.0,97667567.95102371,21485239.551635258,8179740.362949114,313684344.83113605,452338.1425786622,5565439.777663782,7487202.857612885,182922643.31315392,14319622398.915699,0.0,1922994.263073508,22160626.88054681,8017679598.951567,0.0,9236408.485825706,94544156.84985453,109022710.36839315,0.0,1076614832.0178206,116411321.00916404,0.0,726176521.4967778,9368585.125013577,154789564.83080158,0.0,532945467.8218458,551424037.5327034,0.0,5863451.387607201,0.0,74973286.45545797,0.0,23106109.546469685,0.0,61630553.92911191,0.0,22602902.671187885,0.0,82224631.07133639,6827088951.299417,10684042240.694538,193694082.36413038,4490412181.256172,2560688084.7155204,4353458223.09679,28909919677.844368,10054687561.810926,3900469137.2351522,0.0,0.0,6632854630.686382,2830687996.550226,4985840841.876164,580263932.0735174,91390.85547854668,487260553.14219517,224930408.71800193,3862.002085589171,0.0,3452446.429302446,0.0,154214174.86167017,3230828300.950496,12675082463.611235,3.7506086449665825,0.06392947312624357,0.00586776260109959,0.0,0.22304503473939283,0.0,0.0,1276895571.0116165,95965975723.19269,0.0,2446371499.8157864,241717231.0014217,1270259717.6552043,432880121.9995843,23663937064.657604,18531999218.408417,6087842354.166751,1718562877.9769006,5859813937.957371,6343996317.028238,32061405473.03025,5953744104.157431,5660197819.380143,1841244612.3742871,5404005235.644292,32234053.473097328,16693539533.885704,707538588.1664195,6009698742.7215395,2497818197.965749,12174438171.26829,27894410567.406387,12099921341.51372,20789934797.398113,314325345.27950466,327961087.28544664,461846712.3276415,1185598503.8262858,237984503.5763084,91299950.52593978,442506702.3498623,32161131.218552683,2879543.470673808,277408888.5059097,785101495.7488892,5370864.799429024,472420487.2470328,866079898.7584081,8333319761.431228,3303151452.647969,240266214.6101577,504212995.82013834,173552930.73594224,510416606.0609019,3837031894.689442,22998249094.755333,1261428854.3977373,49264823.733441435,0.0
"GHG emissions (GWP500) | Problem oriented approach: non baseline (CML, 1999) | GWP500 (IPCC, 2007)",970793.3838789194,2969809842.7337427,679327575.7716174,2843020579.010726,1303745455.7700648,320943601.9795398,43437969.18606398,390617278.1941857,2971767493.3471484,416361589.56325763,2176920885.4048977,2685911335.3389654,185525880.46708256,574782754.4743946,492814236.3901455,0.0,0.0,1344301502.9138756,966511580.7318227,0.0,0.0,20400541.059243083,0.0,2272353.27310733,0.0,0.0,0.0,185413.99850424458,118527789.13467082,0.45051070604087784,0.0,0.0,0.0,0.0,0.0,495097.91377553437,0.0,0.0,1117.0204206999736,8518504.756366283,17744586.560694233,8231655.017823709,6568658432.111067,922726027.6166282,3257940833.056507,7175835748.485761,50182517.138831414,3390034046.241727,8218743.542652463,295467280.9862517,6324293141.370029,6936688181.95915,229943032.4165748,123457795.21657363,1698083140.468292,1400339363.5665026,217180148.8538155,331452887.7636738,0.0,1211332.9495477327,0.0,615989115.5091344,1367963096.870685,16379383.473591711,0.0,854623.6740491429,9984967304.345875,2213752.9283000533,0.0,70728302.08703692,12428165.440681921,5101779905.605959,220626224.33208582,0.0,219978937.05164573,0.0,0.0,32918040.176822793,7241421.035481827,2756913.355413609,105724695.55230305,152456.8075083155,1875785.1086862131,2523499.3630233197,111142101.20793355,8927445270.137903,0.0,1673473.5952002024,19728331.37226535,5577517683.87126,0.0,6425816.367413073,65774795.07449527,75847617.22833347,0.0,703554125.1543921,90219009.97273809,0.0,532170696.3637985,7789732.360537075,139606317.53521332,0.0,428266727.2838675,356298858.6499551,0.0,3699463.144720099,0.0,53423127.09445871,0.0,15609563.265147964,0.0,39696516.87775349,0.0,15290395.776174048,0.0,50977396.21035442,4551310653.697999,7138658720.5634165,142778345.09383386,3093154155.352577,1825035009.1698096,3347224446.5528703,19334931585.036427,6747978472.380663,2746751326.251041,0.0,0.0,5415501960.76294,2352508909.7815223,3645800629.9514236,411072602.90949845,80241.16784393787,331208459.2213967,165240836.13439018,3314.2990656273946,0.0,2520741.0187463327,0.0,110177361.54102145,2256014220.301234,8851487458.127531,2.7889531682078372,0.04754238640020793,0.0032855561921125245,0.0,0.16587290351583361,0.0,0.0,720306144.6311287,68802407876.66748,0.0,1582613576.8750815,192722592.1552067,893834995.4810988,256834777.98154366,10692353974.732136,17360252032.904957,3440561704.870994,1638758234.882781,5335447026.248671,6241199037.117053,28692917061.462265,5310866267.56681,3656713473.9392595,1377091848.5758693,3664515455.784469,22099877.94130309,10456055620.596376,465484630.38135666,3887040644.7949357,1598971959.4368196,7424853663.961355,16754304487.52145,7289663021.936527,12804200002.570032,163641858.9772979,169253918.2927273,387123172.8155171,996505592.6860893,202155639.66132218,47284490.47934889,275132161.37114215,16575584.28048082,1503191.5197148828,140207216.96836573,691938529.8499644,2729739.5286684507,423822503.596666,771096760.2632935,1316413303.296301,411079634.9719242,41224288.5294621,262711578.8533324,28460347.98446082,81909625.89573736,2389228817.658671,14263222500.004938,648862485.392136,42946249.809554465,0.0
"ozone layer depletion (ODP steady state) | Problem oriented approach: baseline (CML, 1999) | ODP steady state (WMO, 2003)",0.009701324963103029,189.27962662539758,33.659562220221524,367.621406357334,50.815320354128836,12.041665530417868,0.15936495738844234,13.617643595532531,37.739435268885586,16.242864867487306,88.99044429956203,40.17291016458513,2.710139568272512,11.791606135254918,1.2044660194497234,0.0,0.0,57.40906560696241,138.79307204350647,0.0,0.0,0.08391091655255319,0.0,0.009352795140463045,0.0,0.0,0.0,0.04561125350746038,0.4854610653777379,1.845182530275786e-09,0.0,0.0,0.0,0.0,0.0,0.004483279071152031,0.0,0.0,1.512066382496554e-05,0.09079256978229254,0.15261202037598876,0.2532326989525779,117.88278449862862,40.04450189521393,136.81241073581953,281.26314931662483,13.320133799716086,102.73120453587451,0.07029566476982171,9.282471460065583,325.91821669739454,503.8847182697894,10.037227188352894,4.880264859976053,172.954058639199,120.63339522263455,25.78239089376459,18.915983180113184,0.0,0.04848412462323399,0.0,30.943135476206038,102.22840881906104,0.03451445420278446,0.0,0.0018008534378710756,721.2725162833224,0.15991230401303635,0.0,5.109118423675828,0.897758988451565,368.5313649862812,15.937120985848702,0.0,15.890363643479644,0.0,0.0,2.3778623347486323,0.5230901420161396,0.19914795623596385,7.637112351764311,0.011012845628964816,0.1354989158994727,0.18228709999340664,3.1011877770423473,714.3697382517388,0.0,0.014218460837849499,0.37553914281759987,839.9546680972209,0.0,0.9680438351530037,9.90888428585431,11.426357437888655,0.0,89.08582378582872,3.0825069260176696,0.0,17.704670949478334,0.12963973785824537,1.1315411498948444,0.0,12.089813585117717,5.362892673571201,0.0,0.10019396213874099,0.0,4.030532543849817,0.0,0.5463510177526096,0.0,0.694099292110112,0.0,0.3727078984700909,0.0,1.0657967116044604,233.0014638764329,384.3070472879269,5.25385184730194,139.03449024704452,64.23192830096217,82.00608806559678,1774.4544076609395,254.52152805489195,171.71192947928535,0.0,0.0,56.057704560526844,57.57796191861725,395.87983131783164,55.08700777988427,0.003314199532947224,14.922953865562487,17.35937926709623,9.810420576866182e-05,0.0,0.2304880924612496,0.0,10.847970510403204,136.4743215489886,515.394230426245,2.996329222339835e-07,5.109025589308895e-09,1.3756304034041528e-10,0.0,1.7825467075374705e-08,0.0,0.0,27.684972617189334,1869.2349515565961,0.0,51.758404923003674,3.658671764289244,21.546859996035483,6.648125358053494,420.93116392413566,185.75748874337577,165.81470569789823,15.705671051932242,88.25578868737014,244.2650246483001,284.60948136872474,60.838725301437286,149.50699290827322,31.793042338179898,105.87020945094744,0.6422834802725871,250.04446057040292,19.582404162271146,139.5169178065965,68.72640163946089,270.2763528040095,644.0136426954812,311.4589468279036,946.1978592756525,8.18009916933002,8.63982380310692,3.519782720514054,8.956789085888277,2.116752337544151,2.1904566202081504,7.421652274157316,0.3881043171031898,0.034053735281274033,3.9898738690107716,4.065972881688153,0.07956303308716818,2.495480853659815,4.9129684971126935,3.363910834614416,2.1056074785214713,0.5526683683956349,8.906008886449749,0.3141313070459311,1.0624197591111253,115.99313410647856,848.9635237346587,22.069715595038293,0.11817331059773872,0.0
"human toxicity (HTP inf) | Problem oriented approach: baseline (CML, 1999) | HTP inf. (Huijbregts, 1999 & 2000)",962975.7235488443,3193538391.1400585,508868258.8154408,10106618447.086226,768817029.9662464,248491773.59351614,17090017.89201411,373674722.7918078,1136701479.8571806,539596291.7710004,2835692487.6359725,1256124805.7834547,82646099.49282666,349943656.79975295,9414529.426370326,0.0,0.0,4718114930.737417,2194830189.616043,0.0,0.0,6107431.29739853,0.0,681108.1773456433,0.0,0.0,0.0,132973.47163845671,14308404.53181271,0.054384623790730606,0.0,0.0,0.0,0.0,0.0,174045.84548203854,0.0,0.0,1407.6662242074553,8918173.954722358,11043882.298154192,25079100.83479192,4330212552.266962,1387953599.1630092,5843578866.085074,12649228520.005499,77066987.90337346,4178674075.589158,12041016.74012761,227807318.78621203,9715801998.809925,15603241914.146496,356281684.93467903,157256915.5013599,4627302349.095035,5306620609.6339,840008951.9298252,1503187203.2250206,0.0,3716588.6589708393,0.0,1880552441.0215626,3447443751.671196,89365343.27725506,0.0,4662796.882992358,23074421543.427906,5115796.826273846,0.0,163447170.8164622,28720447.51031754,11789785241.031544,509848690.151142,0.0,508352863.45426357,0.0,0.0,76070828.46150792,16734316.22972102,6370995.3898776155,244320898.35947585,352314.86331033864,4334781.987667917,5831595.224567384,842769059.8278339,21874121753.12108,0.0,1671453.1558773809,13436356.426298264,14828976370.284645,0.0,17082595.786765877,174857965.04309618,201635830.39565033,0.0,3347483667.700876,182400625.32282332,0.0,1056978939.0610859,7761295.813881754,195116766.18400952,0.0,701110240.9360099,9818824627.026293,0.0,7055130.953038694,0.0,163451964.66974437,0.0,71387589.55754109,0.0,142575667.5793698,0.0,61253248.25188881,0.0,367452871.6446793,89867534830.91156,100443882212.47527,602038851.925014,38426337156.09698,14826043699.525545,20952099618.891354,269898878987.02798,99549361727.97926,14316875762.670319,0.0,0.0,1723142904.3697472,1233785868.407892,5616515699.665859,754419847.820346,48111.01317269257,201163155.76702234,236050059.43865424,17775.088200714003,0.0,3857396.8210964645,0.0,169469794.86562592,1818170074.308927,7034519987.085037,3.5639008044986156,0.06068811886259871,0.006700129022672893,0.0,0.21171371826731838,0.0,0.0,4870190565.1581135,548660788433.4114,0.0,10037847217.769615,352473182.6664131,2038907599.196605,768601359.3948209,19689770713.732548,6281925660.42789,7463503487.073275,656379187.9325755,151031242377.03342,703725571.1664432,12471960659.070662,5601505729.038375,14711345663.247528,2516688870.794387,9280881534.884354,54579534.982668445,35301082586.84686,1810946211.0171924,12795038142.841475,8079558740.767323,29549529527.686405,80876205202.13696,15272983691.130932,38527507290.242165,311987675.390889,321231031.05276084,143155365.50988016,379880493.2461266,70906930.72012036,89845028.20314226,359890417.8796467,35091440.560867645,3838920.2184213083,287866658.17530817,204547759.31233743,7435380.284200519,122326675.13199303,218927335.41354713,206851805.3506192,141137054.5272881,48173807.39835482,530535506.655773,29671711.844601773,78185663.3118127,5112224295.139601,32832097793.092583,2151407873.283397,14799783.526990881,0.0
"Freshwater aquatic ecotoxicity (FAETP inf) | Problem oriented approach: baseline (CML, 1999) | FAETP inf. (Huijbregts, 1999 & 2000)",1078.8391906944762,5492328.888572687,793141.8403910425,12033307.250882335,1508366.0211431806,333167.5804474571,17501.04405565228,400447.02081150725,1714126.5733833932,662958.1121503814,4760017.320425168,1781423.6373713966,121767.3609386736,443781.26889587496,21542.017459993367,0.0,0.0,4297968.478384332,2330035.0488847145,0.0,0.0,8439.076767633454,0.0,940.6716460976484,0.0,0.0,0.0,151.39030101519467,17686.839570878732,6.722567305591644e-05,0.0,0.0,0.0,0.0,0.0,360.99493415459574,0.0,0.0,1.3959625132016633,7651.488625957416,10163.030539048978,22315.51693482224,5676819.30719558,1576009.4825444405,6694746.954349367,14118997.180999622,94470.83014295675,4552730.751934807,11037.422858735728,289502.5723466462,11462811.402632741,18349691.994205754,441088.1092892098,212156.8281097331,4600798.832424436,5175693.058623673,830993.2141656114,1309538.8179343024,0.0,3326.553415617168,0.0,1867413.824705294,3859439.658729763,507359.98281205783,0.0,26472.41606731613,20317148.52483247,4504.4858360535945,0.0,143916.0864509308,25288.50382038786,10380967.400173074,448924.4310672954,0.0,447607.3478692214,0.0,0.0,66980.76124890517,14734.652738058892,5609.694674575476,215125.8254922906,310.21507737401504,3816.7981489515637,5134.750017272566,672383.6547904821,24984981.285247654,0.0,1642.7281162682364,14030.28946223304,17393766.724619456,0.0,20039.81027063295,205127.8420205758,236541.38230349097,0.0,3225217.016079431,251608.60269112154,0.0,1286180.6042984852,17941.249948485267,161907.9870435504,0.0,775573.1362607374,5707734.267117526,0.0,9979.845084246706,0.0,3795154.2824831507,0.0,246786.702788071,0.0,133418.98053164282,0.0,58041.23563905419,0.0,428446.81432423904,81009328.18999974,104860180.73398985,568593.2727129953,38463722.095068626,14851347.867914438,28359857.9767119,245099626.95720497,81015817.63846907,16349252.703612128,0.0,0.0,2494981.8347442467,1193876.9758536082,5732234.926704612,774993.038732257,70.39753045057682,392833.46907771216,243674.24995837332,18.929318801578894,0.0,3922.294542214028,0.0,171439.05552658113,1961195.1043909683,7559914.296484853,0.003746597781510523,6.381674496210394e-05,6.73400875534856e-06,0.0,0.00022263494277160973,0.0,0.0,3753479.2338047447,437350611.7603164,0.0,8692405.125133924,354714.970601921,2001588.5829156942,718544.677193512,21138723.318167,10692106.291538136,7268410.347348091,994204.5597932369,141223427.44582534,2280656.8055855976,11994800.961746352,6226472.4875621,12624518.283011256,2561412.136069561,8840931.212693233,51564.207002099596,30698149.68595229,1708570.1903380556,12245164.274750425,7163777.34886355,25817383.939835194,68790519.16773376,15314049.579074482,37463745.60416869,299277.0136589861,308289.6534553493,134595.0682530041,356814.27758719004,68390.39166381296,84766.67334847107,340177.328936899,31709.02667533579,3513.0010764411127,262159.8372399573,197713.78747672212,7968.819013572877,118254.75600826039,212652.6245449149,195635.49368980475,131957.80442318783,44377.09273189427,502869.793012685,27071.178838886783,71871.82747286714,5357668.50697476,31832570.9590381,2169804.3694710517,13110.277946513335,0.0
"Marine aquatic ecotoxicity (MAETP inf) | Problem oriented approach: baseline (CML, 1999) | MAETP inf. (Huijbregts, 1999 & 2000)",4134800.8761948165,10049106622.960142,1616784337.9410896,28184922649.624073,2705089915.3689723,778444589.1131601,53852360.15047583,1093600208.9835765,3799672745.7100043,1738853141.670505,9984146559.566456,4146629649.161233,275054688.44315004,1102986550.3668497,85887666.32130864,0.0,0.0,11016725246.335646,7967541034.816203,0.0,0.0,110458118.02195454,0.0,12304802.162117682,0.0,0.0,0.0,370971.428643705,63615918.123688616,0.24179689658964554,0.0,0.0,0.0,0.0,0.0,1416909.7970815918,0.0,0.0,6244.774434797481,22714014.07461946,30307755.852035288,65365390.99879468,14305122373.91069,4373106538.893373,19619465881.00226,44182970154.710785,240305135.75968155,12893302713.15299,38262217.94322447,730268250.9990098,31172328819.027473,47103057917.46095,1159193547.942721,576396994.3633252,15708131205.236994,15398422247.903927,2485030366.5326037,3872692788.4824214,0.0,9940630.917333357,0.0,5648689220.460753,11202898632.425207,520130528.718394,0.0,27138742.09001608,69187472989.97556,15339455.54640946,0.0,490087983.2038069,86116792.97271506,35351068125.46026,1528755224.3683383,0.0,1524270064.5970237,0.0,0.0,228094488.97352812,50176991.53161058,19103103.891427614,732583720.2748101,1056398.1214389945,12997622.101579212,17485740.09469056,2003123236.4731061,67031391834.594154,0.0,6326685.999704018,46591996.36771089,42757034878.39016,0.0,49256142.741034195,504187279.42775404,581398895.2059882,0.0,8859527832.705257,555692234.9871389,0.0,3447416585.534576,30187121.853220813,457475653.18580824,0.0,2028767481.690077,18667042318.27562,0.0,35883680.618583396,0.0,618597267.4838154,0.0,914432630.074024,0.0,441671147.6461171,0.0,185371066.2317684,0.0,789055324.8434218,176614298834.19876,210641562731.34573,1651278128.515276,81978591358.0947,33510836904.929626,49615714612.04444,574100215885.0856,213092915099.14844,37882115615.75691,0.0,0.0,36987327979.51787,4137296428.227146,19245309985.761906,2597539720.493617,261899.74187515365,2001593381.3870525,850286086.4948974,81055.12426531926,0.0,14026725.306762349,0.0,599867603.4220315,8528945439.707796,32985035775.69937,12.992318118155575,0.22134043568690637,0.02149326930321185,0.0,0.7721958201159906,0.0,0.0,10575457680.233377,1184248793871.997,0.0,24697445877.901077,1178734890.5979793,7033357595.59678,2549361966.6780877,64586808301.05708,40915878107.230156,25393958709.598133,3624844199.677842,616322987976.9254,11013306741.272594,39411740672.885765,19981100265.375366,38566969787.32344,8157857059.709635,27906524919.217426,162309669.25216916,94247456544.50027,4894905772.461216,36744345178.0767,20052179529.521442,78568430950.72322,202660414627.041,48796013858.02726,108504446945.11678,915906815.5997189,946292778.6909523,424915363.2185152,1096991487.3167775,217448889.6781207,267179253.88427436,1041124095.6733134,101398320.7516544,12055185.837803127,808421514.2641975,616583587.7153764,28260105.848591857,366434460.8865235,651925102.5478657,590948188.869376,403595188.4971083,141039498.24888214,1504648443.619566,86819635.34682237,223153709.39521736,17197371104.191284,105061917050.66737,7148169190.935546,45128695.18176458,0.0
"Freshwater sedimental ecotoxicity (FSETP inf) | Problem oriented approach: non baseline (CML, 1999) | FSETP inf. (Huijbregts, 1999 & 2000)",2677.894880059917,12816825.429740647,1808398.8241698109,25987963.774104025,3605280.57563956,742182.0648229759,38251.86155173788,837874.6291178833,3997094.5836787233,1476338.3955211095,11406261.134403242,4108862.884772608,282783.20649304264,993283.39068878,49651.682145512095,0.0,0.0,8525834.533928696,4759361.499052743,0.0,0.0,16141.915157464147,0.0,1799.3112956023842,0.0,0.0,0.0,223.32377893716256,37618.19989284307,0.00014298251529791273,0.0,0.0,0.0,0.0,0.0,832.8870669975638,0.0,0.0,2.9626628671826825,14963.029949746931,20640.435804837947,45325.769693870476,13072876.494732453,3470570.625408741,14984074.175244564,31540554.490475666,185476.626648926,9916676.730348676,23593.28070135708,645340.2283666086,25396194.69979712,40441575.90960619,1005677.8084038476,509722.91423003445,9427721.275791913,10808696.312641097,1743321.41896844,2606781.626310118,0.0,6706.499646285955,0.0,3992270.628897055,8591566.299682511,1528453.267494594,0.0,79749.78755111295,38167236.03932141,8462.00311817532,0.0,270356.79907176783,47506.287272820984,19501399.647439715,843337.0806683116,0.0,840862.8444212943,0.0,0.0,125828.21460215376,27680.113099107966,10538.21802274756,404129.4549658719,582.7615065277814,7170.131954609677,9646.000061280385,1298831.5689263165,55496031.171574414,0.0,3903.891789727979,30596.911660697082,38377520.96900881,0.0,44217.394410067995,452609.84976889106,521923.17875128693,0.0,6659544.623656734,614163.4565698643,0.0,2968518.6904882975,49284.074469976644,312924.479072477,0.0,1718513.0196507303,8184542.914513033,0.0,22124.866183710106,0.0,12299055.83323419,0.0,611661.7176271584,0.0,280247.87514716137,0.0,119248.06963332271,0.0,1003461.5248862951,167171454.3259984,232862998.52041215,1180400.4861990905,83647686.1582855,32236267.273668,69614927.98031682,502062240.5389406,155543158.71251443,36967264.10804084,0.0,0.0,4480337.300102596,2475924.3209949755,11331871.900179202,1538378.1643235034,151.88290430094685,890741.6637753736,485256.9255420927,46.67139579789305,0.0,8114.384354833989,0.0,346134.3399589396,3898921.006156318,14999847.402395256,0.0073986412876842576,0.00012602400888145823,1.4251691218704088e-05,0.0,0.0004396561814837251,0.0,0.0,6912798.710441136,827518251.0193496,0.0,17427294.149955533,759896.2733147806,4317179.158824732,1554488.972765617,46243053.05653244,24180741.30884699,15173392.370144699,2198693.5367381526,354189270.42705315,4837946.745037342,24203833.831418097,13149599.047972914,24760823.523366295,5446361.28626327,18571653.461072955,107604.80506374076,61219322.016485654,3549339.654242755,25586437.44309202,14406022.322851235,51344847.18705777,134701255.15180475,32378349.939718615,77927462.28113529,615316.050341406,632864.8271414468,275168.3752261523,727819.692234711,140463.38283328008,173933.51663540822,699543.884823883,65530.36579376756,7531.963769516882,535115.0529897754,411362.04176170455,18208.86766025034,246978.41268884507,442672.43571003777,405830.3923500464,273398.0053511912,92231.86188791339,1040169.288157753,56339.02177764101,148498.99998278357,11617921.141777495,65496568.90328187,4730797.6552258115,26713.064735965723,0.0
"Marine sedimental ecotoxicity (MSETP inf) | Problem oriented approach: non baseline (CML, 1999) | MSETP inf. (Huijbregts, 1999 & 2000)",3911733.046344032,8817866319.138462,1392486589.855958,24369088586.218254,2353894893.4452567,674150528.8171695,49064985.9158812,940578946.6433069,3324534803.234706,1533630381.3970704,8834341645.16387,3639034497.6777034,241016179.9007952,963135250.1702065,80615076.98232171,0.0,0.0,9948391561.661024,6276269458.619909,0.0,0.0,57601502.54959482,0.0,6417484.959083212,0.0,0.0,0.0,330945.4315780682,56795574.20316807,0.21587354233226413,0.0,0.0,0.0,0.0,0.0,1325957.0376969052,0.0,0.0,4772.515764492118,20273201.73850833,26720628.78748322,57919474.50832944,12555707330.645147,3853111585.3132796,17004386808.366138,38020245360.9631,206383838.90410087,11293886698.350492,34286657.97976813,638690615.0072492,26861293865.61135,40816672859.864044,1007622071.9766773,502047613.0900065,12747560127.207846,13069414877.997892,2130131552.661528,3426775436.2470703,0.0,8746089.696086658,0.0,4858408462.972571,9578673811.04345,516285826.43160135,0.0,26938137.904836476,61282464254.197044,13586847.32324474,0.0,434093023.107463,76277526.27031057,31312034897.588356,1354087428.5464196,0.0,1350114720.3036563,0.0,0.0,202033572.88054326,44444023.69415639,16920480.406945363,648882430.605773,935699.4423633761,11512579.915461626,15487908.368564993,1807362380.2513788,58351296309.17242,0.0,5975917.622850698,39981253.29906568,36561085119.669495,0.0,42117795.07488869,431119014.35325694,497140870.0903931,0.0,7676000456.672868,491405847.3960725,0.0,3098988059.9183893,27521495.344656356,412341273.92542225,0.0,1788179490.8491476,16182346379.311632,0.0,33333447.477964293,0.0,743363804.261825,0.0,915213158.1589787,0.0,402722764.2476809,0.0,167101857.12808025,0.0,725333183.9825618,161998185164.7503,192822449327.28287,1449902810.8292933,74881177980.621,30300437529.87991,45118069651.98938,520956812555.4936,193261521180.69583,33718456564.50652,0.0,0.0,18601483011.544353,3526846339.547313,15380282360.807844,2090225538.1249435,227635.445633423,1779252601.502487,674529224.0475851,78482.46800079594,0.0,11685162.505690485,0.0,487181976.9073616,6270565651.267889,24198527312.89533,10.185805378434509,0.17350538464553017,0.01859257323200504,0.0,0.6053048103325291,0.0,0.0,9516982904.469976,1072260763178.3931,0.0,22352199703.807495,1060594735.0680438,6326868366.830718,2268648380.8699093,56259255928.12611,37804644227.86171,22526317080.060764,3336663997.011373,602918739218.0505,8920799126.379992,35432979819.656715,18239268919.2535,33708122597.387848,7154942021.1446705,24459132410.96127,141785597.10912952,83831205836.24104,4366390584.198296,32338824600.132793,17883304868.46262,69733879866.33542,179569031135.5671,42223803192.93019,94709728731.89786,795932039.1161119,822590266.769641,371677343.1014441,955081494.4546974,191801393.3339247,234476566.34087586,904328784.8906031,90664796.58695138,11034717.622120777,709008924.5388864,535592478.41463655,24119057.351042222,320468509.40323174,567563478.7303717,521755796.2695299,356731873.79469794,125937345.34278405,1322404184.2210562,77909606.60675767,198195865.27316356,14854310788.368328,88719389983.61322,6026765530.182749,39206116.4008571,0.0
"Terrestrial ecotoxicity (TETP inf) | Problem oriented approach: baseline (CML, 1999) | TETP inf.(Huijbregts, 1999 & 2000)",7341.105436803997,22602373.414220102,3580940.9804378697,71268170.75680803,5640277.662520568,1843954.8808212087,132440.97945208574,2759919.176795221,8461503.974578597,4001663.2646419597,21198427.62922753,9350012.556587722,615058.2014727395,2594537.802044314,65537.39519123208,0.0,0.0,34890579.51802098,16463150.424206184,0.0,0.0,54856.82970254132,0.0,6116.413411580299,0.0,0.0,0.0,880.6820299363529,109662.32282463514,0.00041681405880544695,0.0,0.0,0.0,0.0,0.0,1392.4572574827264,0.0,0.0,11.913683368880077,64768.138972837965,80827.89484366705,183145.83940140493,32270833.552969158,10332282.70295316,44236630.910062514,97274904.37817734,543514.1265961964,31276258.390076347,94961.69245231402,1701890.8727463512,72215376.38164493,112954366.08608705,2641593.4660771373,1159984.1232508107,33316272.47201566,38727603.047225125,6203087.9492768,11315527.805043649,0.0,27426.366519030285,0.0,14075877.154132012,25876037.303912397,330829.1320057715,0.0,17261.602600557362,181810444.75622562,40308.93228078323,0.0,1287850.3915873074,226297.21512010062,92895334.09231447,4017254.211140443,0.0,4005468.133777225,0.0,0.0,599385.3899871211,131854.810335866,50199.026794612044,1925079.2964966646,2775.996868452401,34155.07685180124,45948.92744506048,6268581.520920847,167973486.50155497,0.0,12945.911141772784,103696.55123793751,109137487.99632038,0.0,125722.28043533885,1286897.028355418,1483973.3081054916,0.0,24955864.291539762,1336750.2873324556,0.0,8086340.714141118,56475.195192746665,1488960.1450918685,0.0,5345476.517135912,75688472.35052982,0.0,55612.204166727686,0.0,1299136.6711287582,0.0,10021601.20870786,0.0,1337641.1001616812,0.0,722179.8907370283,0.0,2846302.1983633894,693659796.4137368,751446939.0142913,4329199.815724718,290752356.1081339,110406796.13718659,154420048.68899664,1980036977.0992682,745046120.4541342,105361527.72966231,0.0,0.0,16325452.533375038,9346152.43935216,40984385.00851918,5505100.206457365,360.0287156624972,1473288.3237801406,1729360.3918872555,136.11097236891467,0.0,28584.118190782872,0.0,1252565.328245092,13540032.863533098,52462662.80927991,0.02595081254391901,0.00044188498968128704,5.008297563000382e-05,0.0,0.0015415321312172222,0.0,0.0,36474158.35337857,4133991668.341304,0.0,74925533.93305525,2659563.402432742,15502880.231246106,5834568.976830037,147708375.92579368,48818879.94223615,57871610.23807487,5112342.688253868,1147913810.108759,5634989.201145823,92786405.69802544,41618537.48688891,108308033.17533821,18703675.293538842,69232928.03137693,405453.39838032273,269627253.8463146,13412113.33005099,93609397.84481592,60163384.54395444,220393287.09783912,607375303.2232753,114153698.46167687,283041838.64427704,2296757.941198656,2368769.953934004,1064434.2234317127,2800083.308841709,525968.2015810232,666699.2490616738,2656660.1062142453,262906.49198200234,28937.12887047786,2136318.9097201386,1517266.4795819637,57918.79431246744,908968.8383718873,1622489.473992074,1539322.9746264876,1050815.6778124422,363285.97387815337,3910073.090628974,223626.62709365037,582838.2803813597,38767855.39839192,243627403.82223907,16647718.408458281,117720.14475733362,0.0
"human toxicity (HTP20) | Problem oriented approach: non baseline (CML, 1999) | HTP 20 (Huijbregts, 1999 & 2000)",858781.0862110353,784541183.6116151,131909286.60641308,2357935287.178213,207114213.88085893,69588320.92756449,7306783.683584574,97554001.15240848,369302223.05807817,182232792.31364822,994987942.5233326,418302478.6890098,27079124.501839012,110780790.48143339,6411637.863325717,0.0,0.0,1041501952.6833453,639681320.411003,0.0,0.0,2531896.082586053,0.0,282206.5411897675,0.0,0.0,0.0,38920.99007265811,4731886.165606982,0.017985362987598008,0.0,0.0,0.0,0.0,0.0,71999.11993116766,0.0,0.0,556.6452220581833,2134244.209987727,2939722.888189823,6931750.138754874,1501418844.0039058,469667429.7589734,2171559926.281273,5062597471.24342,25354000.791089214,1363215245.3173964,5146409.802240418,73973942.85373376,3024447940.8473287,4296973797.3012495,118968387.07382686,62096525.77986183,1387748700.7655153,1471013728.574892,261793806.94091162,404199950.7753382,0.0,993903.5918704371,0.0,584900388.1228973,1124017968.4296284,20117111.577566873,0.0,1049646.334973927,5730093886.4092,1270410.8786945008,0.0,40588997.32292238,7132177.0893642735,2927769010.5764265,126611228.66958727,0.0,126239768.54923457,0.0,0.0,18890743.947083272,4155649.2737418893,1582115.5762031078,60672449.94410678,87490.69796587198,1076460.6912819177,1448165.8005753504,226418922.46152562,6148583065.43502,0.0,1242029.538742635,5328135.367937778,3985625442.558789,0.0,4591320.10872861,46996907.90308062,54194037.504845895,0.0,839186500.1181921,53428287.239784315,0.0,316084026.09828955,2452343.70697593,42668134.5700857,0.0,179700002.37288743,1713280693.481498,0.0,2443090.3929053857,0.0,43553322.067693904,0.0,40179681.039898805,0.0,52109394.143180825,0.0,17787654.479039196,0.0,75527879.33208771,16137014595.118301,19098075128.908554,158361400.50952357,7523691344.25618,3103211263.918753,4456754498.422904,51141095496.9648,19554845280.51421,3298430502.204722,0.0,0.0,608283951.5718539,509694840.67331636,1555171109.0473273,219173646.5152745,16447.380783925473,81066560.9117808,71868428.66662495,16444.854061143527,0.0,1573930.6961886107,0.0,58005499.43171723,587653706.7429398,2225290076.1720414,1.0260804458263861,0.01747691709042689,0.0021528038825962383,0.0,0.06097105131534484,0.0,0.0,1002828029.5690937,110509331314.90456,0.0,2540119411.694197,131263063.90580979,845036963.4520558,348068620.76234424,6955103200.7975645,2512958374.0979924,2796969043.245626,213943340.63528526,148266392642.4228,285234237.62463456,3754044469.2109942,1497980417.3245025,3655607488.2674665,773550063.6157392,2952927431.5302696,16895536.596048724,9534852707.217304,477777407.8068869,3569095390.078773,1920516099.024816,7681210063.640196,19323436640.082054,4885118929.012285,10829285253.718353,90725361.78882828,93502801.52415955,44374265.98699097,109362555.58360778,23069258.215628035,28342976.598166697,103392720.4432661,12001313.280589322,1736999.4550292958,84124612.49644499,60845427.67849563,3584725.9132755864,37823889.73428005,64897253.743421145,60846468.268837385,42917746.58667952,16115160.169040702,149191055.35183567,10387790.70620394,24892484.988105685,1783207551.9383998,9882849536.925697,763814003.0279768,4965330.114395314,0.0
"Freshwater aquatic ecotoxicity (FAETP20) | Problem oriented approach: non baseline (CML, 1999) | FAETP 20 (Huijbregts, 1999 & 2000)",208.72670563257319,2945329.707543919,391431.8837489009,4835119.299294898,853976.266571934,142673.3097216406,4704.9411598267925,131039.26758740649,818859.4730341551,245649.64126625474,2428063.7262557903,799947.9131289975,56798.71136431628,178712.7065531355,1902.2646207746284,0.0,0.0,1252255.4509780884,646718.2336838555,0.0,0.0,1775.1907359999582,0.0,197.88786112970655,0.0,0.0,0.0,19.712440945434633,2972.5141022897456,1.1298189198192812e-05,0.0,0.0,0.0,0.0,0.0,39.5971501294066,0.0,0.0,0.31880084390079655,1718.2695854838066,2477.653412870774,5515.774567497069,2312371.303888687,523991.0843944004,2226644.5562798083,4358888.854363003,28612.225789212203,1464239.1597332195,2163.1730013869296,113595.2381455932,4108135.8686290975,6828095.293692238,168108.4834905294,81828.99080274664,1198609.0110883974,1478344.061664128,231881.95133282614,311138.3972952,0.0,806.2410045802532,0.0,529745.4503175288,1255238.8344420793,371047.1763270534,0.0,19360.051181306895,3383661.1820077025,750.1866578951797,0.0,23968.09151513662,4211.601282001044,1728868.4177599293,74764.83076053152,0.0,74545.48091865353,0.0,0.0,11155.118617730566,2453.9404439155314,934.2504969660056,35827.51308785514,51.663879288286765,635.6576920146703,855.1522020949905,137029.71974369112,8525289.03567747,0.0,243.04197122804064,3646.6641455179683,6388861.682119392,0.0,7361.913573661343,75356.55837540331,86896.81418294967,0.0,944797.6545796366,111241.80468773122,0.0,453348.4011154553,10482.411361999055,37484.815052550264,0.0,263547.48593662144,441327.30074669624,0.0,1515.9098937412778,0.0,3310514.1277783113,0.0,21397.61572254889,0.0,25265.62180173053,0.0,11647.193665664581,0.0,189662.39791775163,26756931.49711865,41203287.99569343,151072.18435249044,14084972.231534716,5263370.627724484,13780134.983718148,77077073.75727277,19685363.422244653,6136059.736976016,0.0,0.0,514245.78744222753,259273.958418354,1471778.4055979927,196924.37085299776,12.58171139473321,55147.92544745673,61440.4634278064,1.383950418383566,0.0,872.0240802597095,0.0,41045.083410870204,461054.20868186915,1780087.745545923,0.0009702870275245112,1.6529341026063383e-05,1.7443450200003018e-06,0.0,5.7666144351343175e-05,0.0,0.0,770300.7206384079,99741248.5811202,0.0,2094852.8753709567,74221.41351303326,404005.482726442,143129.7484739905,6199889.645137767,1393217.009256727,1411026.3545856348,147069.22487704057,8762115.129975028,196845.71768054581,2253016.0141703333,1255342.7795539587,2859921.8361866395,636802.3429606083,2191442.169513039,12731.332236168913,6765747.735399944,459261.8118358174,3230735.669957263,1842769.4557179317,5856201.323930153,15778389.684051702,3964225.190998194,10340611.463708056,75931.47128509647,77454.51887628139,31339.384032546637,87755.62709991162,15331.792430240139,19733.777498420863,86389.91620684354,6856.5327510435545,642.3797777249771,62758.118082850946,50492.2383310621,2104.1623050537737,30024.841850000925,55238.86366638857,49558.59500883553,32468.318146988197,9992.953041321742,130097.81961349328,5870.445052530011,16810.126875295107,1451091.3442884767,7925667.765087424,607293.477890723,2663.03642109167,0.0
"Marine aquatic ecotoxicity (MAETP20) | Problem oriented approach: non baseline (CML, 1999) | MAETP 20 (Huijbregts, 1999 & 2000)",10805.350440247526,65360917.71666126,9211482.639331415,131339319.59646617,18401832.01707215,3706872.1412015115,169182.33829609567,4113333.390767469,19890329.13901281,7155828.77265899,57124353.952670634,20321454.5670524,1404484.747605593,4903720.406339064,205527.71339793992,0.0,0.0,40079856.125608064,23766064.81005873,0.0,0.0,64212.4772096548,0.0,7158.726147743584,0.0,0.0,0.0,987.7299971655708,166304.04636837114,0.0006321028359060683,0.0,0.0,0.0,0.0,0.0,3510.347686115353,0.0,0.0,13.380337623967916,69388.29367511047,99292.92570527448,218826.50616413986,66083910.97120587,17112976.771553855,73851186.04960534,152875833.4761257,917998.4960343855,48669602.77648925,105078.81187386386,3176773.7771898117,128886689.33708282,208127397.94555736,5195750.814049367,2799526.592174957,45819144.396674655,54590931.5998301,8682845.664104553,12307337.910843689,0.0,32133.542328980508,0.0,20010808.249964323,44868132.011260115,10375129.439866127,0.0,541340.9662641931,157092950.19549128,34828.85227268192,0.0,1112764.548264388,195531.6548508708,80266027.13307986,3471100.445148137,0.0,3460916.708679866,0.0,0.0,517897.7442459761,113928.88449634881,43374.36844445199,1663360.906062898,2398.5945366029237,29511.625655246287,39702.07863088856,5908630.3487847755,294786552.29560673,0.0,16259.801601625522,148775.14364432046,213189024.65677512,0.0,245644.57868178785,2514419.715435424,2899482.339453305,0.0,34128520.35347387,3577191.5991424136,0.0,15661676.914047293,311473.5785131218,1476864.9469408088,0.0,9176793.891413482,27939086.062499598,0.0,96434.6074658447,0.0,90156051.88171683,0.0,3173225.1709469417,0.0,1260950.3405420645,0.0,558220.1147611038,0.0,5960046.351387489,905206416.742736,1332631412.9763875,5862615.457588807,467192334.43406373,177485742.85332525,425824835.8547276,2659934145.6295004,756659788.9860424,206784556.51147392,0.0,0.0,16998922.89630213,11410213.611197032,55439394.45565069,7497058.347836793,685.7046065936477,2757484.142301435,2350971.5854227757,177.05858886663017,0.0,37587.77814875212,0.0,1645996.6397994403,18113621.680130016,69632783.80664043,0.03623802055733562,0.000617283503211128,6.839747652820381e-05,0.0,0.002153508142676209,0.0,0.0,31719415.263964128,3931847017.4775724,0.0,83316717.31217143,3476571.0203164285,18949678.783876806,6891288.9095672695,225330051.92734903,103321794.8707304,66644797.74551011,9607636.51070979,1306814844.1894388,20011626.109126154,107240534.65540823,60595711.16741891,115957122.95423292,26100611.203524243,88610389.77856775,514153.44382221764,283650663.5751368,17411505.982566636,124562478.20145105,70438980.56128794,238606362.64773196,635079900.6322182,155416070.27891025,387672473.45716673,2977943.017609262,3054896.0047373865,1296067.0288174108,3492288.5899275243,655802.5696829008,819021.4469318772,3385958.658958277,300840.0917336058,32906.16121907578,2543746.1816265523,1982380.2043262029,87801.16551208432,1189574.4832318393,2150165.402071328,1956977.73108053,1306924.3570520645,427115.2506817815,5054649.434615054,258296.83216255254,699247.8448943539,56622967.05492116,311235032.56206274,23400597.489757307,119924.39372807584,0.0
"Freshwater sedimental ecotoxicity (FSETP20) | Problem oriented approach: non baseline (CML, 1999) | FSETP 20 (Huijbregts, 1999 & 2000)",585.7952291868122,8622555.652730126,1153767.2979948772,14526979.181353765,2489030.739626508,423840.4986504939,13853.099170988717,398840.9535128104,2404662.5816145074,731728.5718616155,7109226.234124945,2357920.311462889,167060.19585671095,532348.0390887123,5220.467170571443,0.0,0.0,3784339.898760412,2022488.1131186385,0.0,0.0,4433.071654002522,0.0,494.28221088942075,0.0,0.0,0.0,60.480668278334186,9015.360908700266,3.426636498969348e-05,0.0,0.0,0.0,0.0,0.0,113.66463725952913,0.0,0.0,0.9683566851474493,5386.388986745483,7780.967664345285,17349.719227509402,6971077.669742456,1599123.9396642754,6800699.467842033,13327787.246928038,87097.23433530991,4486426.602774294,6660.127604575346,338765.61611790553,12606732.890114471,20988552.109775282,516675.445974815,260161.02173319174,3736592.83455081,4668168.015119085,728442.01492915,970839.2595735366,0.0,2535.140972418815,0.0,1670490.0468358302,3984840.7443179986,1201047.595195889,0.0,62666.81003960125,10375705.0142053,2300.3826441237684,0.0,73496.08425171154,12914.511883145617,5301425.806560082,229259.901531431,0.0,228587.28417011135,0.0,0.0,34206.208585643755,7524.796602288397,2864.798525568688,109861.97706225938,158.4228272087964,1949.1894571962316,2622.2504301847166,428307.9510518497,27186938.71044988,0.0,727.8252800800288,11408.781340904392,20436529.23833223,0.0,23549.254263071627,241050.18521668826,277965.1063706573,0.0,2998498.3743124385,358238.20359980455,0.0,1447299.5254192562,33906.0493896013,117891.09852701671,0.0,840832.6996227752,1271441.3775425968,0.0,4570.029411398479,0.0,10838832.889406065,0.0,57980.94480022424,0.0,78054.21229495504,0.0,36126.43389001033,0.0,613499.6276244154,85963015.77177499,132856000.73111801,476819.29671734606,45317129.87579758,16896479.901209272,44629020.249957025,246353172.82455468,62338427.653839424,19693933.603885952,0.0,0.0,1222959.7633337406,802634.4739268514,4594150.139049423,614357.5369636831,38.16146926859856,162228.76699327774,191162.77694857883,3.665037969089193,0.0,2694.316667280302,0.0,127441.95372024507,1409627.897144162,5442609.694797975,0.003022758093539463,5.1493851824233915e-05,5.441610623167746e-06,0.0,0.0001796471711242885,0.0,0.0,2416647.239578547,314701512.6188772,0.0,6601640.9714113865,229908.2403939374,1247238.574233216,441139.44116976525,19161994.385452744,4103600.8483626223,4346845.709794084,441424.07961671794,22191272.716763686,514519.61727950256,6951025.028556499,3890516.8067704015,8950453.682736456,1992782.919683506,6862741.168425912,39873.1835487994,21140416.239637192,1450306.327366926,10168216.535973484,5818513.849218746,18326330.369302463,49519598.713566884,12368626.293491477,32584702.65746978,238471.3708385518,243136.13964078593,97962.30758975842,275310.65056994616,47814.60108907548,61684.20938766316,271364.2446581222,21358.670908618755,1974.6790232291826,196710.44609374536,158489.9915467112,6545.22295482506,94223.89893869271,173576.45973570494,155746.9957277639,101869.59491439142,31185.399050902535,409391.62318292784,18283.51540490564,52606.90809789873,4547935.439423255,24716182.75787246,1901571.2169717383,8220.754077054804,0.0
"Marine sedimental ecotoxicity (MSETP20) | Problem oriented approach: non baseline (CML, 1999) | MSETP 20 (Huijbregts, 1999 & 2000)",21981.47948216425,179721207.01136807,25190364.785991702,354836358.7996596,50646291.51856773,9946829.027446462,402601.08209042816,10835750.631050462,53310597.505389474,18537721.72192715,153753032.1960462,54036323.16754605,3753214.879217032,12974467.397222107,375429.36760507565,0.0,0.0,103386073.40060648,62471917.632989645,0.0,0.0,143356.2407712146,0.0,15984.221546222037,0.0,0.0,0.0,2288.8805063346726,369404.5019419684,0.001404064650053777,0.0,0.0,0.0,0.0,0.0,6763.394548756004,0.0,0.0,32.6972603751422,176035.8599413136,253153.68976537438,560794.525675631,176476430.6928952,44633790.08375268,192051135.4653099,391240339.7051573,2400736.820605885,126923628.24135496,246883.74067431808,8369516.12359,344388012.0950939,563324712.1146983,13986735.991546825,7722998.814471852,118286383.05624932,144358704.48216283,22650030.54097702,31242440.010387626,0.0,82226.46255543109,0.0,52361229.69986497,120635192.3489597,32037108.98013008,0.0,1671593.5577140723,372928536.546743,82681.44984647409,0.0,2641631.301632939,464179.5434540886,190546373.9524112,8240168.687341368,0.0,8215993.153458989,0.0,0.0,1229455.8578189514,270459.8271686498,102967.95448831722,3948711.559720792,5694.108792463755,70058.69680220916,94250.17520436549,14621117.462580364,806158723.9848621,0.0,34122.39771958238,376700.4896944134,594248519.8795477,0.0,684736.8797114076,7008969.555243534,8082336.4465911435,0.0,91454891.74283136,10193988.427246854,0.0,42944061.65345954,927488.7196458358,3812478.5538657918,0.0,25098040.606595486,59117495.72334986,0.0,205556.73809301472,0.0,281719482.1474715,0.0,6141710.595706302,0.0,2951784.900411135,0.0,1337374.3413918496,0.0,17230593.448128324,2519668909.8899245,3794611297.8680058,15207054.459473742,1313222680.722043,494398530.9242024,1241573812.4634595,7328530439.490618,1977222418.8434565,575564259.23685,0.0,0.0,37553144.09391828,27797432.126089845,144284501.82157707,19418982.851314794,1533.8857021391982,6016521.028444736,6063791.258251205,313.03415676187916,0.0,92139.33891295976,0.0,4161379.3271278394,45594564.48308195,175560147.52197015,0.09448038967764884,0.001609434379276684,0.00017438864070194507,0.0,0.005614824551951305,0.0,0.0,80146380.43728308,10144534587.050701,0.0,214047872.09604925,8283161.253917249,44998010.89782338,16205545.492798014,579548878.385669,209218672.9386233,157716291.37687442,20282978.639446575,2245198581.184204,36410604.538957186,253478859.8530442,143095588.94560874,293791596.9086953,65833453.09018995,224804846.2891475,1304908.58020953,708891083.0040392,45565420.091619015,323151260.00352967,183812255.07623225,602738954.0019182,1617218390.8005152,396351357.48066574,1016013242.8901846,7666399.704169332,7843654.2917326,3256205.1131965443,8930830.568296542,1624160.9288181218,2055057.2126567564,8718650.552494092,737274.5787921515,75727.73678488458,6451988.876131806,5098822.076517343,219031.13353804132,3048804.049118679,5554930.695659608,5027844.649318174,3327869.632159896,1058578.7410478948,13079150.01458328,632383.3353251907,1754607.4644153356,145585503.02978507,793734862.8684878,60543089.80642479,289743.71809820493,0.0
"Terrestrial ecotoxicity (TETP20) | Problem oriented approach: non baseline (CML, 1999) | TETP 20 (Huijbregts, 1999 & 2000)",75.31635749096402,113056.04921253698,18489.928707265404,343643.4105057107,29332.335787613454,9420.414078557858,775.4567122532684,13461.911587440505,45794.276504265945,21950.217381867904,121762.32371069344,51228.83882475519,3346.9302549783106,13880.408214464667,510.02778366792427,0.0,0.0,149254.7770527289,91614.16844222005,0.0,0.0,462.81375586797174,0.0,51.57632069026601,0.0,0.0,0.0,4.531629374051358,561.5974362343574,2.1345681987803947e-06,0.0,0.0,0.0,0.0,0.0,7.532063555659869,0.0,0.0,0.06544017684958119,294.82869773782323,393.5960004062178,909.7257639405377,186022.32546635077,57871.32360878968,259485.76708983045,584066.1904379864,3085.4949095299244,169637.76082352753,569.5327250440329,9332.291640036066,393074.73344977276,591410.3370472842,15128.636820203994,8121.589217623621,183859.33253137761,197718.36484560193,33369.274485421214,52981.53417739728,0.0,133.10058375169749,0.0,74918.70774190742,143927.11291781336,8149.644985366105,0.0,425.2223273425775,752670.5951395605,166.8735158897704,0.0,5331.526040753195,936.8397936400728,384574.0902867784,16630.887856931186,0.0,16582.095094531836,0.0,0.0,2481.374262136701,545.8610407321846,207.81716599923178,7969.567325750775,11.492250750343102,141.3973881023735,190.2223308536535,29711.003370753442,848127.0682578316,0.0,116.29652900382854,667.170079839058,573591.2248969229,0.0,660.7899183038878,6763.863604392077,7799.687111151847,0.0,117463.7306339217,7502.891413478406,0.0,43548.58178527564,437.34527873481994,6313.38201947932,0.0,26955.75804932387,283604.11591206415,0.0,279.2369736797358,0.0,30530.905247506285,0.0,229338.8442899102,0.0,10655.70654760594,0.0,7784.966137240072,0.0,12171.096767423864,2655506.2338250675,3127225.5342440144,21572.82584243678,1244366.1249571263,484330.3568151066,756799.6138331889,8249150.750377894,2976746.8879780476,492841.6014142441,0.0,0.0,134041.21060989032,57365.066518647225,215430.3272121691,29495.491270596507,1.9888547937526788,9383.802405858993,9492.006527557473,1.405743708796772,0.0,179.7437393464673,0.0,7189.984854063274,78393.14509272292,300282.097491354,0.0001402060449300042,2.388042930109222e-06,2.7030849225583473e-07,0.0,8.331036321114983e-06,0.0,0.0,148119.5236686878,17397605.63153206,0.0,343595.049877487,14960.83556583558,92671.38551901012,37126.07787425078,839754.8848306689,267457.71345576784,315317.2578655174,23929.86593705732,12567908.67394096,49128.2588064109,450756.98362208274,195643.54807354175,501596.8074277324,98125.42179782352,367739.3894195522,2127.6869872447055,1255856.4470426752,64708.234731806,473235.3101837383,272040.33002634015,1025218.3378896655,2684737.944364652,614288.9907411671,1431692.6538468914,11861.914527688134,12204.555584226378,5585.328448298832,14297.642939152947,2834.3410697100376,3538.0801233755087,13549.311834941811,1426.8718883725955,183.71691075539516,10818.900672828018,7876.337845023882,387.11306489296754,4800.26654995889,8420.541796465892,7856.022033510617,5441.678012364087,1939.7374813689496,19702.50712108339,1222.5509377134583,3075.471612129246,216770.411308369,1275442.0316629608,93366.29636060084,613.2670323981687,0.0
"human toxicity (HTP100) | Problem oriented approach: non baseline (CML, 1999) | HTP 100 (Huijbregts, 1999 & 2000)",858795.3313412708,784664433.934178,131928752.00390093,2358324424.0686674,207144629.45501736,69597934.50378287,7307350.175022596,97568577.58414842,369345081.4862903,182252582.0530761,995093150.0481951,418349272.91168827,27082227.68760553,110793961.89662251,6411932.191679289,0.0,0.0,1041698722.1407509,639772520.3406848,0.0,0.0,2532618.384739923,0.0,282287.0242505375,0.0,0.0,0.0,38925.18543187251,4732465.87330933,0.017987566390862745,0.0,0.0,0.0,0.0,0.0,72006.65980290374,0.0,0.0,556.710666069483,2134596.539538246,2940153.12601619,6932699.900761311,1501580704.4039721,469718980.20101815,2171777692.352,5063063571.702028,25356713.429381564,1363372876.06479,5146830.123594049,73982466.93345171,3024822435.215737,4297574347.279766,118981832.420854,62102380.9998737,1387929908.77923,1471221034.7506394,261826223.5770249,404261204.1285011,0.0,994050.6313820044,0.0,584975430.1061984,1124151660.5609026,20120070.957227074,0.0,1049800.7459042948,5731008754.817073,1270613.7128535071,0.0,40595477.7736957,7133315.814760524,2928236459.0033493,126631443.45389485,0.0,126259924.02611494,0.0,0.0,18893760.048564255,4156312.765878185,1582368.1772200526,60682136.92459508,87504.66675538023,1076632.5592998585,1448397.0151334973,226454750.89103174,6149455499.08261,0.0,1242065.7181545086,5328660.067068932,3986210330.1954556,0.0,4591993.889144293,47003804.73838324,54201990.526944675,0.0,839323085.8975539,53435189.56435676,0.0,316126307.8490036,2452667.0090001486,42676687.23322057,0.0,179730156.07474023,1713857876.7610662,0.0,2443384.6107409527,0.0,43560175.38058407,0.0,40206075.176605076,0.0,52115192.662290946,0.0,17790637.95455699,0.0,75543809.18624781,16141032106.114025,19102197460.760086,158384248.842399,7525266508.795553,3103815364.2016654,4457593986.771626,51152526890.435356,19558843415.263947,3299008380.8294554,0.0,0.0,608523797.768723,509737141.22774595,1555397696.8513427,219203625.93132582,16449.364918286225,81074503.1448451,71877851.59423831,16445.089742053984,0.0,1574065.9900196784,0.0,58011940.29855418,587734307.4064661,2225604855.7633104,1.0262250756540492,0.017479380034880757,0.0021530606469783733,0.0,0.060979643457897914,0.0,0.0,1003033645.6982003,110532092313.81007,0.0,2540506493.935427,131275713.69764079,845106950.3771156,348094564.6472303,6955832922.179265,2513213601.64312,2797242139.633593,213971923.7773496,148267842421.24527,285279379.593293,3754506350.100633,1498201847.759146,3656177605.2220464,773646727.314928,2953277308.206393,16897612.119527124,9536237167.322054,477848395.0294362,3569582286.4934525,1920837109.9664621,7682378703.327979,19326622799.89046,4885704453.288614,10830763370.022924,90737469.74417342,93515297.11126526,44379798.107105866,109377406.61887875,23071948.367087442,28346398.021545053,103406469.2741179,12002574.9353095,1737120.5494030074,84135533.14903986,60853223.521864034,3584995.2627964607,37828481.910353445,64905578.77493045,60854285.13624841,42923031.52233916,16116919.230589453,149211250.3640269,10388851.303254316,24895363.38670091,1783403448.1085696,9884136463.802494,763905210.8168132,4965901.93610784,0.0
"Freshwater aquatic ecotoxicity (FAETP100) | Problem oriented approach: non baseline (CML, 1999) | FAETP 100 (Huijbregts, 1999 & 2000)",276.9693889680155,3139548.57497804,423054.69555520045,5398364.914031138,905371.9203021802,157644.34905814845,5613.710929394024,152080.60794824615,890134.2613038045,278474.9909555599,2618211.453259007,878098.5107241471,61977.72771163512,199858.4388073016,3486.329945037181,0.0,0.0,1449881.993088255,800644.9249300058,0.0,0.0,3203.5309626235917,0.0,357.01481821737093,0.0,0.0,0.0,26.29904798703149,4127.64960351397,1.568872835399621e-05,0.0,0.0,0.0,0.0,0.0,65.79781800024296,0.0,0.0,0.42113277343877037,2137.4969748440535,3073.7645775560773,6812.294953229517,2607589.7616121555,611664.4217351517,2617423.321170278,5216112.937194365,33376.604664828665,1720888.453491309,2847.7261069252436,127598.15839391384,4758459.021097263,7840154.275930598,193504.64511142654,96449.5313697814,1494355.2542231998,1800293.0061048975,283125.62988497363,384135.24235865776,0.0,999.4510175541849,0.0,647693.0639618118,1510687.257885565,410902.36115746165,0.0,21439.56685202701,4451039.680639688,986.833614000278,0.0,31528.84425076475,5540.15411496404,2274241.277755333,98349.45360570353,0.0,98060.90968960676,0.0,0.0,14674.009287551153,3228.0378279462034,1228.9605284335519,47129.32940393409,67.96128955644433,836.176395318557,1124.9106162797948,173304.82573637945,10135483.68279232,0.0,355.6099967754602,4568.028564786862,7516824.5508859595,0.0,8661.531295873894,88659.46145751722,102236.94390520286,0.0,1138089.2342717163,128974.42956247868,0.0,536782.0785589268,11852.808073503085,46010.389538751304,0.0,312832.05229555164,665936.0161092213,0.0,2184.332690046967,0.0,3664545.6944180476,0.0,43450.349405851746,0.0,33383.63142774911,0.0,15174.275671623873,0.0,217665.89954297757,31327771.00375459,47660043.661052376,185480.3293374794,16406285.946365107,6166153.3005475495,15758605.128456386,90793804.18676014,23948343.620477833,7199937.494011749,0.0,0.0,980112.6850471073,335078.94057256053,1832893.070577651,245680.30558818384,17.452720039953345,79629.68864871324,77124.62777043215,2.7429930677614403,0.0,1126.6620745956438,0.0,52051.21812533255,603295.5881834639,2328458.8668506322,0.0012112969095996085,2.0635189278285504e-05,2.1594898267274988e-06,0.0,7.199030850705578e-05,0.0,0.0,960244.4521783227,122385805.03978331,0.0,2577606.5545703834,96448.2127172426,528017.0047257108,188897.2740194834,7481079.864984977,2146629.6697504735,1854054.7600810684,214784.3080994966,18856938.314286284,382976.84308769694,2951821.4508031746,1640470.4486913858,3572904.685747264,796541.651828512,2730737.8795734495,15868.914601076116,8502192.097476816,559121.9990306973,3963398.404049425,2247123.953134001,7307342.508503269,19588624.68099511,4907025.2750027,12584208.283566253,93869.63331651827,95922.5097855076,39373.23667392544,108968.81568260073,19433.496782373986,24799.32446911492,106791.59983294431,8738.698768369153,858.4877522520733,78269.72634698874,62485.85115194417,2658.0716254545937,37187.339023399756,68094.94471289932,61178.3368114156,40316.82387223131,12630.22191944182,159973.34066746474,7481.60788996903,21074.409588323393,1792943.3029817976,9889608.824768154,749428.8534342416,3449.485625503241,0.0
"Marine aquatic ecotoxicity (MAETP100) | Problem oriented approach: non baseline (CML, 1999) | MAETP 100 (Huijbregts, 1999 & 2000)",49262.52867100322,133057882.08788024,19704122.407378003,310589790.58645815,36738060.35568153,8792850.21605892,580730.8370165644,10952793.418256843,46038160.109476715,19449084.500700377,128677906.03172565,49068146.89859642,3305239.5284098415,12363274.124964302,1096407.3257800767,0.0,0.0,112647121.95673414,66462617.07777059,0.0,0.0,243214.2365356499,0.0,27109.748050151353,0.0,0.0,0.0,3740.0079026143576,679795.359231574,0.00258382514261074,0.0,0.0,0.0,0.0,0.0,17617.79811168955,0.0,0.0,45.007100014338775,213703.73533349982,303057.757471189,659344.0852075677,164943021.01026958,47329026.86638278,206681099.445027,450644626.94562715,2510076.7139694477,135146429.52132487,387950.32531643746,8156979.900564879,331011292.3847219,510792251.1504851,13025501.114319142,6774871.043697313,134844403.59257406,150453090.9118349,24819323.44252012,37776815.259046614,0.0,97167.1747709481,0.0,56884849.05179481,117536898.05361657,14676715.332743201,0.0,765783.9166541727,562289832.2594812,124664.47116067169,0.0,3982967.9843822224,699875.2092248141,287299785.74428487,12424265.28158184,0.0,12387814.177628703,0.0,0.0,1853734.5907787092,407790.7588324033,155251.81957576383,5953742.18787605,8585.396869175465,105632.28341678013,142107.42819170858,19371086.226430133,729426642.767797,0.0,73110.41471171462,463632.15436447144,493681213.486327,0.0,568774.0696706462,5821982.269584285,6713567.544316491,0.0,90302364.22729215,7607360.258151798,0.0,38403096.963521525,541069.4273128123,4356640.576253151,0.0,22734384.232483305,119340744.80346581,0.0,421691.83382911404,0.0,115185096.73851344,0.0,18374389.408092715,0.0,4742201.827391254,0.0,2040295.6203710584,0.0,11904949.978277422,2103696230.6008916,2842179206.711518,17116756.83205007,1049893464.4471768,412563734.5019718,819317538.0069534,6428638273.748599,2162591520.976114,482129267.5669402,0.0,0.0,64140257.10548127,38936008.44011932,159616403.49456474,21882944.96519761,2767.5681805292593,11003142.770304054,6937181.181175124,981.1042360618972,0.0,126320.72490309499,0.0,5127025.62412756,56567565.20012306,216454996.44733334,0.103708412525955,0.0017664447973968907,0.00020805149873984592,0.0,0.006162524802362042,0.0,0.0,98830637.39820285,11628101069.85638,0.0,249759867.43718022,12457520.706366722,68155492.09612612,25337036.342245053,661695007.1577303,486406578.0097548,241476239.45471734,42632265.04660637,7456027121.199219,106854602.52935648,389698478.52766794,221135268.33596665,359433570.25368696,81966267.27263647,274143154.7560797,1588723.5229316412,910948077.7089343,49447778.776880406,362794283.22777754,201823755.62729004,744013535.9435018,1944384549.732282,472468920.85950917,1095972160.0024097,8864791.190484023,9158475.137989083,4108732.5437585153,10579647.000028439,2153889.726162557,2605734.6150857382,10074113.635154502,1012933.8954709915,126425.21164933448,7873794.501387641,5914548.3493636,283624.8613923713,3586196.2835400268,6342065.1927442625,5862346.033427576,4008548.1591636306,1400698.61835587,14842431.925138567,871863.9519102911,2226292.945806968,168934590.71187937,945260242.8170348,68612278.66422546,416765.7561404882,0.0
"Freshwater sedimental ecotoxicity (FSETP100) | Problem oriented approach: non baseline (CML, 1999) | FSETP 100 (Huijbregts, 1999 & 2000)",756.9584418759595,9152586.72206679,1239821.874526253,16084033.740106456,2627241.9556667893,464499.28765625565,16224.409696530904,456231.6989796212,2595871.0528289154,820080.1787968691,7621810.07512852,2568137.1081048604,180977.51030644754,589680.159913282,9185.616194366214,0.0,0.0,4328046.162725975,2426240.2251070286,0.0,0.0,6683.623862471746,0.0,745.0580815556092,0.0,0.0,0.0,77.80109871253148,12003.616530847185,4.562438601541489e-05,0.0,0.0,0.0,0.0,0.0,180.18434993300988,0.0,0.0,1.2141269221014124,6544.009632191171,9427.44447980079,20955.399103324125,7790896.570759533,1841143.6989664193,7867776.494338039,15636215.278173972,100054.26759848668,5193879.631628492,8476.819612624913,376709.555009653,14416958.854419954,23847285.202232666,588349.2340063949,303049.02489756345,4514539.633831452,5562347.135677866,869992.7385606625,1171458.4375948275,0.0,3069.1045210226557,0.0,1998220.4495309032,4710238.941198784,1339521.2107332137,0.0,69891.91901348818,13166472.28907143,2919.1196510020272,0.0,93264.4244743728,16388.14543977751,6727357.406468027,290924.24431961984,0.0,290070.71216514666,0.0,0.0,43406.69832510325,9548.75122456176,3635.347222431529,139411.70019622013,201.03402755996768,2473.4655560572987,3327.5606411898234,527770.1314716378,31875026.15922934,0.0,1022.8517583516434,13901.698081128221,23763285.78759145,0.0,27382.389576955422,280286.1943897191,323209.78264924645,0.0,3548536.6294837287,412780.6791800462,0.0,1694270.471143878,38380.060048068284,141836.26115068485,0.0,985307.0280201195,1806768.8705010081,0.0,6317.876231929759,0.0,12094644.277216872,0.0,115234.46232132574,0.0,99847.8251667722,0.0,45636.72137556879,0.0,702449.4832229671,99887262.50592917,152978589.88660753,573056.7075537432,52449557.72541729,19631810.860955887,50955650.065689914,287379978.7178256,74532725.38316558,22897985.73403662,0.0,0.0,1918695.4378870951,1001414.0919362133,5539692.687210103,742192.5740603858,50.61252241469733,222624.38489351564,231718.3130662983,7.100330928389561,0.0,3353.440448550474,0.0,155980.79355591626,1748576.9080308059,6747534.609337373,0.0036457921360207833,6.210713757914974e-05,6.570643905283303e-06,0.0,0.00021667372740670767,0.0,0.0,2942696.356913311,378702169.7484139,0.0,7962330.123807487,289661.8883398749,1578291.7080407843,562182.1921902437,22669259.898892984,6031049.569151929,5516724.075918771,616948.3233132294,47697980.76806292,937517.1542146378,8814104.814226707,4932002.859090657,10892990.029927852,2429305.2916360586,8339457.3721333025,48451.4620369094,25886599.464152113,1732991.4856746083,12210717.467126109,6961244.0990664475,22309273.70457307,60040202.529683724,14933727.375509147,38867838.6280341,287821.2733986288,293860.498064199,119785.05323997012,333461.9693879875,58923.553967030544,75464.147447291,327495.0582923555,26467.10035896562,2551.050018814199,239206.27309996932,191430.89555183132,8024.3606425207645,113942.63792881217,209067.5301010633,187988.98706914415,123533.11218331651,38380.59982821757,492481.4078931466,22663.118973883207,64301.439304654676,5484476.261845467,29968484.71034735,2286979.4596789866,10289.771933704755,0.0
"Marine sedimental ecotoxicity (MSETP100) | Problem oriented approach: non baseline (CML, 1999) | MSETP 100 (Huijbregts, 1999 & 2000)",66326.53659322351,262026637.4039013,37999841.16898288,576215664.4818114,72789253.94900666,16149833.865102598,890102.4535571397,19239445.38035971,84847221.18792126,33357203.904936638,239784032.41874093,88721659.5727488,6046367.165465465,22032769.12841122,1396712.0763675466,0.0,0.0,192173518.57241535,115161036.57362248,0.0,0.0,339314.0533709253,0.0,37827.05730432816,0.0,0.0,0.0,5569.346071867544,974021.618195486,0.003702145810578262,0.0,0.0,0.0,0.0,0.0,23028.3422882795,0.0,0.0,70.59981573583134,352919.37359436206,503007.17659275274,1102886.4695900837,297469941.69765854,81513814.1855906,353900238.2214531,752235555.2451402,4343266.982661997,232707675.19128284,585354.1281848841,14410428.385091767,594058646.1768658,940275762.2369188,23689036.44000317,12755536.405341405,227271653.23230666,263667160.56520152,42563379.06658647,62478833.569205366,0.0,162259.91729586487,0.0,97990938.72362353,211646210.31369698,39089721.37783892,0.0,2039576.2446465543,859922536.665454,190652.19016399086,0.0,6091242.871625508,1070334.9604259308,439374049.406738,19000709.42784707,0.0,18944963.93144595,0.0,0.0,2834958.1659308956,623643.615059716,237430.11315077535,9105192.359031133,13129.841261544116,161545.83615992128,217328.09859759855,31022988.385072332,1358081232.5563111,0.0,100605.8864338891,760069.0167232595,956513588.4349573,0.0,1102081.1462458307,11280915.93768097,13008492.566720132,0.0,162083631.04294005,15512993.977488706,0.0,71749974.75172062,1253503.7898682416,7376852.54143602,0.0,42324955.53107529,167809726.45208624,0.0,585780.5147599077,0.0,331387640.8674345,0.0,26075762.344399426,0.0,7166804.991352436,0.0,3178630.1508950093,0.0,25334258.336944766,4086946137.5509453,5810245762.524593,29101424.81145655,2080172813.9495177,800181228.8982956,1783874953.2900324,12184507337.453571,3738399108.7571244,931536169.6246245,0.0,0.0,87815856.23433459,60898717.810602166,272334627.2177194,37060072.917696536,3976.6765461808254,15282051.887508541,11670252.910152186,1238.0394256995933,0.0,198749.41828781329,0.0,8387232.012638375,91820610.29981661,352140039.3836409,0.17729782896044483,0.0030199818176212365,0.0003446765569319154,0.0,0.010535721493668701,0.0,0.0,162925883.0666097,19728075358.01949,0.0,419592523.1046529,19031380.894946143,103692321.05275889,38200543.19623487,1111348421.7881515,653235926.895253,366571628.04887044,58815181.77494431,9315897594.679749,135530542.50856555,591450302.0195105,334643766.32914805,592514327.4800943,133753725.18443127,451289625.8548692,2617610.7425873815,1475106825.237557,85264452.36460833,616680512.3076073,347084124.946059,1221114808.0761974,3230099856.8373966,783044058.3011645,1893563018.9574692,14898584.925396815,15334141.572832832,6681749.66872566,17622903.544667732,3438370.5862224703,4229531.655925913,16939333.82580354,1598468.269566142,186967.01864201148,12974800.492416117,9922262.13574884,455396.6841389632,5985066.26611458,10708076.427539317,9824853.717354592,6635279.262421351,2239366.2509424053,25136359.857092433,1373978.4212798215,3614918.8277208568,282893187.8165706,1567580607.1210887,115980467.65613702,648314.8932661362,0.0
"Terrestrial ecotoxicity (TETP100) | Problem oriented approach: non baseline (CML, 1999) | TETP 100 (Huijbregts, 1999 & 2000)",357.17115073256736,502737.5326726689,83003.77465051349,1567932.862462775,129554.39497182466,42971.52968063525,3646.6374952412575,62142.7155802002,208030.5739301739,101296.4715190113,550343.1393987042,233931.64199972487,15234.656364787072,63707.36314499092,2416.4485961757678,0.0,0.0,696351.6982369511,422970.5688471231,0.0,0.0,2117.966419664715,0.0,236.03068003870825,0.0,0.0,0.0,21.333418488811635,2634.486586676615,1.001338490040908e-05,0.0,0.0,0.0,0.0,0.0,35.54934609407264,0.0,0.0,0.3058995689069595,1378.440229611395,1832.9989911134685,4240.409789248055,851076.8866258211,267378.0630730131,1199601.6277549977,2710052.5869222316,14237.701815016102,784566.6104144929,2682.6982357624383,42904.63089380957,1802735.3104277812,2700793.254915132,69142.36778687041,36851.73704352567,852413.9676612477,913084.2508959858,154592.74072810868,247709.71539819814,0.0,620.4922059516256,0.0,346708.1539458781,659157.0111063756,29314.312610782115,0.0,1529.5267771118945,3553094.516810843,787.7514786208343,0.0,25168.268913371867,4422.492861337194,1815439.7160318352,78508.60234995227,0.0,78278.2687913084,0.0,0.0,11713.699647479154,2576.8189740267644,981.0321245108433,37621.53875704511,54.25089459648125,667.4875936504676,897.9730642986931,139723.70201881172,3860883.510548488,0.0,550.9129305618031,3107.3358825556115,2591607.2794306427,0.0,2985.5371682097116,30560.045210286007,35240.03245484172,0.0,541470.1609912098,33145.21792076073,0.0,197808.95680672544,1821.663134199025,29537.9576221542,0.0,122924.85635597247,1360537.0817501154,0.0,1312.2373845187133,0.0,56444.904051723955,0.0,1087523.0754328934,0.0,50336.94168835418,0.0,36810.36778919752,0.0,53755.06530439228,12145991.898319624,14023393.953856802,99994.23843170755,5638026.162395373,2199537.491967508,3280547.2607065183,37851422.71317309,13884883.207022505,2215143.3780785636,0.0,0.0,610155.1894328826,268761.86861520633,997110.0308217561,136631.82475813737,9.263990021913417,43833.649091212515,43991.59008069443,6.698534457165603,0.0,840.0882682632255,0.0,33462.99121996175,363448.3191424447,1391872.6066202587,0.0006481141533608101,1.1038774052354563e-05,1.2566302179011577e-06,0.0,3.851031816368425e-05,0.0,0.0,696150.1165661842,81460811.81667002,0.0,1603880.4674296493,70115.05242459114,435319.2371376504,174649.6356902463,3893324.139861224,1258649.6187093568,1481838.6661111568,112239.83360048852,59930137.41758566,230255.10893147165,2117126.83102298,913175.5110330229,2345072.959908553,456127.60775636724,1713644.6113184397,9914.218046858055,5883930.723358528,300091.78212056134,2196234.564690782,1265040.9823728616,4794771.486104387,12552015.193562739,2855832.8510770034,6629369.377687717,55142.98002424733,56756.414935132925,26077.97784881181,66574.99304778311,13247.208000517563,16521.068660216628,63005.507872860406,6691.351959318972,866.429699839915,50483.56330493016,36612.361237669174,1803.6217260000788,22331.210701837852,39112.01291773987,36559.214154647285,25366.775748414548,9081.786794249674,91542.48337789753,5733.437281787124,14373.641876893664,1005315.1921304488,5933623.539287718,433214.74001559196,2883.9320412714083,0.0
"human toxicity (HTP500) | Problem oriented approach: non baseline (CML, 1999) | HTP 500 (Huijbregts, 1999 & 2000)",858838.3306114778,785038356.1551635,131987181.42747934,2359498309.468016,207236413.16502148,69627068.72581795,7309131.4022493325,97612787.97811098,369475184.74476755,182312693.0173969,995411587.8228177,418491299.58781093,27091644.136944197,110833842.66471423,6412869.455908487,0.0,0.0,1042283112.6861371,640035701.6018336,0.0,0.0,2533886.523837537,0.0,282428.37317433034,0.0,0.0,0.0,38938.18578411323,4734236.503297445,0.017994296354740497,0.0,0.0,0.0,0.0,0.0,72030.83908289431,0.0,0.0,556.9030614807984,2135654.1521338015,2941444.164829582,6935560.278805889,1502065053.3056629,469873874.88000745,2172426310.849814,5064457630.798378,25364774.4590259,1363846655.0831215,5148102.339937312,74008119.13219823,3025943672.3465652,4299378409.263387,119021998.4487462,62119143.62511844,1388452171.468301,1471836782.6434689,261921422.35034046,404443307.74609053,0.0,994486.2431412376,0.0,585191458.6643729,1124545648.5306535,20130537.001402684,0.0,1050346.8305113327,5733952647.779934,1271266.399130716,0.0,40616330.7764484,7136980.04198474,2929740629.57332,126696491.23735113,0.0,126324780.96822341,0.0,0.0,18903465.356967848,4158447.772196193,1583181.0049010739,60713308.00170898,87549.61597530414,1077185.6017311006,1449141.0247791826,226557958.032271,6152114359.519955,0.0,1242170.5967423012,5330122.325075765,3987952013.873145,0.0,4594000.253511377,47024341.94159132,54225672.81243654,0.0,839730902.5071405,53455937.41391173,0.0,316253622.75217164,2453589.229871091,42702056.68371988,0.0,179818011.3444304,1715338391.7687788,0.0,2444319.872781748,0.0,43580868.36146526,0.0,40289965.80307137,0.0,52133585.05636684,0.0,17800107.93471556,0.0,75592340.75804463,16153125093.568783,19114941202.576916,158452560.26986113,7530145272.248679,3105661934.4429407,4460162584.260384,51186843530.92173,19571265507.52693,3300762567.0808754,0.0,0.0,608949211.0367978,509862767.4241442,1556058286.9262269,219291125.00378144,16455.307773578555,81096346.31531188,71905086.45186694,16445.83529013657,0.0,1574461.5898578586,0.0,58030702.82543278,587952544.3105812,2226456777.018759,1.026641884474686,0.017486477315693645,0.0021538267873081594,0.0,0.061004402531997855,0.0,0.0,1003651065.2515048,110601657231.07912,0.0,2541707877.7898197,131314588.4672941,845319892.3304511,348171659.5426988,6958016892.16214,2514023341.8801975,2798090905.9272113,214064207.36222896,148272354598.20358,285398637.48962694,3755952633.6126275,1498887792.0456848,3657915823.4692426,773936995.9970613,2954327174.840908,16903818.02202546,9540509682.297716,478063030.83393174,3571049945.8921156,1921815066.3276982,7685911480.387715,19336432099.9433,4887452412.72133,10835205032.637867,90773188.6416137,93552155.4036474,44396029.45593013,109420999.58163543,23079859.307569697,28356498.468781143,103447869.00550868,12006415.164642453,1737490.9087817653,84168493.89036907,60876714.51224209,3585742.687616787,37842361.99651703,64930702.795803934,60878065.29144408,42939078.66821372,16122282.820581563,149272407.5621127,10392090.294734672,24904110.35649688,1783981298.7567573,9887933042.090588,764157291.1875987,4967651.27443141,0.0
"Freshwater aquatic ecotoxicity (FAETP500) | Problem oriented approach: non baseline (CML, 1999) | FAETP 500 (Huijbregts, 1999 & 2000)",503.10818003050935,3543030.5785835255,485625.7806074785,6458255.9460887695,1015098.990318208,187914.74997071928,8053.118916957572,192851.79291311683,1045816.3793136571,351285.53886700503,3042878.5072417036,1048928.1764252204,73282.49109083321,244093.3188395244,8750.275629669452,0.0,0.0,1881627.998016765,1059446.908344758,0.0,0.0,4813.630649702049,0.0,536.42819262905,0.0,0.0,0.0,42.62133081664919,7183.449390090473,2.730347715000912e-05,0.0,0.0,0.0,0.0,0.0,149.33620082271946,0.0,0.0,0.6186082691408208,3007.5953997348106,4274.279014519062,9391.210326398657,3187944.7094455133,789543.6111201737,3400741.70570806,6977889.909668943,42778.64480342019,2231750.7722069337,4512.455947701254,157124.94918132867,5948217.169588477,9616078.616418239,239029.72141628017,119079.80232986355,2034766.2959549313,2361418.0836517396,377529.37631216523,534380.225996084,0.0,1382.7288085114565,0.0,862640.720082028,1930580.723624078,428741.8229405177,0.0,22370.37272976427,7006717.6591119,1553.4493128717788,0.0,49631.93447776402,8721.174927132073,3580054.92318308,154819.30128687184,0.0,154365.0825217381,0.0,0.0,23099.4660538372,5081.4980953247805,1934.5995668805372,74189.83616123344,106.9829979364978,1316.2884033601754,1770.8067435570583,253279.29552200536,12625030.601684298,0.0,687.3907832145244,6419.863129024375,9070537.277389877,0.0,10451.35098688249,106980.11378169243,123363.23118172107,0.0,1462885.7139745036,150437.02586180545,0.0,669615.3309778771,12983.347774941843,63217.66792048841,0.0,390115.0981160634,1269820.6778973655,0.0,4107.309957233778,0.0,3682185.0156993913,0.0,116224.48538914704,0.0,53456.390114416005,0.0,23464.548236268878,0.0,247456.39570499904,37851082.72739151,55560368.67781029,250991.02723780164,19518254.363251098,7445347.150326825,17679063.143496912,112037059.12330134,32065184.871253636,8696290.006016597,0.0,0.0,1454304.172834577,499103.74357879127,2468131.07632712,333179.1721830595,29.908136915864443,147076.1784010155,105210.1967153973,7.454680402714215,0.0,1661.5508762718912,0.0,73176.64114275094,851798.3435825175,3280465.7277772967,0.0016265198919191222,2.77076555917348e-05,2.9937741134737773e-06,0.0,9.666376040816121e-05,0.0,0.0,1358826.705283542,167374629.9585366,0.0,3553817.3510699873,149363.12744544525,826884.6720386534,298780.19852449093,10063320.783891136,4420632.352039242,2910815.7925213682,409917.32848560857,54760241.27277126,914307.1326513207,4648078.8882794725,2588315.1545270095,5024702.352520936,1128283.2633645427,3831848.3829333503,22238.21674161657,12216626.031422513,748394.7333230401,5379482.1137781,3016101.1984575787,10336003.332561987,27321619.514078,6800528.34786395,16733251.643209016,128835.278940821,132180.67977414725,56100.48567333998,151051.82337776694,28330.38275126701,35415.70561099066,146465.48205662373,12953.692256887362,1410.4973634211713,109816.99159757645,85971.02528542161,3809.5304078886447,51428.4864630544,93012.76000378604,84290.4330654284,56292.59481261933,18408.44695638088,217958.1605114238,11114.487796770773,30097.498049652393,2460984.4766511205,13725487.455692898,1016700.9853820666,5218.581008580191,0.0
"Marine aquatic ecotoxicity (MAETP500) | Problem oriented approach: non baseline (CML, 1999) | MAETP 500 (Huijbregts, 1999 & 2000)",251500.9421711303,470687094.38171446,71728237.00041471,1191873538.4578795,128682874.28346547,34108343.952815786,2707362.425517097,44797370.03725155,177651586.8484234,81407314.49282318,489202364.5941588,193709354.56721362,12868803.59774495,49660302.46400707,5765359.062399689,0.0,0.0,477487268.6399304,274877903.60728836,0.0,0.0,1174846.2865069986,0.0,130943.5918439501,0.0,0.0,0.0,17830.13566327915,3323893.86269432,0.012633744007747276,0.0,0.0,0.0,0.0,0.0,91273.53713972445,0.0,0.0,205.13639075040012,932212.4779576141,1314274.9560256044,2841257.9135861085,652529206.0228958,197228372.72327036,865846160.7796179,1936973770.6597505,10402762.623299824,563255492.3889108,1832763.8204925456,33080786.68970204,1317400594.0511622,1973781553.1246114,51005660.52870117,25368253.12292194,574266960.1455323,615976544.1274602,103900063.66666996,164829605.0364706,0.0,419540.79875635495,0.0,237121682.5303111,464744898.78628993,25255364.889464732,0.0,1317743.9087850503,2632271819.125343,583597.2052171285,0.0,18645641.056166735,3276356.2211473896,1344948968.0738034,58162252.80617008,0.0,57991612.66987991,0.0,0.0,8677968.271047756,1909008.5949945208,726787.0875695068,27871511.952044487,40191.191370062144,494500.9972886513,665253.6771787914,87091987.77059476,2771493781.0331225,0.0,368224.8524713105,2030254.376005296,1781764934.9297543,0.0,2052589.594663124,21010366.821640115,24227909.4297371,0.0,360252329.02714294,25340061.98101877,0.0,144797216.98985472,1409213.7936833682,18614770.03341578,0.0,86506135.83084343,599170321.3674264,0.0,2103677.042966531,0.0,129916422.0637603,0.0,102939350.92908679,0.0,22635891.95469288,0.0,9706586.004087958,0.0,37215464.07145902,7632915646.749505,9532381761.410034,72418495.18621501,3697708340.435898,1494875296.2804282,2447491254.813245,24101385191.58354,9072877885.857578,1746992265.3276358,0.0,0.0,310964936.4650244,177916497.65143713,671669982.7957495,92770080.03849533,13454.338222463446,53067452.71177359,29586180.472466744,5215.128095814825,0.0,573388.1808457982,0.0,22474815.471511204,248530644.59142146,948915989.3088895,0.4349755923380874,0.007408515406619568,0.00090156795833452,0.0,0.025845676724092163,0.0,0.0,434587793.9482475,49753881196.61199,0.0,1074315124.5194263,58053083.89941112,318155036.4603427,119304359.83107439,2826965210.618776,2478071309.6887994,1131525306.5446749,213580939.31594592,39909991982.732994,562484816.5537033,1828749071.2132027,1037139337.1983324,1574188910.6370518,360272173.67898005,1197106746.6185212,6933731.903589422,4058680002.9940653,206147850.89461216,1534503511.4135191,846705513.1633672,3266421366.7792325,8463821074.937895,2046785634.5622199,4559185978.56036,37949478.026886836,39353503.34259766,18162628.381310243,45718974.92456083,9676572.674473993,11537140.546980705,43116589.26888345,4603778.83151306,605437.3369410045,34404566.913675174,25346157.931995563,1263414.67587223,15452361.525263771,27013593.852254044,25182177.33697013,17430919.21359274,6291686.347813317,63068975.59268664,3966904.4328029994,9861375.283486616,723501186.9236819,4092615567.1146097,291355802.55584157,1925194.435765401,0.0
"Freshwater sedimental ecotoxicity (FSETP500) | Problem oriented approach: non baseline (CML, 1999) | FSETP 500 (Huijbregts, 1999 & 2000)",1325.8417929935488,10157258.655074477,1395091.3931867664,18718962.114533726,2899890.267329282,539741.3774801816,22344.695780842045,557513.3188903574,2983395.590777435,1001678.9063723991,8680558.731679764,2993668.7915732274,209126.61484641154,699806.9066955355,22393.919542642958,0.0,0.0,5412097.5028041275,3055838.571027645,0.0,0.0,9824.590838131251,0.0,1095.1020467512444,0.0,0.0,0.0,118.61505984160317,19638.120576504054,7.464227098006062e-05,0.0,0.0,0.0,0.0,0.0,389.874557240871,0.0,0.0,1.6909065520583262,8723.619071196352,12425.132957025573,27402.388098795713,9236705.328016004,2284823.730415606,9815009.139439328,20009623.913763106,123385.53471395625,6466941.168236614,12642.979468248153,450241.2728202391,17371494.831761926,28263081.939389013,701562.9704201939,359316.609229818,5839387.711379569,6952164.205825013,1104255.8030728286,1547050.748612016,0.0,4026.1447003078993,0.0,2532047.7663254035,5751174.312543973,1384866.489028235,0.0,72257.89014554942,19563871.923261277,4337.477946495106,0.0,138580.2677733246,24350.909744448356,9996083.673227455,432280.15298205323,0.0,431011.90182743146,0.0,0.0,64497.38912752414,14188.352197600461,5401.710185332086,207149.84149511205,298.71357280694593,3675.2869164096305,4944.374528871207,728440.7565116328,38071568.853580184,0.0,1858.0974050900645,18497.429326619895,27614555.36215408,0.0,31818.89235772541,325698.3823478215,375576.41761426645,0.0,4356675.167710692,466297.567929988,0.0,2026973.6570854078,41210.29676425655,185049.77465146614,0.0,1178162.9039411964,3311553.85191007,0.0,11146.734414537044,0.0,12138097.988562724,0.0,302211.8177670885,0.0,150303.1847694443,0.0,66498.85195107477,0.0,777421.196831658,116331876.000257,172865672.05513248,736477.5673791543,60281346.95613224,22843189.616795573,55771808.60703984,340798892.6495481,94954842.0961743,26637919.161616202,0.0,0.0,2793709.649282777,1407958.1433145653,7090958.041407386,956250.3669385497,81.57534763439318,391341.8186855627,300178.36509761855,18.985580055036163,0.0,4672.749028033953,0.0,207786.93150505837,2341349.8751727333,9016438.259565787,0.004654552873834951,7.928868082440276e-05,8.645001715112928e-06,0.0,0.00027661413371146974,0.0,0.0,3943805.1744890497,491856345.1336724,0.0,10414428.574800035,422116.184756197,2326702.7869436354,836703.8412937945,29096244.569330636,11732746.936506977,8157010.810188804,1106195.31325151,138395304.04844245,2242885.9306068094,13063495.745807577,7309712.227639886,14514618.814585797,3256339.648341497,11085016.961380148,64323.49351432231,35183416.24530171,2206806.076342096,15745503.374670828,8887220.041372454,29886241.418668434,79388863.96785499,19642090.302975316,49206114.038131915,374874.9363406308,384137.0973040497,161483.30387227237,438285.9955777779,81131.61312235297,101944.3966681536,426264.1001102429,37016.62741699722,3936.840468729568,317904.26382712513,249891.75376430835,10877.511003978329,149438.9902905837,271123.20047668176,245717.41644957187,163442.09008907,52840.76852795504,637188.4518955281,31761.373799150002,86860.60318380687,7144592.867675195,39459453.919224516,2947739.003600388,14696.054873227797,0.0
"Marine sedimental ecotoxicity (MSETP500) | Problem oriented approach: non baseline (CML, 1999) | MSETP 500 (Huijbregts, 1999 & 2000)",266311.4145252297,596878554.8729035,89560897.77864937,1451674890.224211,163841045.06320852,41262722.4270439,3001189.256402997,52852342.64774098,215284834.02056435,94791312.07561949,596918906.5633378,232099134.18948126,15525168.271111703,59025237.36418461,5997923.4492828995,0.0,0.0,556121246.4251462,320849038.46285653,0.0,0.0,1182913.2096151412,0.0,131855.73860460627,0.0,0.0,0.0,19544.015484374908,3588885.3888447047,0.013640946767557546,0.0,0.0,0.0,0.0,0.0,95689.00146636386,0.0,0.0,228.19104877434074,1068699.056638113,1508157.7616491707,3273650.9408509955,780904724.5189298,230239793.35395437,1007094355.395106,2224139100.802015,12163088.944699042,657581379.660487,2019430.3780264363,39127910.57057115,1572270370.554835,2392646985.0523868,61347086.10935594,31175334.358165547,661692447.062221,725669464.7063409,121005741.58667302,188958292.02187228,0.0,483024.693418844,0.0,276855543.21551913,555845298.0066164,49649132.75350874,0.0,2590532.450276426,2922828722.1826587,648016.15829169,0.0,20703794.65607975,3638008.8098795726,1493407878.7727222,64582351.18905271,0.0,64392875.35747338,0.0,0.0,9635864.627795208,2119729.851362771,807011.7071189497,30948040.80181355,44627.59794165473,549085.2835087951,738686.081315449,98487375.33919999,3387189487.657251,0.0,392838.0875943192,2311920.382935468,2235536761.260228,0.0,2575457.894719449,26362448.92502115,30399619.535351958,0.0,430597228.39463806,33125590.32192997,0.0,177538370.952489,2116023.5014561443,21613849.900013857,0.0,105737238.92025474,647130951.6976758,0.0,2248841.788054306,0.0,346059770.07952285,0.0,112180314.55084763,0.0,24992621.020938776,0.0,10858216.660594216,0.0,50654832.40003721,9628786538.787506,12506644375.92946,84048759.27083287,4729527309.140468,1881095652.5558197,3408249240.4287143,29861771182.3743,10651105907.884113,2189925044.626132,0.0,0.0,304729178.5608685,198472009.83847025,778344136.4565624,107121397.73444372,14516.151522062008,56843850.55393038,34026437.310280226,5425.381587154812,0.0,640575.4378670519,0.0,25526992.493018255,279892855.62579715,1069653285.5037067,0.5040817477554388,0.008585621619690585,0.0010324845486484329,0.0,0.02995220742959519,0.0,0.0,498431468.8739323,57858047189.73755,0.0,1241962383.7308977,64238630.52144528,351684585.8169084,131333814.48334378,3258036813.6718845,2619106772.250228,1249524744.250962,227707643.5013074,41433005404.38531,582084125.0232149,2020301461.951912,1143444526.8972797,1801644440.361063,409797070.0572649,1367779592.5216153,7925118.525194238,4609322609.450545,241257741.44338116,1781448556.1348443,989908566.9877357,3732313153.5166864,9728332590.835352,2344508301.8061194,5335364792.613756,43788344.43298825,45324739.04784897,20638689.056236148,52535208.91776872,10905091.210908154,13099091.525225818,49763606.77245477,5166287.724047393,662283.6413575428,39344057.741419956,29218195.155033566,1424149.5688828067,17770080.468234956,31240037.73731019,29032934.6058556,19977015.073950112,7100052.459197141,73082260.1513144,4449351.201572556,11203117.564132974,832619301.0268729,4687210551.742265,336544216.69104993,2147057.82551819,0.0
"Terrestrial ecotoxicity (TETP500) | Problem oriented approach: non baseline (CML, 1999) | TETP 500 (Huijbregts, 1999 & 2000) TETP 500",1431.9040055786559,2069274.4407723928,341019.2834477235,6490261.742903381,530998.6415401871,177140.75554810013,14990.450019379747,257405.5419240046,854023.9233472149,416466.4132211608,2249326.1716988226,960326.5109654535,62538.701130800946,262087.08256661598,9792.472119644917,0.0,0.0,2923668.516608769,1729756.2350514217,0.0,0.0,8163.689960379565,0.0,909.8239395732202,0.0,0.0,0.0,88.34865659279856,10903.345330844697,4.144237972191352e-05,0.0,0.0,0.0,0.0,0.0,146.956359629878,0.0,0.0,1.2546831411277095,5756.526973300343,7607.3987399018915,17579.293407413585,3481527.777432188,1097612.956123583,4908421.4501769375,11078166.966786845,58340.60922163215,3227917.591659731,11005.871201246899,176237.68315022512,7400910.563652909,11111036.66045788,282790.7102945896,148603.33324673405,3494889.179641817,3767745.621630003,636082.4694922918,1032183.1359674665,0.0,2576.358276741576,0.0,1427533.7697975764,2700642.136587259,106614.57290109972,0.0,5562.806340717533,14982298.900474485,3321.703954404433,0.0,106126.79338646108,18648.282397911455,7655146.895978328,331046.455730871,0.0,330075.21046619304,0.0,0.0,49393.04274592381,10865.647366646072,4136.708565058056,158638.37454295723,228.75921660408636,2814.588408304785,3786.47423810498,582301.514774334,15919778.33660846,0.0,2218.837704471733,12646.830828686858,10634063.138468891,0.0,12250.375055676397,125395.20186054496,144598.30972151476,0.0,2248895.160271392,134996.5578912221,0.0,812067.9775014941,7185.3060114663895,124105.58914142102,0.0,506955.8990150127,5790227.522040377,0.0,5449.118177995157,0.0,147124.3738161375,0.0,4226969.7872084575,0.0,202726.3842985288,0.0,146055.76955813568,0.0,224029.2785537681,51384422.83836379,58704437.28465813,413893.52653992083,23568660.801016215,9177218.395573897,13462241.245628266,158872780.2782895,58644109.60346322,9174910.870053468,0.0,0.0,2332246.47561318,1098544.7017022069,4098260.3001562557,561071.8944188704,38.03451112442966,178792.84145534717,180289.33962065406,26.886018140148238,0.0,3424.787583183877,0.0,136963.9198910314,1479262.0129410508,5668195.6756787235,0.0026564265919490604,4.5243457063424814e-05,5.173209566581945e-06,0.0,0.00015783771225127215,0.0,0.0,2938085.3625194402,342485646.7997314,0.0,6695923.620371779,288567.64885792806,1785747.466693813,713745.642207519,15970536.654799249,5194200.059372475,6113822.386791475,468322.7228225264,240105618.67458993,912548.2316413271,8805670.617181763,3804211.560080202,9775026.580588102,1881952.2712569067,7068322.689920912,40922.83663967842,24537745.624136273,1246052.6082183372,9084784.821651762,5281592.494338781,19989881.329701684,52542234.718387395,11759275.794018138,27407541.293226946,227724.23991982074,234442.88986911435,107674.47562934214,275247.90916878637,54615.34249611011,68168.42940792047,260451.90039414086,27604.02583222417,3545.119527036839,208979.40185309827,151147.82598202446,7330.211638604448,92112.06437422073,161461.5454856679,151215.84632633132,104845.64470472718,37497.10274613102,378822.26527632214,23644.086713513192,59364.29790552991,4127485.3626439604,24464487.802668706,1777343.6144461732,11926.620528528854,0.0
"photochemical oxidation (high NOx) | Problem oriented approach: baseline (CML, 1999) | POCP (Jenkin & Hayman, 1999; Derwent et al. 1998; high NOx)",182.54867381571742,2982373.2676048763,447809.4729973899,3998192.5068520596,750536.2991354936,177013.44634127978,4639.367773680199,157910.29500539636,1615116.2658201496,319733.02026563144,1834642.792762218,1489804.8926600274,104252.93384801883,365843.1772278327,22372.859087834335,0.0,0.0,830003.5287345279,1214702.585490774,0.0,0.0,3193.122017768727,0.0,355.75488839368506,0.0,0.0,0.0,415.4381716030419,17082.947189202303,6.493034781680924e-05,0.0,0.0,0.0,0.0,0.0,68.46755021620132,0.0,0.0,0.32033557545638874,1362.2490752259907,2017.3834050427342,3730.5689632896488,3515316.3909218605,586468.3866931975,1976125.0478548133,4307886.099257254,103373.32277225835,2093865.4374295524,1791.2459471843558,137412.33908566856,4298124.823481606,5901730.339114636,148969.10864634567,50407.20173144849,1664812.2412504382,1309092.4244153628,266670.4566040454,262815.8958749024,0.0,1340.1750147118978,0.0,553028.3435674477,1131332.334701606,3510.4752193896484,0.0,183.1653321253544,8089893.927007118,1793.5988413608677,0.0,57304.59038822704,10069.391043004343,4133499.591582272,178752.98913193456,0.0,178228.55220532548,0.0,0.0,26670.438184134757,5867.052552512215,2233.6714680094615,85658.92556198532,123.52162319797026,1519.774888911988,2044.5577329138976,78494.70986398612,7958123.533032513,0.0,403.3995487940595,4228.899668525489,7722966.189948482,0.0,8900.10604571619,91101.41799454289,105052.91150629864,0.0,899753.7951802308,54978.944209838846,0.0,320450.0145970222,3262.4449731875284,27297.13806571794,0.0,184539.99528210962,597540.3673723066,0.0,1745.7632675099799,0.0,685141.2436777881,0.0,70466.87246386745,0.0,36628.47519913593,0.0,8740.456674706138,0.0,54285.35278406656,8982893.313691016,12025906.702933474,88135.16608592657,4536975.0565313725,1763925.3085748428,3479986.0661726943,30153750.047921967,7275016.668997615,2695136.896642622,0.0,0.0,1122455.2739693234,703887.9324697473,3301832.221654077,451125.722531411,30.309376155894288,174529.6927301301,144678.737906016,1.5806844321060578,0.0,2044.731427707522,0.0,96111.88687087208,1249519.2493713005,4770642.64688361,0.002450547295900109,4.1778607178505166e-05,1.7438130895999222e-06,0.0,0.0001457644238643661,0.0,0.0,537424.0936154714,54061248.96690853,0.0,995946.7938721549,61680.20402548136,326832.94207669445,112983.06940055847,6042522.601401453,2497418.1594038187,1926856.7092391867,246602.8117182729,3422060.7341149887,5604291.947201369,5019282.401564708,1005632.873504999,2134055.387387207,494880.9846269541,1678835.222070846,10671.115043185184,4717767.752390044,283950.34151005256,2068499.941423938,1100566.685803933,4263201.111615757,10327788.863925185,3854290.8323357087,10090535.88054451,121100.72984592499,128978.78387510717,59889.507875475996,151343.2031461847,34417.14416394501,35311.63355366057,93532.32430044677,6540.700479170567,599.5644090265093,61646.69993545147,52112.50101486013,1435.4015585713166,30881.67772860612,59617.161611979966,691827.1915652525,293862.9946317695,25635.298176659886,122687.26736682781,17665.64638236663,52673.248900619816,1355911.3013377069,9330099.279759282,390864.9020196995,3232.2919270871566,0.0
"photochemical oxidation (low NOx) | Problem oriented approach: non baseline (CML, 1999) | POCP (Andersson-Skï¿½ld et al. 1992; low NOx)",144.28522637477712,2399483.753841811,305560.5511105888,1914831.9425152633,562851.4206231412,128905.58923349492,4666.596161268048,79736.49669080356,1631233.201974377,273597.25004653825,1652513.6791704632,1473136.428536907,103803.48095505286,348599.0422300671,18052.321671729296,0.0,0.0,539322.5328230988,262668.5977042564,0.0,0.0,897.0040583113939,0.0,99.97567515227992,0.0,0.0,0.0,137.70922721894408,16037.730962797488,6.0957599381140755e-05,0.0,0.0,0.0,0.0,0.0,48.54975994162382,0.0,0.0,0.1537422748540139,740.2768297762233,1069.5251253192603,2157.9185090944666,3209035.546452157,389471.7340796406,1218714.8837093627,2713807.6675739726,18836.826227905076,1641516.6160108405,1276.1501652826191,98298.30261555135,2479641.272083364,2941261.2489453815,97276.60631160397,16512.467850298006,462876.5010252723,520069.13345136243,101926.47167827903,149588.91646662354,0.0,489.73308042653395,0.0,266649.9061168964,436849.88130329526,3190.914552008534,0.0,166.49168226391262,3214287.871708958,712.6351453605243,0.0,22768.339300618918,4000.7844400100375,1642327.7887732622,71022.38546646282,0.0,70814.01545715105,0.0,0.0,10596.735475690724,2331.105448052731,887.4854428858131,34034.123005490976,49.07778132872587,603.839067690981,812.3465101881933,64974.208566770205,3123319.9175872873,0.0,334.59045396506053,1161.705221033081,2167028.149526442,0.0,2496.868504190514,25557.969422966686,29471.958942238965,0.0,332903.95827765495,33737.77386156688,0.0,147166.90218510074,1909.6722250879811,16594.41565333468,0.0,90487.14094934783,736911.141245786,0.0,1256.240605991999,0.0,966140.6215700526,0.0,5039.564212275636,0.0,10167.436042585412,0.0,4889.83266842337,0.0,57903.506586287906,9589311.029801281,12034582.026798293,60640.848267441055,4245818.672929331,1594770.6400656148,3650077.9942241926,22442710.03251452,6519287.224065038,1876367.0170965684,0.0,0.0,275744.8003683573,404034.8985928902,646123.6331036892,79642.74292299879,9.491826517208544,52510.72644456104,28239.759654939957,0.9027797571553028,0.0,543.0346732512503,0.0,25649.237735375995,325446.64396434714,1281429.5814815583,0.00044093726795679366,7.512372613120405e-06,8.639128835634451e-07,0.0,2.6208853234278628e-05,0.0,0.0,406982.52348932915,40673890.45491845,0.0,700010.4005062683,37917.075820690196,178131.61433677663,69198.95745615031,3614080.1705704173,1597729.8141133334,783544.5833348203,187249.3585490935,852327.4863883187,5844163.486918383,4003792.815781226,728040.5328971561,1177105.4288225807,303621.29563832993,965520.8509866224,6072.587124668556,3130647.2389844824,165084.99395606742,1194798.7777213468,706956.4784719632,2621347.095782513,6445516.097510136,1847353.3767438151,4090457.6266964516,41561.240515929916,46166.045993511914,21997.8458759387,53037.349892224855,14184.148521550153,13280.432792498494,44646.64997503773,4019.501554939245,374.6952041610191,35683.87377159543,25292.071410585126,922.5204097956276,14321.243177193042,27423.941828133935,777355.8041034776,324035.26028341934,24798.315371705074,63790.493211572975,17684.78986799121,51828.60934145464,604283.6392420668,3687398.93570063,257334.3655972458,2683.1996137427464,0.0
"photochemical oxidation (MIR; very high NOx) | Problem oriented approach: non baseline (CML, 1999) | MIR 1997; very high NOx (Carter, 1994, 1997, 1998;Carter, Pierce, Luo &  Malkina, 1995 )",58.33197521715833,968417.8265411895,123519.73055644693,783981.0644642672,228773.7703927652,52680.15391255202,1898.7301125915437,33572.28424468709,864828.280862725,120330.31504452364,691246.4879815457,766435.6858491516,54207.006472418,178195.61090126666,7624.718230278654,0.0,0.0,221974.29232852676,114882.821626339,0.0,0.0,386.88507676808325,0.0,43.12023846038058,0.0,0.0,0.0,75.14224291099335,8639.767242035954,3.28387769893954e-05,0.0,0.0,0.0,0.0,0.0,20.326971147600187,0.0,0.0,0.07346496063752325,313.2706567738211,450.8072032672245,907.4239063978151,1675103.0917413288,172299.83270398623,539948.7169361815,1261236.8036375013,8530.352932627007,815664.7230302852,545.8225610125207,40276.86492554756,1125164.1323323876,1261340.2199245277,44033.35850244272,7236.164871808467,204789.29109336383,222611.9743265661,45115.33034515533,62793.91117530362,0.0,210.97953053550873,0.0,112777.13680920633,186261.6818679503,1362.2135780842136,0.0,71.07593328731537,1650693.4744326489,365.9728779560754,0.0,11692.651874189936,2054.5977947712045,843415.3604211241,36473.456301298815,0.0,36366.448146659415,0.0,0.0,5441.940111883203,1197.1362569540183,455.7670276235356,17478.18085917523,25.203832608863006,310.1007901786681,417.17952368222143,27298.397978702018,1347741.9885523114,0.0,138.52663215066693,508.866065670761,910767.6346374606,0.0,1049.3768857033665,10741.43362434609,12386.393484390623,0.0,139926.14403844817,13973.550247618126,0.0,62422.72048091445,792.673979762122,6919.594362780145,0.0,38103.139686154245,298379.55369957344,0.0,541.4233325966798,0.0,386849.02421802457,0.0,2153.7820280977253,0.0,4473.6712613211685,0.0,2088.8477769460524,0.0,23748.368191971924,3877774.3470013714,4878819.268533006,25165.175059300873,1723953.652465831,651267.5680371866,1478304.80189807,9152775.989765693,2667621.348870957,771250.1658837801,0.0,0.0,132663.83942818432,170439.4029255814,282734.3115175247,34908.80723638707,3.9924502085818245,23888.37895179653,12376.374139218891,0.370345540042189,0.0,234.17777569676406,0.0,11061.587481174529,148094.82834258734,582877.3714148931,0.00019379746465237682,3.3018379107190746e-06,3.9170030312727033e-07,0.0,1.1519342010125054e-05,0.0,0.0,173067.57995993388,16767386.463878125,0.0,295840.8426003594,16029.453355778798,78061.53183477581,30898.910954784093,1668701.7504515927,659121.6767394876,362113.9787434468,76207.09879745824,350101.52928461914,2338946.288984191,1659819.5013822303,302425.5849366214,507096.68447743106,129694.9986700227,417305.7100388884,2609.8768622989414,1364292.3856334782,70373.59558262046,515972.66355028556,298903.73664974107,1133947.6235716324,2780312.1242908137,824119.8857188165,1777727.9682346038,19351.807375983262,21337.059263160365,10143.858307447303,24621.591978295975,6316.6104647243355,6106.865592648898,20952.93315828724,1896.0488721148424,175.2913738927202,16810.006011038764,11839.717266965112,415.3567235534583,6693.493518872504,12847.274534353228,441745.69967407314,183492.21160887275,13623.853982319773,29976.579423154115,9775.144973628954,28710.14698534576,267451.38236041367,1631232.9433461188,113606.25913679285,1188.1885924010737,0.0
"photochemical oxidation (MOIR; high NOx) | Problem oriented approach: non baseline (CML, 1999) | MOIR; high NOx (Carter, 1994, 1997, 1998;Carter, Pierce, Luo &  Malkina, 1995 )",105.59797910894231,1753460.5762334971,223609.613693516,1417205.6194543077,413895.54172333615,95249.87933725839,3434.7625690672435,60500.24736670786,1523264.8007157198,215829.65122102975,1246584.047732669,1352251.9484300334,95607.36296257503,314905.3793396207,13735.678967004813,0.0,0.0,401027.3050118536,206180.24283419724,0.0,0.0,695.3784821739973,0.0,77.503355459561,0.0,0.0,0.0,132.0164502712972,15196.104197652232,5.7758671368792474e-05,0.0,0.0,0.0,0.0,0.0,36.65366287791254,0.0,0.0,0.130661897260181,564.2280810557369,812.2969823501641,1635.4857256037644,2954564.171867336,308853.62613623514,967727.3070599041,2249384.6781247146,15253.843348420696,1445255.2111962656,981.9362053933755,72802.32936940165,2011587.568283271,2268505.0402059136,78743.22979050799,12984.053469391421,367089.1962147394,400445.8032703343,80866.38173519883,113197.6422160174,0.0,379.2574202698816,0.0,203134.14914083772,335198.93810532195,2451.1271608319157,0.0,127.89194983754292,2915844.771212852,646.4677538345371,0.0,20654.323989912078,3629.3159991062635,1489839.4564051277,64428.03493877057,0.0,64239.011856625,0.0,0.0,9612.840219126785,2114.6648661976988,805.0833937219468,30874.092045361245,44.520963254041405,547.7732732179944,736.9210284199041,49205.69747146662,2422279.4331037886,0.0,250.1023435709747,913.1147487668021,1641608.7596893285,0.0,1891.447796171635,19360.880557561122,22325.836126434333,0.0,252206.85258505444,25227.384677432256,0.0,112400.35595360846,1430.7205279591271,12483.050594744056,0.0,68664.38165899085,540059.7958303607,0.0,973.2199798745129,0.0,701082.0281475085,0.0,3874.989021083588,0.0,8023.800651945182,0.0,3758.3460312225734,0.0,42921.63285686781,7019705.600816707,8829321.078841418,45422.53901321147,3119327.2069033673,1177639.2770638098,2675620.4525596215,16552803.986292006,4822583.182492062,1393577.7258644328,0.0,0.0,235793.64244573412,307082.7837426697,507396.594151369,62636.44018526801,7.195541086023257,42696.835105455866,22207.080152927356,0.6693276169151746,0.0,420.91307128398375,0.0,19882.066395694575,264689.3407968319,1041818.2484352092,0.0003476282052092904,5.922729366202257e-06,7.003453098955612e-07,0.0,2.0663015577439446e-05,0.0,0.0,311544.4531430936,30287173.323713046,0.0,532912.2183811582,28873.67107653912,140068.0085129649,55333.5827780372,2978049.0722408188,1190485.1742795443,646186.55617936,137853.0008667385,632648.4937604408,4239073.295822622,2996276.518112045,545811.0869097802,911559.7170832854,233354.168335594,749887.980771294,4692.726393669673,2449439.6385376076,126648.05907654425,927272.7125897474,538404.4507489798,2037486.570789858,4997210.37416991,1475971.7647416615,3192643.4179342524,34506.96104198721,38075.36973407299,18105.593191181,43916.91628948549,11314.908330632457,10903.132954218461,37332.55110605838,3376.5368619207275,312.4211792988289,29939.707457005403,21100.5524000432,743.1781115165494,11930.916117982795,22894.498051253624,773413.376903107,321355.02781306586,23921.458710995626,53403.30392547632,17154.694217557506,50374.91156742337,479393.5624745543,2924052.757925347,203687.90449841853,2129.6525014493227,0.0
"photochemical oxidation (EBIR; low NOx) | Problem oriented approach: non baseline (CML, 1999) | EBIR; low NOx (Carter, 1994, 1997, 1998;Carter, Pierce, Luo &  Malkina, 1995 )",134.76396671752147,2237669.4895058903,285369.47897267557,1809196.1516921683,528282.4269203091,121589.95629353441,4384.127625364555,77286.38948900483,1955678.9411504834,275994.80874329153,1592207.2917258833,1735469.7913546092,122710.86619878403,404003.1847899781,17548.038082218387,0.0,0.0,512014.45117678307,263621.6536477329,0.0,0.0,888.821020558039,0.0,99.06347468987722,0.0,0.0,0.0,169.58757172679384,19515.987818689362,7.417805986356298e-05,0.0,0.0,0.0,0.0,0.0,46.817148451618536,0.0,0.0,0.1673943775796998,720.8634094421188,1037.7005839837761,2089.197678802672,3792115.7177380007,395003.54248875834,1237701.6655285808,2880003.079957889,19519.0198147342,1853087.5727146529,1254.847485899636,92940.76183217543,2574169.634465193,2899175.150171877,100759.90904172936,16602.13590531,469483.84176142135,511751.79043321405,103424.0469077765,144594.59780356495,0.0,484.74718553583494,0.0,259522.71754645728,428329.77903873613,3132.233949880541,0.0,163.42991648120062,3741191.508433971,829.4541928136376,0.0,26500.64992707496,4656.614896485899,1911547.1366181392,82664.7630895259,0.0,82422.23592995471,0.0,0.0,12333.810275068387,2713.2329946747077,1032.966907532391,39613.1824748981,57.12287955839972,702.8236683073285,945.5107902622265,62854.896460784345,3096150.427382221,0.0,319.3656596463082,1167.5477816007615,2096992.5770109054,0.0,2416.1362390249533,24731.5973698848,28519.032868648945,0.0,322169.9246042786,32214.15980120683,0.0,143611.71619463185,1827.057517844364,15942.84777613413,0.0,87715.95150228748,689249.5726825767,0.0,1243.9316461722465,0.0,894506.5402565208,0.0,4951.880035152544,0.0,10260.636282558311,0.0,4802.769919715601,0.0,54795.816952800466,8958592.774317393,11268730.713107921,58005.126542921265,3981304.0331362826,1503273.0610853727,3414772.853505586,21129191.981174853,6156393.856922567,1779202.8088014328,0.0,0.0,302125.56215982634,392302.48520614195,648763.7499093558,80090.84380336804,9.191766190320815,54641.02458135413,28395.26722252016,0.854500386935381,0.0,538.0019591323658,0.0,25412.860136270756,338736.75496906874,1333256.934140221,0.00044452693753523325,7.573648321557618e-06,8.961954614579617e-07,0.0,2.6422686582531113e-05,0.0,0.0,398078.24312343355,38670866.55574724,0.0,680832.6396791218,36888.39775442852,179098.77443045005,70783.03825542924,3812399.947466615,1520046.0126481862,827243.5455515389,175956.55026559444,807699.2584038244,5408546.440309778,3826186.2688172506,697023.8793780908,1165108.0593231926,298201.66767172446,958540.8357900935,5997.66482480726,3131585.8313490865,161834.85686785448,1185259.044364586,687856.3190745704,2604460.3825756744,6387366.436304647,1888031.7075968937,4081507.402042239,44182.86472992576,48743.89936570882,23177.52234490465,56227.71227863348,14473.213562981844,13956.56575054291,47809.01768520201,4324.561297971617,400.0668662445869,38344.71046247123,27020.411033492233,950.8564732940173,15277.662877419047,29318.135318463203,994286.2267391765,413101.13361750223,30733.385702065236,68391.59363705337,22042.266704311718,64729.98506009625,613119.2536544772,3739669.2296076594,260491.03406696185,2723.7467976544754,0.0
"acidification (incl. fate, average Europe total, A&B) | Problem oriented approach: baseline (CML, 1999) | AP ( Huijbregts, 1999; average Europe total, A&B)",56037.32035984821,61578169.63016141,19561753.937908154,34794906.795915514,39834545.825538024,4397177.560960411,1978844.6319891172,2077665.0545382374,155348027.85123822,38984299.675468996,100087554.81427932,134852431.30353525,9624883.046636943,22553991.437111404,437458.7586173797,0.0,0.0,7468275.366096523,9890462.883760968,0.0,0.0,68558.01753233773,0.0,7636.914577594043,0.0,0.0,0.0,278.70790099004,132169.1762416843,0.0005023600708399754,0.0,0.0,0.0,0.0,0.0,1754.222053751679,0.0,0.0,7.145388993963805,15387.68832162848,19826.64897628041,37793.30517692431,289554129.04575795,41719921.37045087,63270812.374824286,160757250.90234098,1012555.8463333218,95600616.58746426,26697.52090549366,3318865.152508186,136282204.6940798,100300073.57898916,5789082.285617095,500284.44198525243,17435432.733768832,12454795.636342805,3138819.1673663054,2332609.603280275,0.0,20840.867305915683,0.0,7410792.984533321,9015866.363780783,49555.89890990227,0.0,2585.6677939202877,35550434.46462689,7881.83617575938,0.0,251820.74123037877,44249.18652963239,18164355.140715588,785516.6560921328,0.0,783212.0571875258,0.0,0.0,117201.2480474837,25782.324121092384,9815.702390991013,376421.7488608157,542.8065453506246,6678.537200667952,8984.656213430093,733990.3454180749,53437022.65939546,0.0,3395.198114943243,44941.89789370554,39813106.38225964,0.0,45869.18934140893,469518.1479003421,541420.5928105154,0.0,5311980.28743469,487165.4509306417,0.0,3599686.404551737,39119.33188131456,384585.5092379842,0.0,1901055.0886371606,2828780.678138799,0.0,40580.01748704251,0.0,322062.60255471955,0.0,1656371.3625875607,0.0,730164.4408079662,0.0,114408.99968806266,0.0,299712.0281208641,40460109.6864501,60444884.1391933,813585.2292661776,29249670.769438565,12603156.49343652,21778184.03937041,154521370.67304382,55035585.80521215,21515451.391383283,0.0,0.0,17591269.152242847,3914798.334299611,17743435.02432736,2457787.68456262,320.71604362417503,1490253.8954915635,778670.3353364919,38.636488745604325,0.0,10916.539358337592,0.0,497069.4139174853,7196080.28080329,27583672.88905845,0.012657262229633759,0.0002157394221225373,2.4432595523502506e-05,0.0,0.0007527016195831213,0.0,0.0,3756784.480074798,543546888.5281796,0.0,8632304.095992703,971790.380426818,4025975.0649040034,1385377.837587357,167509116.8797463,46689936.22842124,16119454.235677743,4785773.268775895,101393879.00853433,19955502.134164903,82967765.6738941,16471743.28156501,20765758.916467093,6143164.368948687,20792147.313889824,137193.9508602782,58208005.68470349,2902430.97541264,22768953.246298958,11041171.443857612,47901143.371951625,97666829.38558595,55037335.80527034,95124665.08311474,1462618.67180784,1533306.374605986,795886.3231724345,2041016.5182471608,407436.9150951404,442873.4815618751,715576.9853131538,61531.318265324284,6238.485072479883,542537.2340280464,402442.22116915183,24840.98941020863,241502.56719168372,439833.7335566487,379819.30863820814,260235.25225924974,86735.86471761102,1011546.7052525742,51404.404381828936,141732.9676198911,14689680.975210045,97282896.42479077,6305149.647071708,49314.75271027789,0.0
"acidification (fate not incl.) | Problem oriented approach: non baseline (CML, 1999) | AP (Hauschild & Wenzel (1998).",65959.60186247509,72972726.6764829,23028083.654479746,40506619.42590931,47014262.72440369,5151336.419111516,2325270.3472567084,2381722.6270193085,182639984.3380288,45793082.377890855,118095157.6222175,158515906.5421312,11315605.681040728,26489927.379945785,582312.8562820804,0.0,0.0,8781709.556883143,11186483.702196259,0.0,0.0,65877.60745271732,0.0,7338.462088952316,0.0,0.0,0.0,331.17856886062157,171782.96592501132,0.0006529275999606121,0.0,0.0,0.0,0.0,0.0,2361.200305932644,0.0,0.0,7.770024923468853,16564.25273545869,22099.81427772829,41115.35613448909,339983403.41012955,48894639.779338464,73643098.88098629,187022863.2174792,1181499.140083453,111749162.39456923,29185.832892537597,3882310.395541008,158797549.7836971,115786093.51443893,6763326.712720405,554777.1761548663,19204498.203568984,13692169.00195767,3542000.4787926716,2570922.7740619327,0.0,19233.816098334508,0.0,7556568.551545373,9629738.983692653,54480.32766082244,0.0,2842.6086867503486,36678176.4899226,8131.866233093115,0.0,259809.07771288996,45652.87310223357,18740570.50799438,810435.06166471,0.0,808057.3555458477,0.0,0.0,120919.14277251447,26600.199083115527,10127.079177733898,388362.7175168408,560.0256236059053,6890.395851704435,9269.67029207325,795461.4236132548,55824451.59527841,0.0,3540.8243753512556,46945.50853972094,41803470.25904288,0.0,48160.871239837055,492976.08369574713,568470.7904266942,0.0,5694387.365233554,494595.5860508014,0.0,3486788.9398335475,38149.21553702085,409894.7715067875,0.0,1966950.1448915664,3029750.8674475737,0.0,53225.81203091599,0.0,337979.84309875075,0.0,1417667.9675067791,0.0,663645.9568746125,0.0,114722.98857871306,0.0,298759.8724044435,41124918.55555897,61996452.12632435,910132.0055107829,29127370.199904177,13285330.55176179,22984880.48791615,160675206.6534718,57308152.57360879,24532595.07458966,0.0,0.0,16627348.09070868,4562324.496025018,19214457.660844967,2667645.3821252654,404.32749360046176,1487273.475309894,843339.085212236,49.18398757433215,0.0,11930.11278242838,0.0,540272.6341149512,7771665.809326249,29735923.333892707,0.013706553012566841,0.00023362418728996512,2.7732619485831547e-05,0.0,0.0008151014849151529,0.0,0.0,3981915.8017504383,541211867.5808276,0.0,9151068.167154845,1138427.6481019782,4484100.04655065,1537701.8893267554,194354462.1778055,62115896.42305256,17906789.938276306,6402426.07176513,108843930.74812208,26981794.342173338,108640680.55581835,20951003.16072786,22494120.04043198,7055887.743055697,23053089.15070354,150605.24023732988,63974098.14614184,3194075.240496566,25119835.998725094,12099589.662185218,52925444.919326365,105669490.19597691,62452181.11953002,106391056.14808632,1470226.407137663,1543371.9120329947,795566.6107996376,2034540.0214876973,410041.04755500675,445299.01737931825,773573.5112964789,67107.4087058203,6910.032010587755,586963.1160515614,435244.0174253779,27911.810712432798,261530.941707205,476125.17847233487,410577.31924370304,282220.0310096534,94542.32736687249,1090220.8858596364,56146.81159286846,153911.46243914566,16454565.287907774,107920534.98657718,7061898.47125545,58540.47694879955,0.0
"eutrophication (fate not incl.) | Problem oriented approach: baseline (CML, 1999) | EP (Heijungs et al. 1992))",13041.67319704942,14782270.376217488,4793693.362639671,6895251.935205181,9813894.048077717,1044789.4934377257,495362.4203032834,435680.3929374815,35431981.26164613,8697364.467302606,22623476.130513027,30812488.567778725,2193015.8084441326,5119094.805056026,101725.95663136653,0.0,0.0,1350526.4429982943,1675493.8088228486,0.0,0.0,4723.122704870433,0.0,526.2069687666485,0.0,0.0,0.0,52.12298120259739,29588.42361491151,0.00011246224754164717,0.0,0.0,0.0,0.0,0.0,425.17866713387616,0.0,0.0,1.1268830917196992,2196.590473739532,3166.695413080122,5669.096125161394,65630098.56049057,9235415.060065381,13767588.146242922,35376437.73340808,227002.58560533333,21229363.94774082,3949.5430806113864,777507.860634321,30247538.894297972,21086852.466758654,1302311.9901687421,80890.41133635717,2898926.05452436,2024259.8928636103,592276.5473108153,356714.25502463675,0.0,987.7753429286637,0.0,802141.9962870678,1235038.108151865,6126.058427427926,0.0,319.6380726362903,3789258.3785052844,840.1110600645461,0.0,26841.130575506242,4716.443091261728,1936106.7155039648,83726.8408966599,0.0,83481.19774296018,0.0,0.0,12492.27520758021,2748.0926468677,1046.2384792600196,40122.13312674805,57.85679553064742,711.8535523343213,957.6587259945574,101496.68231604964,6485910.652474939,0.0,357.2457952281383,5258.2024761709245,5185840.106298278,0.0,5973.74831416794,61147.58549727142,70511.71034196253,0.0,755536.5607021712,48824.75767434414,0.0,263352.2410302091,2940.5850025123264,44285.52745062185,0.0,207917.2697769824,330685.2255651343,0.0,9269.97679007756,0.0,40055.45462656304,0.0,18574.61593083803,0.0,27987.190640941797,0.0,10664.116261059584,0.0,26802.681515356162,4102045.0488334657,6624786.854099616,128034.45553102948,2653610.2752767345,1542469.2785294447,2565478.3917562496,17971432.77862343,6470117.580157633,3567215.42393425,0.0,0.0,1015437.3444588954,685685.4577496289,2688012.558857719,377493.94531146495,68.69104998281364,130645.02677936999,118431.50749136318,8.003554569527724,0.0,1677.8117119864874,0.0,75761.72059395794,1017766.579353194,3863281.3716112147,0.0019342986399977456,3.2970089722421364e-05,4.562084749679163e-06,0.0,0.00011503151848770656,0.0,0.0,482393.1578720033,48511915.63518542,0.0,1089525.9063418042,173950.43284401007,632442.1254912197,218898.17625902212,35840791.59583117,11030286.258841982,2392450.7769306167,1146757.7282370408,11539712.8868842,4843285.304508397,19146381.702580627,3575922.1854662537,3065363.9305129303,1074550.128057592,3271459.7769055166,20495.029826488444,9098556.845588516,460215.8687469978,3650915.6939762128,1718972.1616089912,7750413.300410945,14322822.539918808,10263336.337082716,16786221.719223548,141077.39473583546,149049.2471350876,73633.4277473379,185519.35064672984,39123.946343345844,42495.424530682074,102923.76652075522,9019.898517588905,941.9538227869365,78383.99960702646,57440.73429959732,4571.230810704662,35035.437089236555,64053.83623691689,54846.393085305404,38091.57056030577,12940.157368063818,143961.93655019585,7646.862256069651,20685.864537925103,2573499.5832123486,16480275.74603127,1157542.4430877466,9162.054267502728,0.0
"eutrophication (incl. fate, average Europe total, A&B) | Problem oriented approach: non baseline (CML, 1999) | EP ( Huijbregts, 1999; average Europe total, A&B)",148806.98222994816,155644999.56563348,50947661.319564626,71905402.28483877,104094557.46586862,11049762.12597095,5285701.22536629,4623645.724771051,414107919.0129389,103438012.6892177,260139890.57150236,358857256.5156263,25625456.025698204,59670304.305329725,941325.0061771626,0.0,0.0,13505581.97673474,17805077.40171324,0.0,0.0,46086.32262294352,0.0,5134.657097644532,0.0,0.0,0.0,514.4471924546536,277941.441814698,0.0010564239452906948,0.0,0.0,0.0,0.0,0.0,3907.9350952494156,0.0,0.0,11.80397563812273,23713.11121862378,33478.22876018336,61164.72124997214,765796546.8520415,108831459.30790633,155064370.70315808,399248927.01685095,2535995.70322479,246334490.74282628,40749.665097554505,8211363.226311194,340493732.3230567,230678751.57020703,14652131.766796054,864951.9030790973,32825315.74280107,22665044.835894648,6695062.8751406185,3751005.814965718,0.0,9882.748228741066,0.0,8561607.306166513,13293812.883020803,56766.19765375478,0.0,2961.8780527145964,38286380.35970383,8488.418643948624,0.0,271200.75535217905,47654.58465659356,19562275.971213892,845969.674437115,0.0,843487.714562466,0.0,0.0,126221.00484300159,27766.520464042456,10571.114544182763,405391.0016136094,584.5806888958746,7192.51450977356,9676.11140856288,1045239.6790863194,68597022.7195356,0.0,3480.81525833688,54672.161270758814,57008624.44628926,0.0,65670.42657132787,672205.7775590011,775147.1814823091,0.0,8307688.474121745,507197.82893420407,0.0,2690371.781007332,29586.18545168157,431341.32315252634,0.0,2139685.228651426,3196779.9411209966,0.0,86250.75875892359,0.0,431009.0403873791,0.0,179429.84300222617,0.0,274052.4241680646,0.0,109156.16923986994,0.0,279503.17800604436,43366344.230456896,70828226.28582968,1316859.0005360479,27920558.721977632,16035855.743337203,25885384.694890384,190791856.4038988,67754749.66896993,36609159.106416516,0.0,0.0,9795828.549382666,7029925.078903672,30135876.254283756,4236119.951271699,668.6823525845244,1339331.2362025424,1327808.4892229794,74.00180287251884,0.0,18525.77465974641,0.0,843765.2503038964,10960436.190387877,41538406.20516611,0.021818335282136482,0.00037190266917551905,5.033629971784811e-05,0.0,0.0012975586335245244,0.0,0.0,5121015.921895696,503173897.7979584,0.0,11330706.339285156,1737620.4805955377,6567633.182943392,2324389.7211747696,405400378.66546327,101908699.42099446,24175508.053116,10606498.171025528,109144190.66565664,44350922.60231242,177963159.19287932,34065812.95103868,32981919.215151157,10992630.28827408,34065374.28562426,211956.64663209356,95646447.99590282,4962909.725864549,39118404.56029725,18537445.26660114,83365096.1946514,152922657.4564391,113228996.7190894,185016550.24181852,1384633.8311013966,1461403.113462238,708572.5535409107,1782429.0579031,376808.4221980281,412922.8522672073,1104465.6391939502,95174.38142632309,9728.270693331175,837095.7095067869,612261.2519449637,49394.18177097768,374973.97570598876,688295.7030620695,586965.8849677261,407219.024754819,137338.97556726955,1543208.3716027269,80758.30032435365,220143.50808381257,27835969.76933784,181813218.96779934,12583066.436883785,90662.18532845948,0.0
"odour | Problem oriented approach: non baseline (CML, 1999) | 1/OTV",33872750011.863903,32205656482159.824,11315751499281.107,11665964668876.314,22959493488505.133,2394202359908.6377,1220158083819.3499,941845034017.5446,95158192707710.95,23722651601644.18,57047423822187.0,82352518314860.2,5880323835231.418,13644335745633.588,9588766145.272919,0.0,0.0,1345830689878.408,2687826386979.1646,0.0,0.0,4557225842.761915,0.0,507847507.73873645,0.0,0.0,0.0,48109643.543734185,8499749221.751109,32.30658337801517,0.0,0.0,0.0,0.0,0.0,49845815.5503282,0.0,0.0,2073181.1202194055,3964374423.955103,4965684632.651878,10287283052.014536,175251452094481.53,24686307835323.086,33492588174824.062,87937778949433.31,557123285381.0867,55654524168912.734,5726603222.392694,1754556476535.2803,75041557401042.45,47508727278840.945,3244565911607.1357,141591351164.72812,6562906372046.461,4349654186428.387,1396597049381.67,551785279135.6881,0.0,996561919.4780872,0.0,1366981848409.6543,2181552875304.2498,468159547.33930403,0.0,24427062.39020312,4240243826873.554,940098361.2807022,0.0,30035676333.963093,5277779121.951313,2166535962531.5342,93691742476.66064,0.0,93416863649.70906,0.0,0.0,13979065961.82367,3075161860.4431767,1170758444.3808172,44897341370.730675,64742724.74028534,796576093.1596477,1071636209.9136804,134418280073.0789,10462662446147.875,0.0,235518413.24806517,7287018386.775446,10316631294113.172,0.0,11883991788.129938,121645200547.382,140273880946.0593,0.0,1480546265836.3042,66431770958.42458,0.0,316203345648.92755,3064064815.772276,26541478939.60285,0.0,261337989728.82034,175756882968.6271,0.0,2039285177.829428,0.0,68653264278.35584,0.0,10684511731.640892,0.0,20339323185.899258,0.0,13637809149.682938,0.0,36264519863.14594,6041502581698.17,10878136992512.477,168115363612.00623,3925877002052.9614,2141527490201.869,2721730499041.188,28041758157228.336,9714846098995.232,4354947922937.389,0.0,0.0,736104681089.8981,767909386076.069,5734293011549.31,812413536817.8252,44427476.94628169,151161070619.3363,254076772426.78525,1036540.2556485132,0.0,3288749566.7494283,0.0,156151287314.62735,1734804203172.938,6525986923293.309,4252.389349958327,72.48871424050166,9.630237807803036,0.0,252.91307145849837,0.0,0.0,763675214902.5243,65190133622625.91,0.0,1531812255261.4922,174279203679.45593,899616616860.144,353371650368.1742,87398701047145.39,1822748115193.3757,2633728971191.0156,192121750657.37653,3032630941456.1655,255086533984.09015,5373759534847.316,1747219605547.7585,5544206245852.469,1406065783559.0059,4944214073465.423,29381231394.92192,15184792249502.621,845936767894.7306,6595195032409.894,3154605823531.964,14245500990952.418,25236859685176.25,21653113572328.83,35346924020104.945,161220928353.0932,169515641324.7775,74632982311.73975,185992991458.7472,39389527537.94379,45363607915.730194,178222945221.10318,14170425410.48327,1249774788.7725394,134010573432.68552,95358781818.93745,9499409704.28942,60298868274.626625,112923477043.33566,95021090017.55565,65708249072.15056,21691372177.764355,249894512463.23688,12287638818.419817,34522596295.363464,5034488555460.91,34307053613389.297,2482644289299.9507,8453703997.790642,0.0
Climate change midpoint | ILCD recommended CF | Global warming potential 100 years,1342563.13799768,3775227156.7471876,957014927.704258,3038274996.227052,1942051385.5650918,266677241.85423207,77356396.96895665,188497015.76651156,6781689236.292462,667284372.3442507,3012811030.47224,5919178471.431381,413539394.7921142,1218916422.8918483,498906033.1731508,0.0,0.0,880907348.2757466,1075588370.5468435,0.0,0.0,20736584.69448204,0.0,2309805.396493499,0.0,0.0,0.0,474910.1764717178,149701292.53213772,0.5689976627623384,0.0,0.0,0.0,0.0,0.0,502907.5672243209,0.0,0.0,1330.27379488266,3209778.2283875686,3555885.4558815733,5480898.148565256,13547116605.256218,1253785741.20244,4238410203.340968,10441874198.889368,67450046.83654597,5997727847.545723,8355478.935026524,244620978.76463017,8746045284.518219,8271116013.352875,330819901.46393704,131757074.83845177,1918126643.4393878,1570454655.3417459,281064476.4528754,336413916.6076384,0.0,1243193.6785326719,0.0,644165885.1727482,1473560202.9112236,16706054.32113884,0.0,871668.3086402226,14891664105.638739,3301609.6007086546,0.0,105484783.79233593,18535470.42014803,7608837403.070112,329043804.0460537,0.0,328078434.3481293,0.0,0.0,49094241.60458534,10799916.132811299,4111683.7287605624,157678698.75009325,227375.35882688183,2797561.671887921,3763568.135732998,124743756.3622625,10019614316.512869,0.0,1354233.810366126,19153592.379806016,5344963823.11515,0.0,6157259.6702650795,63025927.25235044,72677743.85336483,0.0,720999651.7115124,88075070.00385723,0.0,559911336.7511086,7920691.403786383,131871913.17766358,0.0,417525769.83292574,378118426.2449511,0.0,4130721.223602385,0.0,51672916.62121268,0.0,16375665.487387288,0.0,43413327.75174448,0.0,16854913.311050374,0.0,50649019.070817105,4629995031.430825,7483246401.092502,154232400.35410976,3196212523.7670994,1920766591.8155735,3407729691.7953343,20670064815.246258,7395087402.842798,2939474628.0155115,0.0,0.0,5722310368.762561,2462355065.415398,3913106892.8300447,444202403.7695814,82834.51052035368,370709518.9842813,177577612.073672,3490.1963873642253,0.0,2718018.7989239497,0.0,119442448.42103449,2491468294.577735,9777580114.84608,2.9844517960434063,0.050873645038754356,0.003961881238153991,0.0,0.17749521998256737,0.0,0.0,810550751.8142272,70362231914.65773,0.0,1762201508.7839797,204133884.54723942,987646704.7798206,294051250.4444999,14427032636.02442,17707861579.56739,4102917419.2287803,1665085529.167974,5484657102.358284,6292289035.15254,29700300713.05403,5480718593.315507,4110403702.0792603,1491758344.9170434,4078491652.160661,24384596.817652676,11852283269.96272,521472131.66293496,4388945898.883173,1794460980.2130327,8536967872.948274,19126675863.85474,8539383628.68495,14748266420.221151,177945619.07974008,189047686.6251089,400205630.16683906,1012165935.6441013,207178112.47436923,53009819.86819809,290273664.5819585,17731681.739814524,1736961.9725124147,150973976.18172455,697831073.8158191,3361252.103061492,68498177.62228271,138608111.84771186,2842544297.791589,1186343082.1594832,93154177.82596572,302717636.60328645,66476989.098331444,194100626.5406956,2765665335.4534526,16408714165.99662,826505971.3217376,44697039.84836177,0.0
"Climate change endpoint, human health | ILCD recommended CF | Disability Adjusted Life Years (DALY)",1.878960949388166,5284.089277631142,1339.3861961933978,4253.233366301104,2717.983890183558,373.25314804753805,108.2514671308448,263.85938973813666,9493.181159933536,934.0194920613602,4217.151624025201,8285.753057331243,578.8822467043149,1706.3076316766492,698.4678030209043,0.0,0.0,1233.2242362216273,1505.7770557395056,0.0,0.0,29.031019536804695,0.0,3.233705380816981,0.0,0.0,0.0,0.6648726509388454,209.58143745756107,7.965953136045406e-07,0.0,0.0,0.0,0.0,0.0,0.7040647440901596,0.0,0.0,0.0018623167396604997,4.4935346055613135,4.977919404086012,7.673016930391039,18963.753288178836,1755.071632121093,5933.133155264217,14616.881485990249,94.4174445980228,8396.077739873981,11.69750925134998,342.3998689333982,12242.921922025336,11578.349586133867,463.0798427537246,184.45703037705792,2685.2937559756188,2198.576703401649,393.4679917082208,470.96643409070805,0.0,1.7404407988189488,0.0,901.8047587407397,2062.9434866460942,23.388426462418895,0.0,1.2203330447953213,20848.214653103187,4.622227923483014,0.0,147.67788203737547,25.949515330975238,10652.313557046222,460.65878254856887,0.0,459.3072724334757,0.0,0.0,68.73155880633402,15.11979911544588,5.756325441862042,220.74895958156895,0.3183237450172744,3.916564718830114,5.268966302131435,174.63794854378605,14027.23367487855,0.0,1.89591452779801,26.81486043389436,7482.770511575979,0.0,8.619957541180261,88.23418955311284,101.74640988519897,0.0,1009.3750855119292,123.3035933003844,0.0,783.8681804016962,11.088885684478711,184.61989243360924,0.0,584.5301778266869,529.3607433205211,0.0,5.782881001898426,0.0,72.34087443709657,0.0,22.925537464777356,0.0,60.77790248793588,0.0,23.596530024023586,0.0,70.90733246176386,6481.8753928929755,10476.328090787425,215.9214006644864,4474.610874568237,2689.0237382368296,4770.7489779204525,28937.522120182122,10352.887987087943,4115.173210915459,0.0,0.0,8011.201778827053,3447.28492531348,5478.275831746122,621.8727740934904,0.11596720971563033,518.9907298721917,248.60529104163854,0.004886193886270851,0.0,3.8051820802282736,0.0,167.21733988878438,3488.029371003461,13688.512176003307,4.178179313411775e-06,7.122219643303839e-08,5.546459116063933e-09,0.0,2.4849014484132486e-07,0.0,0.0,1134.7555744594301,98505.56310358355,0.0,2467.0454855666117,285.78274113160603,1382.6847224456149,411.6648692324662,20196.292697033176,24790.851466186483,5744.019328248428,2331.1044319982575,7678.468379843529,8809.153835272518,41580.04985516439,7672.937352818666,5754.453342131093,2088.4249228518597,5709.766024417957,34.13768956550789,16592.79904159486,730.0442965387642,6144.382449521607,2512.1832137805236,11951.456882145714,26776.78340768479,11954.74414029157,20646.913435538743,249.115916275704,264.65838078904875,560.2835239659679,1417.0210240467266,290.0470879894009,74.2113259884294,406.37942117287633,24.824020451824985,2.431717505546502,211.36051262730476,976.961431335301,4.7055060500120875,95.89163497058966,194.0407660102471,3979.555411826492,1660.878910735945,130.41535352542712,423.7995198256941,93.06750344130039,271.7401298488326,3871.821385736675,22971.597653776163,1157.0458522148554,62.57560786809305,0.0
"Climate change endpoint, ecosystems | ILCD recommended CF | Potentially Disappeared Fraction of species (PDF)",0.01063659404586762,29.916606628370868,7.582066588401119,24.084578030717886,15.385813688383356,2.113086284222699,0.612684535163119,1.493959962613397,53.716074282650034,5.286523582337757,23.87314599981664,46.8850515546153,3.2755867563221353,9.655207408255372,3.956230785478245,0.0,0.0,6.983927326115851,8.526733587708005,0.0,0.0,0.16443233714580419,0.0,0.018315778438552813,0.0,0.0,0.0,0.0037618373804510583,1.1866626832650378,4.5103704974319964e-09,0.0,0.0,0.0,0.0,0.0,0.0039877819457052885,0.0,0.0,1.0545563085365922e-05,0.02544984351967283,0.02819434516967695,0.043452228915607724,107.31265540961579,9.935561437555164,33.58991890056037,82.7408862101859,0.5344777424947088,47.51741317114677,0.06624941490621396,1.9386037043683166,69.30469366637962,65.55394416244972,2.6212855616491995,1.0446624984396131,15.205525061835676,12.449879689419777,2.2276113757923577,2.667004366318559,0.0,0.009855064944789823,0.0,5.106607475637904,11.68243328924064,0.13246103347814198,0.0,0.006911391690302737,118.01348003747293,0.02616460027249641,0.0,0.8359459586212403,0.14688992129268794,60.29852504109146,2.6076067875679954,0.0,2.5999564244893096,0.0,0.0,0.3890621128991189,0.08558719011537104,0.03258427682792448,1.2495723671480645,0.0018019045541118213,0.02217012055709227,0.02982552990083992,0.9889053889538579,79.43222328730837,0.0,0.010738081942482788,0.15187704788792958,42.374287551190434,0.0,0.04881408209715694,0.49966266655901076,0.5761812143734107,0.0,5.715846703654801,0.6983206574577082,0.0,4.439270473182047,0.06280418178171221,1.045681336237564,0.0,3.3105189210689963,2.9976862313267407,0.0,0.032746704028051084,0.0,0.40967140549092584,0.0,0.12982708519321398,0.0,0.3441780167746886,0.0,0.13362728192042406,0.0,0.4015234482852708,36.7062919096202,59.326730162012716,1.2228208252813284,25.33989609338447,15.228373886624862,27.018755927983655,163.87218592027983,58.62803672318559,23.304619015786812,0.0,0.0,45.37283659938004,19.524509579953115,31.024948673691952,3.521753467214652,0.0006568213415720568,2.9390932758243964,1.4079224906483863,2.767411147697137e-05,0.0,0.021549810025959643,0.0,0.946985902242307,19.753276339027746,77.52029135069363,2.36624003695956e-08,4.0335469026868327e-10,3.1405577647168964e-11,0.0,1.407281308783413e-09,0.0,0.0,6.425374963533217,557.8547609970968,0.0,13.970572097970024,1.6185366637232688,7.830347227137587,2.331071642975338,114.33646673077607,140.4168834015674,32.525144693579236,13.203628610573125,43.490659329924355,49.896795903072054,235.5056294177232,43.45877689992019,32.58650331618974,11.827406607524845,32.33425446286589,0.19332180065354107,93.95979745658823,4.134145200600891,34.7944590282502,14.225887625374973,67.67630787091869,151.6251152565856,67.69387830441873,116.91491564901091,1.4104343141808,1.4984364286791492,3.1732890098011164,8.025612929644485,1.6427565956252543,0.4201690617845809,2.301187873613694,0.14054883227798845,0.013768480717040663,1.196664281166684,5.533421020710351,0.026641438095035243,0.5430200776102544,1.098826406326764,22.514147523590406,9.396459813992653,0.7379348598752145,2.399564112492103,0.5265964539868547,1.5375472739288156,21.92477768403978,130.08013479226167,6.55103354511524,0.354419980565217,0.0
"Human toxicity midpoint, cancer effects | ILCD recommended CF | Comparative Toxic Unit for human (CTUh)",0.0015690982090280305,2.723255530351326,0.41282634724376904,6.744027301272514,0.7395787579017878,0.19396456104244958,0.015497700775361,0.2496849605985709,1.016520010625641,0.44243197869968875,2.816745431589167,1.1028220414938488,0.07335945151650052,0.28256884605831223,0.009875135661401918,0.0,0.0,2.808520631699853,1.5482571471873872,0.0,0.0,0.0067098857336329795,0.0,0.0007478426793097943,0.0,0.0,0.0,8.313105850265937e-05,0.009993274431692902,3.798330337108347e-11,0.0,0.0,0.0,0.0,0.0,0.00013644026480694605,0.0,0.0,1.2050833368459943e-06,0.005212993740776137,0.006949993972011812,0.01616141958360152,3.6911561836152416,1.096887341957145,4.93447633737347,11.094020421895037,0.05883766997931913,3.1818052037880125,0.010642716322733139,0.18775803760722268,7.340243596638086,10.955687079638986,0.28492777357279897,0.14103813126772155,3.22247566881958,3.4579101977046593,0.5964726251228227,0.9575236900271438,0.0,0.002345120122564635,0.0,1.3293627683843519,2.5257796328347246,0.09864154698716754,0.0,0.005146799430462293,13.478793111524583,0.002988363845968446,0.0,0.09547674232984737,0.01677688731219096,6.886936506472543,0.29782523474470524,0.0,0.2969514560231098,0.0,0.0,0.04443634509902068,0.009775256377332541,0.0037215809990293522,0.1427186738277098,0.00020580273912380415,0.002532138432272652,0.0034064934370009606,0.5417370539859988,14.495016685638786,0.0,0.0022959387233434203,0.01186011171197423,9.632876359987371,0.0,0.011096952838374228,0.1135887540381171,0.13098380649545877,0.0,2.0393590247124775,0.12422151668502887,0.0,0.7466797951317267,0.0065367188819548385,0.11061265153709786,0.0,0.4535901882907097,5.265423563525629,0.0,0.00508483587367229,0.0,0.13058606680002247,0.0,2.491765673160818,0.0,0.16098170482543286,0.0,0.0996208389270422,0.0,0.1979728181363742,44.64095578049617,51.06664259893164,0.37535583306062265,20.309352337726118,8.065448833097115,11.739070492678849,139.5744551953264,51.01292142816943,8.197243449629445,0.0,0.0,1.8202984742503732,1.0553575732850755,3.712398553397017,0.5131077484373434,3.496683434013432e-05,0.17138468014793287,0.1658489594658546,2.875630991168905e-05,0.0,0.003296858060793587,0.0,0.12830627151761265,1.3512686108335632,5.157977130668372,2.420187585491578e-09,4.122076404453487e-11,4.861547888301261e-12,0.0,1.4380449207007225e-10,0.0,0.0,2.60200622926416,296.95655400988664,0.0,6.079283873453132,0.2765605972211672,1.7408761300345514,0.7046140983434679,15.526638020564823,4.908277031046162,5.879168592265262,0.43827007969314213,258.7003811052174,0.6831907803097591,8.117309711853311,3.4385538312181683,8.80977098430798,1.7481628072590447,6.613151428808132,0.038130312782781776,22.368803843365054,1.1395203505750158,8.348237885101243,4.73582933671854,18.25524701238695,47.05236130607079,11.0433516245181,25.29138063437358,0.20941953867482452,0.21559993867354418,0.09991048162530185,0.2525908687383558,0.051046953121675294,0.06346576913539487,0.23954524588361314,0.02609998186015817,0.003490943863424477,0.19284546785059245,0.1396695862941157,0.007256272947209793,0.08567949379601454,0.14921731244224615,0.13973763305183629,0.09737574595807362,0.03533574966798489,0.3478198876178895,0.022433258857326152,0.05552104037264344,3.9162637233221553,22.694279686222995,1.6966273487922532,0.011023408451564767,0.0
"Human toxicity midpoint, non-cancer effects | ILCD recommended CF | Comparative Toxic Unit for human (CTUh)",0.14069477319750598,396.483992644956,62.90607286128382,1229.1365130893141,99.26244151201318,31.9147910474958,2.337024411039492,47.343570265401425,148.41100095356663,70.08277718617036,375.59092421652537,163.90271875388336,10.78739490988251,45.163358161818856,1.4956018334485979,0.0,0.0,574.7736366517585,289.00286331805785,0.0,0.0,1.0488723752751998,0.0,0.1169314774449805,0.0,0.0,0.0,0.015230004063742397,2.0613053406244446,7.83478797266564e-09,0.0,0.0,0.0,0.0,0.0,0.029424110878943897,0.0,0.0,0.0002117423769923057,1.0748537271885878,1.3716752896536406,3.0998305543403535,569.1200756929163,180.73213364577046,778.3066785418252,1717.8997695971555,9.501909970772934,539.6567542515176,1.6809365988832066,29.707117802481502,1259.8918950753027,1962.4889719949242,46.43976144005348,21.635995004067052,584.135330093971,663.7247357826247,105.66219495836009,189.36214069097588,0.0,0.4698225870668776,0.0,242.93502635832263,448.8240621619913,12.235774403667007,0.0,0.6384234495767563,3102.8356288483765,0.6879252260775229,0.0,21.978869723333077,3.8620611851828084,1585.381702136871,68.55975471136952,0.0,68.35860971787072,0.0,0.0,10.229304185216012,2.250276676402048,0.8567127652320432,32.85402352819761,0.047376056993804094,0.5829015461756257,0.7841792003845984,102.395901919781,2866.203258719533,0.0,0.24065773102346616,1.8879229757765907,1876.581877870493,0.0,2.1617675489069477,22.12791641673455,25.516600942771724,0.0,414.72184341433336,23.180562654516848,0.0,139.10241443469343,1.0882519899691023,24.11321545247922,0.0,91.03890940404372,1082.208660826965,0.0,1.0620919154875432,0.0,21.856143331152367,0.0,349.71900002136886,0.0,26.813222756081583,0.0,16.650130986959113,0.0,45.68570085788342,10879.917228225704,12215.229996256176,73.73788695213847,4772.979249856417,1820.8936798860302,2596.7947425499947,32108.77850738442,12234.804526809274,1776.6127355425565,0.0,0.0,312.6194280989858,161.0487605680773,713.8967664015697,96.27324372098036,0.0068725629872323935,26.869358087273532,30.256012985667308,0.0026446225382662863,0.0,0.5052683419382593,0.0,21.86789928574415,238.94915350712023,923.343222109819,4.544152277335335e-07,7.738174421240635e-09,8.681255315824872e-10,0.0,2.69950974940319e-08,0.0,0.0,587.2404567728877,68160.04819562299,0.0,1260.9112763329422,47.05416721994003,270.92289337698077,101.87412740787897,2577.8174464948756,979.7803345130874,1014.1412694740181,100.32262216154275,21994.95746734266,150.22624185581685,1623.2826586603303,739.3123784626813,1833.9346087504077,326.7233058261494,1195.7068336343611,7.00331812423998,4581.411096257808,225.78442916871705,1604.0594087652844,1002.5348599956311,3689.6042831195705,10185.091864650507,1977.6022686559716,4836.8219169903605,39.71619605057443,40.959381008548036,18.447989967569633,48.34938181959094,9.182054984223631,11.567563660912468,45.524346006095506,4.523009548009235,0.508427372511657,36.46666790421922,26.093010686311906,1.0311687616990521,15.689565864134876,27.95826583760249,26.433337119195517,18.049935215334497,6.259347814813905,66.92056764989456,3.8594359176931423,10.017927389397144,675.0586218242496,4187.861985133185,284.6063863029136,2.06413420802658,0.0
"Human toxicity endpoint, cancer effects | ILCD recommended CF | Disability Adjusted Life Years (DALY)",0.018036041216860303,31.30507629017218,4.745755067464064,77.5356193584066,8.501428733383403,2.2298786269087927,0.17816596982389876,2.87070535218157,11.685630974954021,5.0863550073523385,32.37937585593919,12.677923025255923,0.843324995760208,3.248512664639069,0.11352016267099786,0.0,0.0,32.29325072884137,17.800302066645866,0.0,0.0,0.07712657763371997,0.0,0.008596056972581938,0.0,0.0,0.0,0.0009557855116000849,0.11489627757638164,4.3670772750507966e-10,0.0,0.0,0.0,0.0,0.0,0.0015686787329672373,0.0,0.0,1.3855394038626852e-05,0.05994085142234785,0.07991027238386715,0.18581961820540208,42.43418855657526,12.610532679646628,56.72917243901237,127.54206007340203,0.6764293696966139,36.58087386441803,0.12235389695548983,2.158508718036866,84.38948971601921,125.95753910192464,3.2756882899919995,1.6213688117557041,37.048960045710494,39.757834177301454,6.8578174884636045,11.009762461242891,0.0,0.02696388974044456,0.0,15.284077099976894,29.039260879725987,1.1337665665073116,0.0,0.05915630175118196,154.98957906273733,0.03436251678768799,0.0,1.0978653638801044,0.19291361481664118,79.19131789754465,3.424624696411089,0.0,3.414577313446102,0.0,0.0,0.5109634345582432,0.11240345174935605,0.04279361421414919,1.6410895988881073,0.002366478930489815,0.02911648442855977,0.03917049393912928,6.229090482608441,166.66036932012958,0.0,0.02639171945230481,0.13634516446953157,110.75482310770724,0.0,0.12758816615240354,1.3059964329503957,1.5059975391439104,0.0,23.449151656619343,1.4282144714892289,0.0,8.584892456060182,0.07514585170239954,1.2719434479747533,0.0,5.215308038870621,60.55772741847639,0.0,0.0584645212240413,0.0,1.5012718215057708,0.0,28.62458454844743,0.0,1.8503721902268897,0.0,1.1448166771891155,0.0,2.276609545352729,513.3829554534004,587.2418025845905,4.315720975269518,233.53993323928526,92.74409789876421,134.98158169183878,1605.027813135877,586.6135675848219,94.25634798402824,0.0,0.0,20.923663227300317,12.132811435029828,42.68279613663229,5.899326711015613,0.00040201541203767143,1.9701316148696963,1.906781940434753,0.00033054457884984696,0.0,0.0379018457959801,0.0,1.4751146655085285,15.535180552401622,59.30023125080965,2.7825373748865183e-08,4.739231863053034e-10,5.58941487489459e-11,0.0,1.6533483453359673e-09,0.0,0.0,29.921313476299012,3414.7006112849963,0.0,69.90143169783168,3.1796196998697006,20.014201564178506,8.10053372436228,178.50643644256036,56.43140123463299,67.5938633423301,5.039475147736438,2973.639251138224,7.85239549667532,93.33064046140491,39.53671157331308,101.29583992242239,20.09926872627174,76.03326827333446,0.4383977688717289,257.1987131024159,13.102197640945038,95.98465375212442,54.45444488877726,209.9016997886043,541.0291781667554,126.9677199409945,290.7908988481467,2.407789942915605,2.478851678786687,1.1487024791866471,2.9041627080927035,0.5868952098722222,0.7296823726180786,2.754182487188422,0.3000748259333537,0.040132997820136795,2.21725218475592,1.605842240804463,0.0834183645185022,0.9850852498367726,1.7156172289999603,1.6066380876728321,1.1195711079779813,0.4062625500806266,3.999102302135397,0.25791684779987734,0.638342440059559,45.025268649418,260.9244473653248,19.50619262943268,0.1267381827973518,0.0
"Human toxicity endpoint, non-cancer effects | ILCD recommended CF | Disability Adjusted Life Years (DALY)",0.3795561091442886,1070.1263915112017,169.7826593342155,3317.494240115157,267.90783571948276,86.13679074573491,6.307016611872366,127.78054107291568,400.5471934499628,189.14403435717608,1013.660913280377,442.3542327938623,29.114058875682268,121.89176108839766,4.035754181082417,0.0,0.0,1551.416002404751,779.9623745013279,0.0,0.0,2.8299523795114023,0.0,0.31549179692498697,0.0,0.0,0.0,0.04110423680962364,5.563292596190672,2.1145444618009467e-08,0.0,0.0,0.0,0.0,0.0,0.07941146942242265,0.0,0.0,0.0005714721355276973,2.9011342328021907,3.702163800066289,8.36637802861496,1535.950332413855,487.7668075821488,2100.478144829238,4636.169852648112,25.643916918354403,1456.468551654393,4.536323480005496,80.1753091605351,3400.3110774578804,5296.657457127871,125.3331597344622,58.38584601213663,1576.4888723240174,1791.3688424826712,285.17046593205424,511.10164885962007,0.0,1.268053083446954,0.0,655.6567641757676,1211.3135953306353,33.01069182418705,0.0,1.7223919837073665,8375.084827248287,1.8568280155202637,0.0,59.324734004118945,10.424364646739079,4279.216764023951,185.05452113022397,0.0,184.51159634019913,0.0,0.0,27.610644108369204,6.073882185193626,2.3124144942469482,88.67863685948753,0.12787609256984628,1.573351114628727,2.1166339789078963,276.3749730897634,7735.851628697885,0.0,0.6492885296468445,5.0947169046551295,5064.7952058009205,0.0,5.834496153225562,59.722074782539416,68.86795489356457,0.0,1119.3664316669099,62.56220302114374,0.0,375.4266190647923,2.936749976457235,65.0863254511025,0.0,245.7129320382248,2921.4155475088482,0.0,2.8665623280164425,0.0,58.98940603320939,0.0,942.6940762072601,0.0,72.34222034754093,0.0,44.909829724016035,0.0,123.31817410862125,29368.721191306937,32972.0447168061,199.01640271874925,12883.175278557977,4914.907239762824,7009.006881421829,86669.57780672902,33024.522345492725,4795.287729402032,0.0,0.0,843.4984195580423,434.61391030142266,1926.7386391362809,259.8300021403192,0.018547920718367493,72.51096381741803,81.6563590007193,0.00713446432807409,0.0,1.3635367211066924,0.0,59.01656672837296,644.8668579746839,2491.8978610586705,1.2264080651192895e-06,2.0884331673678956e-08,2.3429651666649745e-09,0.0,7.28562747242172e-08,0.0,0.0,1585.0988330466744,183975.25637852933,0.0,3403.304121635184,126.99066645936783,731.1465970749399,274.92086651950586,6957.04806149041,2644.2918575075123,2737.030708896187,270.7802668860619,59332.70113563472,405.32185638863916,4381.2204012581105,1995.4320750052882,4949.888714023214,881.7979827074985,3227.084951790333,18.901316173678108,12365.449621081485,609.3998174209361,4329.297174349689,2705.9392948331165,9958.477529498763,27490.667097194502,5337.3152677128755,13054.427880614483,107.1910757784684,110.54643899464357,49.789220168839414,130.49186955416022,24.781089957200464,31.219504027510467,122.86772160206738,12.206923917512285,1.372049582133245,98.42162058461616,70.42307843292147,2.782665551452732,42.34459777268924,75.45731045424166,71.34213506475781,48.715387363429755,16.893198116700542,180.61618737507035,10.41600030786252,27.037319290013155,1821.871874585475,11302.675855584313,768.1067745159421,5.570840021103053,0.0
Particulate matter/Respiratory inorganics midpoint | ILCD recommended CF | emission-weighed average PM2.5 equivalent,2503.5501368272485,3968312.3198895394,1007954.3224678625,4091894.6128881276,2097791.3696496096,257358.01739103338,86848.83345929529,166457.44956337556,6923712.922743733,1796098.4129390987,5442675.335948569,6071415.676962336,432774.2613692756,1047309.6848132188,12720.745578358255,0.0,0.0,1258974.1156716684,1017220.0712172058,0.0,0.0,6433.13086560943,0.0,716.6785232489874,0.0,0.0,0.0,38.29029280433604,6604.92288825629,2.5104563551610063e-05,0.0,0.0,0.0,0.0,0.0,187.76615202385412,0.0,0.0,0.572958719875185,1865.513535219941,2635.8722099722218,5250.1338559517835,13332498.814159233,2067647.8120640805,3944539.4866308114,9386256.423585882,60023.48387034849,4872014.001253783,3580.275879045167,200406.74532363337,7939940.894915657,7738462.879183009,328687.85797449644,58382.11215699449,1665414.6396040018,1390730.613288625,273331.12139720796,341493.845019343,0.0,2689.968687875911,0.0,946966.8298521321,1055444.6737237368,39082.11714683404,0.0,2039.1794772299868,4616809.294399384,1023.5861750785091,0.0,32703.069762918756,5746.485498817967,2358940.6121504526,102012.27221708707,0.0,101712.982093474,0.0,0.0,15220.511910258678,3348.2593138939983,1274.7305802715994,48884.56222330932,70.4923658803431,867.3180264159387,1166.8055486107328,151289.14282607284,6239749.648995297,0.0,858.9916349550987,5364.526702882735,4365034.209896472,0.0,5028.861871560591,51475.54852588963,59358.56429337714,0.0,742106.5194995654,54612.79841237074,0.0,363430.301166413,4187.293381600452,219693.1807307027,0.0,224865.93967921854,1992289.3733391545,0.0,5624.858123981668,0.0,128039.57734513594,0.0,120602.18078364673,0.0,54790.72762968119,0.0,14428.190887952162,0.0,62798.084069162396,13145749.65089693,14950082.933915947,124304.54506554788,5958595.697744971,2459637.327340476,3838143.8322427706,42154672.88242406,13974058.38389546,3107652.9536056495,0.0,0.0,1773462.755597339,311229.1038223468,1876237.7396552172,258852.198476215,31.548633182417415,117079.9187131391,80665.73345922046,4.0504057964644,0.0,1132.959043586294,0.0,52533.79669954821,693377.0372961514,2676568.18172461,0.0012832971982044048,2.1867292247294807e-05,2.2825732544120965e-06,0.0,7.629099881984231e-05,0.0,0.0,811523.145827646,128236679.55481723,0.0,1597327.603852455,117993.42042917197,467351.973604181,160204.88904902348,10831319.907309193,4141442.9761415883,1853347.5795073635,580903.4361894345,10964938.179911418,1567648.428879701,3410756.8235173845,1580777.1714057364,2876850.3348093103,751187.1647296064,2549566.741479268,16557.10099163439,8537876.675566277,385411.83240820945,2938515.752945773,1594073.27982844,6391406.744134432,15623966.191990428,5163250.987818277,10320656.885166183,115449.37650040444,120099.86862532694,58145.30345536991,151763.54633373697,29272.065695619138,33713.42168513067,89121.04495989742,7828.373685303635,779.6580239957609,69447.07859456015,50379.43176479469,3226.9897554385016,30598.04983947883,56071.27440441631,51413.525507431026,34402.56323449581,11661.384992741328,130382.87363650324,6851.324378650407,18380.19428746036,1709978.6791228845,9917235.09461977,882231.5903815437,4414.728255465111,0.0
Particulate matter/Respiratory inorganics endpoint | ILCD recommended CF | Disability Adjusted Life Years (DALY),4.506390223173859,7142.962109185071,1814.3177676731962,7365.410259532852,3776.0244406583133,463.2444274182655,156.32789940400886,299.62340725227097,12462.68319591863,3232.9771248225056,9796.81554072505,10928.548160263157,778.9936663348828,1885.1574220129328,22.897341728243514,0.0,0.0,2266.1533970295586,1830.9961225776308,0.0,0.0,11.579635547576464,0.0,1.2900213406647032,0.0,0.0,0.0,0.06892252660404886,11.888861133643944,4.518821414472304e-08,0.0,0.0,0.0,0.0,0.0,0.3379790726998873,0.0,0.0,0.0010313256930944003,3.357924348273567,4.744569956086299,9.450240896205043,23998.497741742383,3721.7660410226476,7100.171037568984,16895.26147602554,108.04227037053055,8769.625154604215,6.444496557553268,360.7321386757061,14291.893531782964,13929.233104970584,591.6381410544981,105.08780154215975,2997.746340534847,2503.3150925780333,491.9960161430998,614.688918017012,0.0,4.841943631571222,0.0,1704.5402886481054,1899.8004041894953,70.34781079419135,0.0,3.670523055365388,8310.256706981261,1.8424551100558473,0.0,58.865525410789125,10.343673869336474,4246.093090153861,183.62208948405762,0.0,183.08336726312518,0.0,0.0,27.396921362877368,6.026866748379647,2.2945150381545933,87.99221175912487,0.12688625823436203,1.5611724432414062,2.1002499817042333,272.3204558123641,11231.54931264816,0.0,1.546184936548516,9.656148043792982,7857.061534415338,0.0,9.051951318783724,92.65598683471252,106.8454151374656,0.0,1335.7917282957972,98.30303650803624,0.0,654.1745396653857,7.537128052927151,395.44772493400706,0.0,404.75868974180446,3586.1208560150267,0.0,10.124744601447437,0.0,230.4712198648444,0.0,217.08392556815835,0.0,98.62330965599178,0.0,25.970743513555206,0.0,113.03655020355072,23662.34917492627,26910.14903671906,223.7481798942502,10725.472170899764,4427.347157088271,6908.65882520903,75878.41072651293,25153.304956583994,5593.775278312087,0.0,0.0,3192.2329584060108,560.2123794162961,3377.227918061223,465.9339555601454,0.05678753953651304,210.743853005208,145.19831964596844,0.007290730416882165,0.0,2.0393262677511554,0.0,94.56083355191986,1248.0786618826328,4817.822706579094,2.3099349476057983e-06,3.936112588903231e-08,4.108631840286026e-09,0.0,1.373237973312252e-07,0.0,0.0,1460.7416548451738,230826.02238820295,0.0,2875.1896735953096,212.38815602107044,841.2335492168487,288.3687990756225,19496.37573441638,7454.597326282236,3336.0256318649917,1045.6261814370546,19736.888712445474,2821.7670549809686,6139.3622061912165,2845.398894089143,5178.330579829783,1352.1368905516485,4589.220116085182,29.802781668731654,15368.177956671832,693.7412949970832,5289.3283317186415,2869.331889302411,11504.532087690613,28123.13902259452,9293.851738105119,18577.182306283525,207.80887720452492,216.17976295580362,104.66154596075798,273.17438280133456,52.68971805424685,60.684158868955365,160.4178802935494,14.091072578588866,1.4033844379671474,125.00474097457061,90.68297681792131,5.808581540699619,55.07648950254343,100.92829353281161,92.54434557046659,61.924613588422154,20.990492910225672,234.68917164677785,12.332383835695085,33.08434959154288,3077.961610263846,17851.023094773183,1588.016857145111,7.946510814696302,0.0
"Photochemical ozone formation midpoint, human health | ILCD recommended CF | Photochemical ozone creation potential (POCP)",622.9688348910034,11176109.858363116,1848041.8088192197,18676167.50813617,2915713.7579236347,689508.9543192647,13003.848028135246,708350.0922303986,3945978.6142054508,1066547.8046456047,5984186.88385252,3814250.978525725,263625.9421810249,999266.609727588,76842.77429081488,0.0,0.0,3263758.0317845275,6553125.20431079,0.0,0.0,8115.132653854747,0.0,904.2611620334934,0.0,0.0,0.0,2180.4957787130747,44536.05601830684,0.00016927650551842098,0.0,0.0,0.0,0.0,0.0,261.0298721172893,0.0,0.0,1.0311973410055117,5245.283545319117,8356.728442720287,14513.402950905178,9749799.321844114,2288913.847964278,7773712.975036342,16393872.489407966,606604.8127653426,6864122.492035372,5304.605780776648,533135.3024428843,17826903.908681825,26309112.210431557,577020.556554252,243412.90721496346,8421121.22580176,6123413.035928287,1286536.937445655,1057357.6106912713,0.0,3836.062364856885,0.0,1937602.3877908518,5226308.255045435,7046.632172884548,0.0,367.67065380768463,37048166.74426551,8213.896305950075,0.0,262429.8957696625,46113.39541429738,18929615.578318626,818610.3065833136,0.0,816208.6154333372,0.0,0.0,122138.91182747674,26868.527993220658,10229.235858032163,392280.3176014321,565.6748736512116,6959.902559767053,9363.177882441829,233129.94993359304,36609310.13156757,0.0,1142.4043260333408,19322.353711563814,40286828.13868514,0.0,46429.40861463982,475250.90997530415,548032.073075694,0.0,4408995.272348353,192830.5848902409,0.0,1115435.3813491787,9714.792030959037,82801.89459051142,0.0,703782.6425586352,1183069.2736698543,0.0,6197.295971231531,0.0,1287853.0250451036,0.0,136772.02306126794,0.0,84380.77644869311,0.0,26848.90760639089,0.0,126240.51495278715,22728104.530326005,32774708.196174078,319244.6138176047,12171892.8580758,5062270.815600068,8537027.259776043,108478931.99127144,20541349.97360913,10120964.267068934,0.0,0.0,3713717.6066376963,3056142.5260642045,18416472.35506202,2548612.475571381,158.6827254598367,778740.7229769195,807383.3721612286,5.851621213302112,0.0,10928.94668290022,0.0,514163.813508164,6536491.221892104,24772501.745445628,0.013857071613799149,0.00023626684976997143,7.405892919983889e-06,0.0,0.0008243356111270974,0.0,0.0,1805388.1573304164,151928732.07687348,0.0,3360528.0564751625,222825.56316096341,1250718.3198492227,406374.89269111824,23852475.196352098,10242562.208525594,8631352.50468928,925880.3046359079,8643412.148630546,17387881.69927338,17707103.829173673,3671495.4480302497,8452728.112793712,1866842.7916325326,6268660.926360752,38851.57876954213,16075571.398883961,1114632.0120811919,8017919.817057477,4087568.454091491,15964680.006318908,38326830.18068306,16609750.78994441,47728914.4276077,469800.6615338671,498014.33737852983,215289.44820534711,546061.8574665192,126773.87533767952,130671.58399229022,398612.5021853158,23627.53475256857,2116.507673895632,233463.46048727122,219850.66841820301,5003.778799963395,133073.67669550458,259993.85090889625,1273900.0890620828,563104.5456973028,61119.2549004989,495963.3290916459,39949.83192453685,123199.28101221324,6051671.966687148,43290463.432632245,1375715.0401116656,9289.161274151858,0.0
"Photochemical ozone formation endpoint, human health | ILCD recommended CF | Disability Adjusted Life Years (DALY)",2.4300705361202584e-05,0.43596315159107185,0.0720855240637632,0.7284423725336968,0.11373574921139298,0.026896160355704957,0.0005073336954152986,0.02762918794844757,0.15410099338685954,0.041612706812491344,0.23346369782199067,0.148933098097082,0.010294051930490964,0.039011084225282315,0.0029977524415975036,0.0,0.0,0.1273073314055101,0.25558187867618365,0.0,0.0,0.0003164238576318657,0.0,3.5258802363475066e-05,0.0,0.0,0.0,8.505837260799018e-05,0.001739024414148085,6.609834865482947e-12,0.0,0.0,0.0,0.0,0.0,1.0182399447485746e-05,0.0,0.0,4.022468179642754e-08,0.00020459224988572926,0.000325954401230162,0.0005661047644117177,0.3806282356377994,0.08929183108112604,0.303247127338943,0.6395624429563841,0.023658870053305237,0.2678663589972735,0.00020692869693738144,0.020796298144008213,0.6954182824099514,1.0261988808010944,0.022510454028038668,0.009493791538354852,0.3284435403763766,0.23883458573539773,0.050180495706780154,0.04124283623978587,0.0,0.0001495954548703453,0.0,0.07557141765749747,0.2038419564282836,0.00027494213742849894,0.0,1.4345598428699993e-05,1.445207151051318,0.0003204148200108382,0.0,0.010237093906229013,0.001798831485298758,0.7384229289744565,0.03193306371045586,0.0,0.03183937645044239,0.0,0.0,0.004764501034907219,0.001048110937904137,0.00039903094028472083,0.015302412238792933,2.2066338078330754e-05,0.00027149793994948174,0.00036524699658155665,0.009094777730520996,1.4278903651810655,0.0,4.456554830920105e-05,0.0007535915222794603,1.5712594262930377,0.0,0.0018108311788479561,0.018535647802212923,0.021374245218052246,0.0,0.1719635965440735,0.007521371888852623,0.0,0.04350415980354567,0.0003789067935759179,0.0032296228760944185,0.0,0.027449885816415266,0.04616794978540391,0.0,0.00024175922944143146,0.0,0.05026480588246772,0.0,0.005330577581535287,0.0,0.003290036858897373,0.0,0.001047220923830591,0.0,0.004925637659123569,0.8867514737526992,1.278659616603086,0.012452868579960441,0.47484677474007275,0.19748617914132044,0.33307472705532126,4.231501813626749,0.8013450792817303,0.39478965891818857,0.0,0.0,0.14482831049131592,0.11920901292204462,0.7182696705412949,0.09939910717044009,6.1890173913551106e-06,0.03037263658713708,0.031489156981816986,2.2823631223076505e-07,0.0,0.00042625298348101766,0.0,0.02005353870140656,0.2549412607080591,0.9661990108951048,5.404447476279134e-10,9.2147300486229e-12,2.888830858263302e-13,0.0,3.215021537788699e-11,0.0,0.0,0.07042916234593055,5.926350591434509,0.0,0.13108925481463923,0.008691623574104865,0.04878625958221706,0.015852417502483365,0.9305064461819053,0.39952646042054896,0.3366715332837407,0.036116740760687445,0.33699689565957736,0.6783583430526292,0.6907532454916588,0.14321879019767195,0.32970871353109876,0.07282022052616584,0.24451941094807525,0.0015154463181735677,0.627097674464066,0.04347780859595482,0.31275397803694177,0.15944498623538067,0.6227473212865009,1.4950485701137675,0.6478833590878648,1.861628047623349,0.018323536822963497,0.019424054946796308,0.00839684281748069,0.021297638013559234,0.004944564394923201,0.00509659053349238,0.015549088143801912,0.000921772176016472,8.257029344000961e-05,0.0091077052635205,0.008575964833162641,0.0001952012502635365,0.005190871671616733,0.010141718075111838,0.04980220914606968,0.022010606108701335,0.002387092934810468,0.019347162986128277,0.001560548076734982,0.004812160378012682,0.23604716289472044,1.6885144412716127,0.05366675587964291,0.0003624313374100235,0.0
Acidification midpoint | ILCD recommended CF | Accumulated Exceedance (AE),102870.67296928827,100425646.63261351,34722038.24497139,42949623.120378405,70279105.25574435,7505589.810518459,3696157.336431778,3206441.047709707,288514947.735407,72113974.29940377,175154328.7220054,249919419.72774127,17840094.66570879,41540521.43757444,80351.39649475452,0.0,0.0,6355708.313695798,11377877.386980055,0.0,0.0,68595.9848154948,0.0,7641.368758858478,0.0,0.0,0.0,225.61150190277033,45307.62813838485,0.0001722091601103061,0.0,0.0,0.0,0.0,0.0,298.4219499988865,0.0,0.0,9.126004849082019,18813.9553487986,22451.515599252944,46656.30433301654,533693840.3169198,75758965.70350754,106693360.07921663,277862372.9970294,1750930.2737298557,172037625.46987978,29101.909631201543,5553941.790306793,236224289.70775297,157984351.46297428,10132532.632849647,609942.7696774215,25295895.393455245,17333098.128580246,4891162.143885644,2622090.4264238672,0.0,21474.13603944011,0.0,8610080.61073172,10840231.604817785,29789.584954205446,0.0,1554.3249516179494,35086987.265402384,7779.085865490964,0.0,248537.92290204167,43672.33956204063,17927558.610685468,775276.4016050113,0.0,773001.8461929009,0.0,0.0,115673.37388038494,25446.21720947001,9687.741648908392,371514.5904587238,535.730334986697,6591.473587735323,8867.52926016746,759902.275949495,60919705.81971429,0.0,2883.681677725431,47724.8347616278,50846473.19536498,0.0,58579.15726002462,599618.1189329812,691443.9873714435,0.0,6801100.869479984,515641.5896149727,0.0,3727007.422905623,39142.254198847324,309347.4896361895,0.0,1945980.9448630882,2201555.1709016436,0.0,11653.069797095734,0.0,377233.3569328272,0.0,1761092.5575161518,0.0,738120.8679633093,0.0,119285.30068407561,0.0,317157.20168552577,43952727.854930855,68896732.27694213,832060.1301309146,31908498.00971164,13379856.581970025,20789373.144617483,172455491.91727948,60633045.623324245,20898773.409076605,0.0,0.0,17125116.51743521,3555776.0354352742,24179664.475619208,3379713.791396991,189.42422929347856,1505785.5961709025,1066553.8931709556,11.864857826037754,0.0,14110.716548192742,0.0,663087.4867163633,8472337.167984916,32291923.27022194,0.017625168285713606,0.00030043464816406016,3.48745365817878e-05,0.0,0.001048206329594398,0.0,0.0,4237892.979627174,575012115.3228148,0.0,9216284.413127642,833283.8807463543,4312736.317539835,1596216.8088114318,280694294.06224287,10501626.833776187,15105505.119878205,1020392.1036281263,70835951.42790857,2434981.209810722,26977762.209175397,8128624.19680171,25570645.412904225,6246686.145337593,23169114.780164555,148238.16063759566,69073169.40190612,3642782.0745117473,28360108.289176505,13808282.916757924,60374627.45217595,118556830.82108405,78501973.9288074,133831155.89501,1487496.4108605443,1556530.045326815,787547.9920158803,2017967.3217618896,400587.88610723976,442137.4708005982,854317.0450076805,69640.21366673156,6421.152066044766,644259.3122818021,468774.94652133057,35326.424554731355,287798.5061823519,531729.4473919518,454493.65917817404,311049.50301867165,102263.05562706663,1209294.7289335905,59062.351559203955,166072.05023371076,19632287.170757152,134286308.8629806,9176618.707423652,39895.57557673023,0.0
Acidification endpoint | ILCD recommended CF | Change in potentially not occuring fraction of plant species per change in base saturation,0.00048353870971874877,0.47133136901250583,0.16311200606824974,0.19982981048007836,0.3301929926808705,0.035215667682453905,0.017376186435327772,0.014977253269937046,1.3562812932410713,0.3389495042563947,0.8227851976010907,1.1747843277177874,0.08386151202008903,0.19523112439503687,0.0003637034348882945,0.0,0.0,0.029255481182240552,0.05260356358846577,0.0,0.0,0.000307485388698838,0.0,3.425302381283848e-05,0.0,0.0,0.0,1.0387738808625781e-06,0.00020764501592125342,7.892351741920563e-13,0.0,0.0,0.0,0.0,0.0,1.362580050141018e-06,0.0,0.0,4.21238952833481e-08,8.658492492152439e-05,0.00010352024731843258,0.000215098133225863,2.5082040845866405,0.35588651250969133,0.5001484268831152,1.3031314437590567,0.008214069828678833,0.8078313289858033,0.00013359554729777388,0.026044511997930276,1.1080885585030131,0.7388577987086274,0.047551364771380854,0.0028178902835796606,0.11743779358943285,0.08034785770407374,0.022813316664271294,0.012066689531623749,0.0,9.590248494153887e-05,0.0,0.039254205976812034,0.04980344254235206,0.00013228092671946153,0.0,6.901994281766938e-06,0.15886216101892373,3.522110293137638e-05,0.0,0.001125296715519211,0.0001977337691500566,0.08116999847134035,0.0035101926424665982,0.0,0.0034998942151473144,0.0,0.0,0.0005237304077406069,0.00011521197373731134,4.386285895734791e-05,0.0016820939980106689,2.4256080473231064e-06,2.984399118020851e-05,4.0149211170181776e-05,0.0034758866050841855,0.27839446196177153,0.0,1.2962692158449944e-05,0.00021734178899691616,0.2336743558159942,0.0,0.0002692100207555891,0.0027556425783251477,0.00317764317668319,0.0,0.031339128463923484,0.0023380657427773247,0.0,0.01676338922613996,0.0001758417165976744,0.0013916331954304873,0.0,0.008832444684800506,0.009893047302403897,0.0,5.3284327119367645e-05,0.0,0.0017271075688734985,0.0,0.007806061231569512,0.0,0.0032848775108167815,0.0,0.0005394392402313834,0.0,0.0014342710216345448,0.1996083155436369,0.3140570259383398,0.003823299266897062,0.1445288480001548,0.0610144023129495,0.09430088821450194,0.7867902309005643,0.2765053339526876,0.09613920550910775,0.0,0.0,0.07643136296529966,0.016379733281542335,0.11180877570135274,0.015637115336730577,8.755028777583252e-07,0.00679215067211831,0.00493277859178587,5.339073138056332e-08,0.0,6.520132672456479e-05,0.0,0.0030652578022812623,0.0389492770527641,0.14838196699701714,8.156035945869765e-11,1.3902623687149528e-12,1.6238988582685133e-13,0.0,4.8505803872345485e-12,0.0,0.0,0.019396282874243415,2.5998982854869404,0.0,0.04207480740869602,0.0038338272698655185,0.019840346784506763,0.007360167254516045,1.3152228205306293,0.04800682449529812,0.06906271706724239,0.0046770369635626505,0.31613889731610983,0.01099230152120572,0.12389841501357939,0.03743778689537419,0.11780973387607109,0.02882272296481216,0.10667960473955806,0.0006806788923620299,0.3184084480266468,0.016829636154265023,0.13103130525345288,0.06375110140577317,0.27911713992223885,0.5458296552520788,0.3655165878833162,0.6218377585311888,0.006719515352056392,0.007032036831604278,0.003548725017171375,0.009088701415980584,0.0018062494399396318,0.0019951619914732417,0.003930220595087216,0.0003200781078346697,2.946560107147818e-05,0.0029635415984565925,0.002154545287695469,0.00016428215370624667,0.0013242106158823062,0.0024478364053020837,0.0020910352114446185,0.0014316383786285468,0.0004707500403223887,0.005561293792628652,0.00027168398076348626,0.0007639003289561709,0.09109520623015284,0.622990879106786,0.042687435268041654,0.0001836450846466967,0.0
Eutrophication terrestrial midpoint | ILCD recommended CF | Accumulated Exceedance (AE),457282.1251614577,434776362.50759315,152762645.24029493,157490523.02972284,309953162.09417,32321731.858774997,16472134.131567381,12714907.959213562,1284635601.5555434,320255796.62261695,770140221.6005011,1111758997.2509003,79384371.77550405,184198532.5661914,129448.34296144426,0.0,0.0,18168714.31338737,36285656.22421872,0.0,0.0,61522.54887731405,0.0,6855.941354471683,0.0,0.0,0.0,649.4801878403073,114746.61449354418,0.00043613887560313197,0.0,0.0,0.0,0.0,0.0,672.9185099282074,0.0,0.0,27.987945123037694,53519.054723457324,67036.74254065641,138878.3212021842,2365894603.2767143,333265155.77668494,452149940.3598319,1187160015.8192356,7521164.352635861,751336076.2780831,77309.14350237667,23686512.433220975,1013061024.9144664,641367818.2642294,43801639.80671176,1911483.2407200278,88599236.02271418,58720331.51684373,18854060.16663258,7449101.268330747,0.0,13453.58591294417,0.0,18454254.953439705,29450963.816596154,6320.153889078649,0.0,329.76534226760606,57243291.66283613,12691.327877271411,0.0,405481.630508332,71250.01814626515,29248235.494197756,1264838.5234343891,0.0,1261127.6592705443,0.0,0.0,188717.39048454052,41514.68511601765,15805.23899913044,606114.1085054732,874.0267839931934,10753.777257653443,14467.08883382984,1814646.7809802415,141245943.02317846,0.0,3179.4985788568733,98374.74822121272,139274522.470478,0.0,160433.88913990135,1642210.207389155,1893697.3927729586,0.0,19987374.588805567,896828.9079380421,0.0,4268745.166260522,41364.8750129814,358309.9656833224,0.0,3528062.861336514,2372717.920076736,0.0,27530.349900669993,0.0,926819.0677576808,0.0,144240.9083772448,0.0,274580.8630095135,0.0,184110.42352079964,0.0,489571.0181519372,81560284.85272104,146854849.39865,2269557.4087626776,52999339.52785138,28910621.117713347,36743361.73709699,378563735.1221878,131150422.33655173,58791796.95965475,0.0,0.0,9937413.194717856,10366776.712020114,77412955.65595445,10967582.747043444,599.7709387753345,2040674.4533612747,3430036.427751783,13.99329345126381,0.0,44398.11915109882,0.0,2108042.3787479126,23419856.742853526,88100823.46450227,0.057407256224626564,0.0009785976422422614,0.00013000821040478542,0.0,0.0034143264646767594,0.0,0.0,10309615.401228838,880066803.9073524,0.0,20679465.446061544,2352769.2496715854,12144824.327611946,4770517.279966137,1179882464.135972,24607099.555000357,35555341.111037716,2593643.6338712852,40940517.70942201,3443668.2087891684,72545753.72056793,23587464.67488011,74846784.31870748,18981888.078048445,66746889.99204104,396646.6238332284,204994695.36843005,11420146.366561478,89035132.9374423,42587178.61762391,192314263.377382,340697605.749666,292317033.2257432,477183474.2739008,2176482.532760388,2288461.1578750373,1007545.2612046687,2510905.3846871224,531758.6217607072,612408.7068612368,2406009.760476024,191300.7430417854,16871.95964845337,1809142.7413444677,1287343.554556661,128242.03100787762,814034.7217093646,1524466.9400889874,1282784.7152399025,887061.3624723968,292833.52439936734,3373575.918243514,165883.12404911948,466055.0499860066,67965595.49879327,463145223.7801541,33515697.905505262,114125.0039699521,0.0
Eutrophication marine midpoint | ILCD recommended CF | Potentially Disappeared Fraction of species (PDF),3793.7480013309005,3607033.5260136975,1267364.1679157394,1306588.0429135745,2571463.2707106858,268150.66430963314,136657.7053878411,105486.64381015132,10657717.583279273,2656936.979384148,6389311.468077132,9223482.051267793,658596.2695455452,1528165.6035087542,1073.9418082678517,0.0,0.0,150733.0372663284,301036.55534166645,0.0,0.0,510.409294390463,0.0,56.87892086672337,0.0,0.0,0.0,5.388280076899063,951.9719128345919,3.6183373383266323e-06,0.0,0.0,0.0,0.0,0.0,5.582731341639017,0.0,0.0,0.2321962854645734,444.0099354830984,556.1566788557377,1152.1757018237952,19628162.63455605,2764866.477557599,3751169.8755779522,9849031.24234807,62397.80796275218,6233306.706914073,641.3795609087966,196510.3253715692,8404654.428925406,5320977.455211442,363391.38209999923,15858.231330511522,735045.5136673489,487161.26888046344,156418.86953037433,61799.95126316371,0.0,111.61493498122559,0.0,153101.96702172543,244333.92203416573,52.43386930204377,0.0,2.7358309877038374,474907.30861025996,105.2910164632856,0.0,3363.9957493984334,591.1112616574969,242652.02780374736,10493.475157369045,0.0,10462.688728771638,0.0,0.0,1565.6553877217223,344.418128369914,131.1249457706833,5028.502233523054,7.251185170905517,89.21652243393098,120.02325551037097,15054.847368142235,1171818.193969837,0.0,26.37806228385638,816.1460593180542,1155462.7049405044,0.0,1331.007080270684,13624.262461310802,15710.674665964816,0.0,165821.18177380742,7440.358347330679,0.0,35414.77471273021,343.1752593668847,2972.645641226653,0.0,29269.854849619103,19684.77089247328,0.0,228.39993991687166,0.0,7689.165599166994,0.0,1196.6653139430382,0.0,2278.0041968204637,0.0,1527.434624763849,0.0,4061.6262246723454,676648.2891492294,1218351.343160477,18828.92072463492,439698.2242298033,239851.07890270432,304833.8158931044,3140676.9136127317,1088062.7630905176,487754.16736833553,0.0,0.0,82443.72428213147,86005.85124054698,642240.8172941431,90990.31612364878,4.975877417992587,16930.039909359093,28456.598511798617,0.11609250863282887,0.0,368.3399514760836,0.0,17488.944179243586,194298.07075540678,730910.5354087532,0.0004762676071953916,8.118735994932176e-06,1.0785866344722115e-06,0.0,2.8326264003356478e-05,0.0,0.0,85531.62406902305,7301294.9657442495,0.0,171562.97258940534,19519.2708121504,100757.06108829725,39577.624841156845,9788654.5172786,204147.78890165812,294977.6447733573,21517.63607363733,339654.6654415443,28569.691806225997,601861.0679032753,195688.59582112456,620951.0995351429,157479.36775863104,553751.976228643,3290.697916231255,1700696.7319457664,94744.91800405088,738661.8436282043,353315.8522354647,1595496.1109862484,2826528.2847414473,2425148.720095261,3958855.490269142,18056.743975512465,18985.75182831721,8358.894018884308,20831.215043321365,4411.627084251749,5080.724086551535,19960.969864707808,1587.087645974649,139.97477634329516,15009.18422441365,10680.183563699537,1063.9338868809468,6753.473246781043,12647.429428848318,10642.362081968811,7359.3238960846,2429.433683901181,27988.185395889934,1376.2155476614123,3866.5307850863082,563862.7182121899,3842390.0047007124,278056.16040077177,946.8148477498931,0.0
Ecotoxicity freshwater midpoint | ILCD recommended CF | Comparative Toxic Unit for ecosystems (CTUe),69941.76248622136,231836282.06519166,35137519.888326526,637110160.6962811,61026898.45724834,17158269.347145688,1243494.4541607674,24035758.810487878,83746861.20320232,38262490.866322994,216962923.99738908,90699606.61135876,6043483.259774945,23933172.551124863,2178264.8147893255,0.0,0.0,278235883.97315305,138283337.25204417,0.0,0.0,471691.9990003785,0.0,52590.5730002807,0.0,0.0,0.0,8793.971320639768,1586759.080667634,0.006031091488852602,0.0,0.0,0.0,0.0,0.0,38419.862542297626,0.0,0.0,101.28454179559645,510945.1141468517,687868.3034684492,1491467.8228860847,295148232.008287,91917546.69202235,388531789.8446565,855443283.4104729,4821078.618334456,268495274.14528644,846232.9607000651,15761188.921056138,630828711.1610651,976436147.0732597,23222464.348478682,10029200.961674966,281909737.99246925,317916687.33802783,50038179.06075202,90086233.70118126,0.0,230307.2149504133,0.0,118338994.4910052,218471991.19631982,1269303.8520207482,0.0,66228.20201608172,1629845870.967999,361350.7849700695,0.0,11544978.3205251,2028649.025837265,832763359.1390167,36012811.02107767,0.0,35907154.33280144,0.0,0.0,5373210.5672247885,1182016.8995372213,450010.8707304551,17257438.356149852,24885.51768686718,306184.3396913727,411910.7116228555,44444995.456728466,1412339273.7155204,0.0,114348.86056594312,912505.1495592556,897669691.4476228,0.0,1034067.2664372051,10584744.27103156,12205698.786661046,0.0,194177209.26798138,11508445.069438137,0.0,66653854.94080979,471447.0217500778,10827848.606114278,0.0,43858140.11388528,306432399.0485426,0.0,949056.1767507083,0.0,10733652.234175643,0.0,54082190.23586075,0.0,11385635.76620297,0.0,5532009.522957069,0.0,20988709.745117117,4853674696.516226,5761918904.782002,37480851.827366434,2253812645.5104337,867630135.9069865,1265942817.6045432,14360301512.314398,5961339746.166622,919789695.3972253,0.0,0.0,132620852.70093447,77119072.83242223,347017358.6478439,46986865.05410413,5920.721783612941,15809937.81553359,14644924.550692575,1492.490235263847,0.0,246112.18480027793,0.0,10562974.008852467,117099727.39371647,451258287.4589918,0.21963324562819908,0.0037399809067362845,0.00043337214473744654,0.0,0.013047114938730658,0.0,0.0,268969723.8129852,31617175318.444027,0.0,609204048.7790128,26543951.371862147,136117801.54925758,48573304.19399665,1295140437.2560241,1055132461.2655344,534520939.50685924,97326216.02829692,10121100180.247011,229425701.77575007,943662755.5161598,510742709.44578254,899355886.7115835,175824709.6097093,590519015.8486736,3472402.579389852,2292171444.2169642,108081179.24749619,785867603.3358396,482691083.75801593,1785222750.6417918,5035199183.625483,986858016.0501071,2350464603.698556,19519299.26911754,20252342.664483134,9208662.900180664,23864549.35531771,4737545.898757116,5772049.600933083,22195519.38010904,2227380.363695658,252835.1312157334,17848041.95466601,12745033.348760147,510931.3013769114,7678683.863260869,13657055.05757237,12941910.885650577,8841262.631040642,3096066.74491206,32661850.68438284,1909850.4854431495,4915416.226041926,336776199.2777414,2040593235.456142,133422332.71162947,1042170.8643185357,0.0
Ecotoxicity freshwater endpoint | ILCD recommended CF | Potentially Disappeared Fraction of species (PDF),69941.76248622136,231836282.06519166,35137519.888326526,637110160.6962811,61026898.45724834,17158269.347145688,1243494.4541607674,24035758.810487878,83746861.20320232,38262490.866322994,216962923.99738908,90699606.61135876,6043483.259774945,23933172.551124863,2178264.8147893255,0.0,0.0,278235883.97315305,138283337.25204417,0.0,0.0,471691.9990003785,0.0,52590.5730002807,0.0,0.0,0.0,8793.971320639768,1586759.080667634,0.006031091488852602,0.0,0.0,0.0,0.0,0.0,38419.862542297626,0.0,0.0,101.28454179559645,510945.1141468517,687868.3034684492,1491467.8228860847,295148232.008287,91917546.69202235,388531789.8446565,855443283.4104729,4821078.618334456,268495274.14528644,846232.9607000651,15761188.921056138,630828711.1610651,976436147.0732597,23222464.348478682,10029200.961674966,281909737.99246925,317916687.33802783,50038179.06075202,90086233.70118126,0.0,230307.2149504133,0.0,118338994.4910052,218471991.19631982,1269303.8520207482,0.0,66228.20201608172,1629845870.967999,361350.7849700695,0.0,11544978.3205251,2028649.025837265,832763359.1390167,36012811.02107767,0.0,35907154.33280144,0.0,0.0,5373210.5672247885,1182016.8995372213,450010.8707304551,17257438.356149852,24885.51768686718,306184.3396913727,411910.7116228555,44444995.456728466,1412339273.7155204,0.0,114348.86056594312,912505.1495592556,897669691.4476228,0.0,1034067.2664372051,10584744.27103156,12205698.786661046,0.0,194177209.26798138,11508445.069438137,0.0,66653854.94080979,471447.0217500778,10827848.606114278,0.0,43858140.11388528,306432399.0485426,0.0,949056.1767507083,0.0,10733652.234175643,0.0,54082190.23586075,0.0,11385635.76620297,0.0,5532009.522957069,0.0,20988709.745117117,4853674696.516226,5761918904.782002,37480851.827366434,2253812645.5104337,867630135.9069865,1265942817.6045432,14360301512.314398,5961339746.166622,919789695.3972253,0.0,0.0,132620852.70093447,77119072.83242223,347017358.6478439,46986865.05410413,5920.721783612941,15809937.81553359,14644924.550692575,1492.490235263847,0.0,246112.18480027793,0.0,10562974.008852467,117099727.39371647,451258287.4589918,0.21963324562819908,0.0037399809067362845,0.00043337214473744654,0.0,0.013047114938730658,0.0,0.0,268969723.8129852,31617175318.444027,0.0,609204048.7790128,26543951.371862147,136117801.54925758,48573304.19399665,1295140437.2560241,1055132461.2655344,534520939.50685924,97326216.02829692,10121100180.247011,229425701.77575007,943662755.5161598,510742709.44578254,899355886.7115835,175824709.6097093,590519015.8486736,3472402.579389852,2292171444.2169642,108081179.24749619,785867603.3358396,482691083.75801593,1785222750.6417918,5035199183.625483,986858016.0501071,2350464603.698556,19519299.26911754,20252342.664483134,9208662.900180664,23864549.35531771,4737545.898757116,5772049.600933083,22195519.38010904,2227380.363695658,252835.1312157334,17848041.95466601,12745033.348760147,510931.3013769114,7678683.863260869,13657055.05757237,12941910.885650577,8841262.631040642,3096066.74491206,32661850.68438284,1909850.4854431495,4915416.226041926,336776199.2777414,2040593235.456142,133422332.71162947,1042170.8643185357,0.0
"GHG emissions AR5 (GWP100) | GWP100 (IPCC, 2010)",1330757.1470210867,3798816625.0480275,943473544.6149322,3333302173.8666406,1861006721.0540047,390754382.676823,70554692.90776548,435554351.3413474,7240381856.50762,700272961.2196854,3123560407.5592666,6308266743.386662,441737372.3726163,1330741933.3523936,500032329.33284813,0.0,0.0,1462083427.518402,1155711456.8069305,0.0,0.0,20981614.29171122,0.0,2337110.3272170504,0.0,0.0,0.0,527159.7116941882,156525810.06980738,0.5949368811847153,0.0,0.0,0.0,0.0,0.0,513564.9844647393,0.0,0.0,1356.546839736645,8805056.006135615,18076354.067209903,9050928.769212548,14450509939.38932,1328683594.6448894,4496044824.652388,11107407116.728497,73999046.55297452,6500919389.731135,8895646.659886725,348675997.2723276,9432726649.119041,9029830579.923658,354368572.1067412,135577826.46491107,2071408948.2229297,1675728307.2488194,302521646.8285076,386536618.6998836,0.0,1478485.1229293903,0.0,732270971.076447,1581036450.4188218,17839251.515430234,0.0,930794.9019269764,16237023050.634876,3599887.218152598,0.0,115014605.0695704,20210022.08621288,8296243282.558056,358770637.92945254,0.0,357718053.75329083,0.0,0.0,53529567.07444027,11775613.925568894,4483145.940740096,171923879.57891956,247917.15163264947,3050302.0367028764,4103580.5096987216,134765506.61068022,10697848279.818275,0.0,1752976.743259512,20537541.287839115,6397469661.862178,0.0,7370236.799987569,75441931.78516372,86995175.45499507,0.0,827762675.8897839,98850779.42618333,0.0,595530003.2460618,8309900.217112515,144514381.16397068,0.0,462827169.27099377,419009383.8901311,0.0,4424732.121481499,0.0,60539087.470686994,0.0,18056648.870030303,0.0,46758040.99111546,0.0,17706035.88966651,0.0,60911131.148644656,5290694426.009085,8303979408.619234,160071877.56874517,3552247306.05671,2069707831.9591053,3682360281.8393264,22476856005.73092,7851711654.639166,3136630533.750716,0.0,0.0,5810516210.287023,2506824792.22026,4090854181.220567,467670315.93929505,84115.68999425333,381357353.1696686,185096911.77512375,3514.656981709272,0.0,2827944.6585748824,0.0,124695065.2978154,2572207917.5089602,10090819956.04768,3.1084577954942083,0.052986911844264545,0.004159184680050524,0.0,0.18486807260528837,0.0,0.0,900017698.3667758,77722330704.79428,0.0,1864845831.1705117,209682526.57307097,1019096000.9953936,314463305.48848325,15316290739.999477,17781705637.54534,4297823123.400943,1669035641.3265696,5518287877.316965,6291092261.828226,29883218790.7938,5536223901.508378,4323296689.940177,1535555759.340675,4253125920.9748244,25538795.011613365,12552486550.780817,547119158.8308882,4602522993.158782,1902008408.0174124,9018807008.947912,20444887769.835785,8938606202.400871,15539752903.978344,213719371.4973636,222035492.3149445,412147907.43741196,1059784771.9410388,214207743.54072452,61960467.85018372,328992464.80642945,21587552.48073615,1946584.3608341692,184359502.90014985,721907488.3758539,3646328.8002875554,438633201.28612524,800130245.9834291,3538768385.44925,1327561986.422119,104407668.40663525,340491043.56905395,74494870.14974321,217835992.73671252,2882770022.769336,17215589765.869007,863468396.5407788,45027140.48745363,0.0
Nitrogen,87642.61430073668,80750668.612148,28675197.809940852,20308172.62861892,58083457.05946304,5930787.115558947,3146256.051816373,1863571.2939829123,22119974.456103675,3938776.5831312453,18191553.3607328,20706116.641577274,1417954.0166999584,5316317.5358277075,34555.46073576861,0.0,0.0,972546.2239602132,1419768.4857248964,0.0,0.0,3775.0596047152712,0.0,420.64997176952943,0.0,0.0,0.0,38.70824979746828,13134.653281161716,4.9923329257791756e-05,0.0,0.0,0.0,0.0,0.0,145.05376870690097,0.0,0.0,1.101116738956948,2255.4431393121204,3031.218743310332,6137.65622484502,43562776.62549201,6684309.2786802985,25908294.168195974,70693879.64044125,635697.7752748749,23518429.05312197,4737.806050132333,4306589.597224851,73864078.23713937,65043962.493511654,3214958.5494016563,92028.15957694138,3430320.416446728,2240892.2967410916,616122.7912918177,314254.5061172742,0.0,892.4873318649798,0.0,871073.1250435021,1242104.6174586108,2026.781047620298,0.0,105.75093160937598,2888356.1873213113,640.3733067211566,0.0,20459.609194506957,3595.101269748861,1475794.2722148593,63820.651631238754,0.0,63633.41052338819,0.0,0.0,9522.216956427965,2094.7292561450668,797.4936200017876,30583.03228300708,44.10124972559927,542.609241368783,729.9738430004611,110637.389164975,8323600.253261579,0.0,201.28569502305032,4482.20479532849,6082187.068470878,0.0,7005.910064739578,71712.90680816074,82694.972016573,0.0,816165.7214202648,41748.46060466497,0.0,216213.37351044107,2545.2801465613757,24646.510394018384,0.0,183650.44252746008,209957.917958065,0.0,4268.49662325609,0.0,36782.64326354821,0.0,10097.605608264726,0.0,23111.22779047817,0.0,10431.285633766589,0.0,29915.241380645748,3257047.638813773,5971824.921346321,114999.7071987877,2278350.55120592,1371042.4598131685,1939343.145946252,15897957.616065953,5223412.853397398,2740596.2766494434,0.0,0.0,563821.1313064904,460118.1322580369,2668377.062032983,374540.51533502876,34.62430535813744,89300.07681645482,119247.66200824692,2.6793191805337138,0.0,1568.1914673058752,0.0,74088.79107188195,877665.4765953401,3324986.1280217115,0.0019316282848282553,3.29207072553472e-05,5.866734020605385e-06,0.0,0.00011485874761935315,0.0,0.0,583425.7124005358,41573799.02840343,0.0,1014653.0817956519,142767.52794731417,610194.7058858721,246686.00051670082,61925937.620897025,3962473.900378299,1863994.4684723879,389553.4336826095,4241028.61499926,1509521.3573518712,7762867.361237019,1860909.1593513475,3332441.670640103,989106.0900274767,3400015.1688966774,20778.044805174293,9589383.81541324,520138.9786441153,4241968.082481331,1904272.453218429,9122312.96973187,17697958.887615982,13196405.706868622,21497581.949022524,150116.5391709416,157444.53644240787,73718.36795592055,185297.85373098767,35883.06726404968,43407.651191180594,158653.00613664027,14414.012666310316,1305.250700819447,130046.39884893388,83477.8269725307,6992.1993528268495,51987.68147018183,144531.58239334586,2452751.9200088764,872206.8352073951,1723945.2811246943,272079.4957635534,1541694.8285453296,472742.09162751155,3242626.051472793,19753483.7040419,1760738.6976712865,6660.523748040964,0.0
Phosphorous,15154.50713380963,320066.05516325997,5796571.7132581845,1498323.9673426452,220683.566874182,61592.20905295661,2007974.6948460804,235654.03973128542,23084721.32619118,510350.3807653701,3420472.0701299664,17511256.56099362,1325155.8666503576,2433728.8332692687,1971.798157085288,0.0,0.0,240137.84094769543,623058.2668917475,0.0,0.0,1609.615022625352,0.0,179.34457018592025,0.0,0.0,0.0,15.521795322636244,2512.506553018357,9.549752606653247e-06,0.0,0.0,0.0,0.0,0.0,12.468113982148473,0.0,0.0,0.8751662050855982,862.6797571514476,1091.5994224194926,2296.4010041915085,42406636.6359886,1026278.9879465996,5157266.960897139,17915341.45193279,97617.80794380751,10109160.069269229,1936.1132420598879,51288.51667138713,13621712.588103687,10072057.963075059,507987.2846195037,36584.24614415773,1377635.6173369272,1063589.7397923155,470844.0434950328,107078.27318009849,0.0,212.71689451072345,0.0,293320.3147201743,489453.5714174742,89.5713333501876,0.0,4.673544629268794,1053732.0537043966,233.6214182189046,0.0,7464.08843450411,1311.567273113286,538400.2624457717,23283.093200661984,0.0,23214.783772556333,0.0,0.0,3473.901616553035,764.2005400767001,290.9421604813923,11157.322469862176,16.08904748443679,197.9550697699197,266.3095497223866,35004.60336391107,2266628.827193314,0.0,52.61691581978445,1698.4909192897228,2193769.77409442,0.0,2526.9115899311423,25865.633308666405,29826.66992490284,0.0,308771.60375367873,14860.917695279986,0.0,72177.87216355045,654.733708379613,5232.2034142436605,0.0,55505.30870265021,28491.431795490647,0.0,416.9939721870115,0.0,14010.02108311133,0.0,2918.935269903085,0.0,4773.484636888796,0.0,3690.6127790096652,0.0,6021.003580450477,1028309.0496198699,2209869.649514138,43795.98748164469,809444.3787672904,480975.80953626055,611850.4915248842,5695384.747819983,2278316.9573397487,993996.2507495168,0.0,0.0,166325.30923928972,154903.43998030733,1149708.1472564274,165334.99233487682,8.904168178671611,31085.091334008328,51644.6900533846,0.18437008982972697,0.0,661.3000769632694,0.0,31618.940402456697,360394.475343216,1361845.8254869143,0.0008492328679589443,1.4475049228660163e-05,2.1618707622416966e-06,0.0,5.050303957963811e-05,0.0,0.0,151786.49310003268,13931161.242967939,0.0,407994.334436277,49851.13799655506,231487.3258709719,84275.96312006652,17541264.875928182,370269.26837545866,659139.4700319812,40877.529504558006,448482.2282289262,36280.25070173913,1119765.7997927242,446509.8930091499,1310228.8745203426,385153.05440725107,1363139.4603987096,8156.117288250827,4079816.702192081,194370.3012328108,1685042.922997361,723940.8934733616,3523509.6789478753,6368763.632346646,4863818.364164089,8271774.208637701,32072.637350267178,33151.49674769376,14761.570210022477,36645.545390616804,6819.933134128871,8779.518318876786,36291.77756027119,2955.484012870778,262.09203020095015,28621.580520160926,19854.308337940005,3335.1192901576987,14706.499706532759,117631.85516050893,34851.98992193881,14870.254171212873,5190.843440357659,52153.56082610168,2832.292492686697,7756.465126491017,1400020.8850226193,7906170.285719211,861780.8253519045,2737.4127863824224,0.0
PM10,187.26942496212348,1382085.5979400855,188899.1406034348,2432621.3026893246,437282.45674232504,70728.47930677678,4230.878800487726,72258.68162149019,441863.55839567713,159264.6149986504,1261012.5179340667,439467.6612951549,30961.61661378061,101974.61960084208,10922.775600978459,0.0,0.0,837985.7354205827,581171.4578387307,0.0,0.0,4478.732661978478,0.0,498.93470793347996,0.0,0.0,0.0,29.693224708454597,5201.606872907848,1.97707184583673e-05,0.0,0.0,0.0,0.0,0.0,228.61223766948623,0.0,0.0,0.27346589967382473,1016.0266818361747,1650.331748811885,3101.386163544167,1218598.6044574827,306400.4349017746,1234052.755329973,2526985.4154306995,16681.55214966279,813294.7864823326,2316.8553303741924,59996.57760400511,2099543.9601550694,3254773.0816075127,81754.77412819414,37877.0357590099,825811.6369549897,742957.1159160103,122677.5739962868,206244.64498346258,0.0,1449.739470062494,0.0,539480.745595333,602277.8161034539,39177.455987313704,0.0,2044.1539523083536,2796241.1231117947,619.9506065936495,0.0,19807.114109679107,3480.4467876400936,1428728.4412226023,61785.29205500538,0.0,61604.02241505755,0.0,0.0,9218.53570317083,2027.924434148585,772.0600614338649,29607.682357380894,42.69477856808249,525.3044209970296,706.693615961506,95999.79712033426,3524010.2809406184,0.0,680.6606756385523,3360.577341850152,2293261.1962807225,0.0,2641.9383045560935,27042.94588878954,31184.327501291376,0.0,428576.8760009968,30339.938475278148,0.0,183052.17408556893,2354.1647913684437,195994.04070245972,0.0,131798.96239773114,1342327.9127589806,0.0,5740.360135577246,0.0,97749.60668644396,0.0,33924.34786941396,0.0,19439.610142073612,0.0,8534.655881871777,0.0,38425.17302822093,8290245.6336544845,9349099.28166733,82363.91073452955,3575488.861229519,1540196.010530778,2460553.1139773643,27036139.099735014,8688096.844886098,2081476.0017834937,0.0,0.0,1332613.2479883747,168715.43239656388,1017532.4352292161,140160.8480989544,27.226498538183204,53315.62093986576,43263.63041474559,3.7756510482951864,0.0,624.7256643108103,0.0,28691.698684083975,400940.8198458942,1553430.6020443288,0.0006769698604111876,1.1534220249345151e-05,1.1723792854438316e-06,0.0,4.0240242260115974e-05,0.0,0.0,507515.3492208291,87638522.63744004,0.0,1003306.6026104938,87186.76472381692,283868.10422110005,94170.617214647,3607423.2121899812,3574778.1548437434,1186718.2562473922,602856.7505046595,6666578.495096449,1421880.234461715,2331323.4055593074,1325026.4452093563,1689123.4039146693,484513.9032221782,1540215.0008034476,9906.183970985527,5384408.127925773,223936.40235128492,1736833.0831481442,935482.3204683807,3723204.774737678,9449453.031350452,2656319.6544112572,5524445.28590257,48760.5309335636,50763.979325335895,22802.045876787237,59962.756901747336,11756.767833695438,13953.443582684127,52244.573229948466,4675.434467337703,483.2581555275561,40885.95047805432,30011.099784660044,1962.2285270186317,18250.351126637568,33424.8029468108,30544.95270355674,20446.924442526266,7094.201495404127,77077.52524219718,4167.534964081106,10949.020508532321,996811.1606719925,5258298.993533176,535730.2920404485,2691.9556891801053,0.0
PM25,172.10833453504708,1211433.3556851153,161790.2718230972,1995410.0955372194,386514.0937807474,58426.5261842622,3535.4733959649066,55993.10397112324,382250.33279212314,134296.51234807158,1105485.0667334504,376879.693439236,26703.073227666,85505.78009139452,9004.670922298468,0.0,0.0,681747.931312288,460313.1176288856,0.0,0.0,2680.0493531445263,0.0,298.5728131265557,0.0,0.0,0.0,23.59308770649265,3984.821012515922,1.5145853254799298e-05,0.0,0.0,0.0,0.0,0.0,136.77616463901262,0.0,0.0,0.1884316196430789,715.9520372442239,1198.657242097596,2258.7945475361025,996853.4534093455,241530.35022171517,955459.2944197328,1925907.070557005,13030.15102157246,636928.5768744937,1674.3067626000106,48688.78577531765,1625078.5832552314,2540229.321984182,64418.85616143331,25211.82057114308,578847.9013178728,522600.2895160948,88177.8177661277,154113.63498849765,0.0,1303.383099115125,0.0,454581.5687872717,444214.16484790825,26152.560086538473,0.0,1364.5566754106137,2095892.182041002,464.67724762844495,0.0,14846.207384657388,2608.731111301505,1070887.894994033,46310.49501153422,0.0,46174.62632055586,0.0,0.0,6909.6533737552445,1520.0087474503455,578.6892387114171,22192.116933912366,32.00140782934346,393.7362268534995,529.6945290142046,67654.47275448541,2615286.9775515515,0.0,501.32648360324197,2022.4596175254696,1593682.3541290157,0.0,1835.9375371908548,18792.708428856895,21670.638013007116,0.0,302301.43059465324,21899.968986957654,0.0,132808.059124571,1522.2818748035093,149647.48274830118,0.0,88161.3047146124,856600.0269002138,0.0,4783.584310358884,0.0,70295.74440770077,0.0,30518.51644547902,0.0,14615.185704676682,0.0,6294.358147262183,0.0,26920.055312454657,5736958.173861434,6614112.352764441,60106.73895868348,2540058.426520721,1095434.0331432864,1762508.6465565113,18884301.100449316,6142693.817035252,1511150.624030842,0.0,0.0,689557.1366367813,119118.6905990912,697432.0652981331,96646.66644691852,22.19767059891202,38205.83447728848,29502.663391586284,3.2838153750233228,0.0,439.0372647349628,0.0,19738.148660549617,264846.6517344844,1024397.7769955515,0.0004576479412793723,7.796893238145086e-06,8.726431962097662e-07,0.0,2.7201424689634326e-05,0.0,0.0,357317.6417826966,63944428.36500723,0.0,722351.6111326049,70671.40667894777,213258.3997905945,69536.63892325963,2747639.6582283843,3315006.9290284263,901576.1104586552,511763.0798069773,6172991.88710708,1209200.63542972,1789153.4051638013,998169.5552286145,1211982.1813476984,382857.43876151746,1166022.299267134,7650.81293719397,4007987.4924768945,161657.44788199526,1263976.5366226996,672516.6806302427,2715777.8929992807,6856348.144755576,1976424.7099014968,4025594.9803314074,35721.91733545948,37112.572793448024,16872.544092430002,44204.18546689632,8658.087909312802,10302.850142957805,37598.420598840676,3466.8754177647625,369.9015541556316,29734.120557356528,21624.5493052483,1511.3152998031087,13252.125567072939,24181.351676653896,22273.126924866174,14908.149843942261,5272.159322894041,55893.596145737465,3108.7632767133905,8039.689331010145,749920.0278495001,3792410.723788838,402995.32512487326,2021.6358245445217,0.0
SOx,438.9068193711901,2415697.7530244533,418678.4100579244,5891915.8934053825,718652.6111689642,209998.99511431856,8610.628465329775,276388.58394738,868095.998288974,359974.3987499291,2191686.090635785,927339.24941933,62226.47584041943,255440.82882952326,39231.54407328338,0.0,0.0,1749083.6872320417,2489039.46435081,0.0,0.0,41857.37616050134,0.0,4662.342966016297,0.0,0.0,0.0,61.31326595518123,14991.133960782918,5.697960176308133e-05,0.0,0.0,0.0,0.0,0.0,112.89128781492812,0.0,0.0,2.1870212717621436,5222.553120913898,5690.952678423223,11899.778256436026,3385080.1461321097,920851.9394564132,4233392.207099679,9381893.564604698,52227.44418414626,3023635.4808830805,9013.410610367651,194794.83295585297,7327317.829028202,11074805.405364355,254918.76319810917,139188.46500739708,4180090.190733494,3203925.5615156265,514075.61432272603,729541.1323943766,0.0,14095.052704287242,0.0,3421217.8843691503,3245757.191904342,21660.872611617026,0.0,1130.1948268695446,17008741.151315827,3770.9838277959225,0.0,120481.05372066471,21170.56993419751,8690549.621236231,375822.3964332128,0.0,374719.7847109219,0.0,0.0,56073.73639343459,12335.288848025071,4696.2222495064025,180095.12940367218,259.70023379378273,3195.2776995482236,4298.616722315149,270197.76345741184,22383561.245893154,0.0,1658.3328776440758,19632.091018100575,15030722.6619492,0.0,17320.230580112777,177289.78112964166,204440.35642369112,0.0,1778512.3256941163,240471.48192529046,0.0,2116086.5030922857,22815.861416125845,174955.895601769,0.0,883007.7983876684,1275396.4765924334,0.0,4194.220274858214,0.0,129695.03726134909,0.0,1319713.9939587393,0.0,516561.9175131296,0.0,59617.64660457064,0.0,158502.55854860746,19623961.876562938,27515082.869818337,247596.74200150173,15307136.994987193,5276674.4744962435,9595226.74621649,66999528.46007425,23888710.23223711,5913611.20748165,0.0,0.0,11375633.878242822,944037.9309078796,5238243.954692421,707041.9161930525,42.1780526070768,800976.4602304484,228429.03850588037,6.667562025947372,0.0,3189.84187531827,0.0,146191.29696640905,2468113.3392443466,9605681.497620026,0.003651108739571617,6.222803905187328e-05,4.420777406308864e-06,0.0,0.00021710599526037494,0.0,0.0,1474499.1073377484,288654894.4907609,0.0,3503978.169634253,234321.1340714223,1218239.7974205916,403843.072293161,12786425.113999229,3814448.4930353584,5459269.944197021,336018.6386591786,47081989.30129328,1270702.1963125982,8205349.934244946,2177115.2580523854,6738276.756078543,1526998.0755681961,6288235.326881163,45425.07009521333,17721447.94529396,830574.8362373683,6444747.550637043,3268223.9158143033,13246728.595049191,32321766.848668505,10007306.061394515,20674385.766374484,763823.8223180331,797399.090481378,429127.0117833533,1111655.3340121296,214985.88774176044,232930.82052943195,241285.30568065608,20492.77017333848,2020.4825984262056,182860.59581312066,138008.7217005525,5067.333776894841,80683.91144483056,145572.93642806233,127885.47124077394,85962.28306939884,28057.33713766654,347033.05442355416,16758.536127900767,47186.114062260975,3380253.2314821645,23419089.27529223,1281704.5448462246,10965.946185830775,0.0
NOx,2628.5997038056676,14302519.305324001,1908516.1641153465,18122222.50935844,4474304.094254771,629065.2671003125,32523.543292512368,478299.99180406646,4107254.510879556,1192616.3963309904,12365948.18485296,3952198.446354886,283450.6411855488,833354.9671719519,750080.3470957967,0.0,0.0,6433746.169908845,5207503.632794403,0.0,0.0,22078.227547872488,0.0,2459.43378221786,0.0,0.0,0.0,256.5443472723687,201241.25753193503,0.0007648952337444352,0.0,0.0,0.0,0.0,0.0,3078.157915363507,0.0,0.0,2.407951294900149,5570.166384178174,10114.950318657413,14123.039486057998,10184471.845836537,2235503.8005836597,9211082.825322254,17608118.94601517,117059.24001199672,5856389.386163716,13441.198291318677,555814.3723803409,14860439.918293424,22013292.139557634,584405.4173434069,213721.6715822691,3852424.546298834,3308983.0638682973,576515.7487649627,1151876.1167437185,0.0,4692.918785401865,0.0,2242351.403567948,3267061.491395213,45630.59784664591,0.0,2380.858186941891,16775352.535796741,3719.239546645991,0.0,118827.85045639439,20880.07401731261,8571300.622968044,370665.47927991254,0.0,369577.9972446847,0.0,0.0,55304.31015436552,12166.027874604406,4631.782158272622,177623.92042464414,256.13670731892455,3151.4331010185924,4239.632448610767,392103.71423536073,19750534.04497379,0.0,2058.2251586697485,19478.886499735505,10548867.994435022,0.0,12152.098275296636,124389.25413672994,143438.3021442606,0.0,1621747.5880403137,185064.1262445611,0.0,1110631.6722203572,13728.030126212261,264773.2302847961,0.0,849946.8153479943,2043764.859546307,0.0,64699.29786962106,0.0,113472.63049957914,0.0,111438.04165442786,0.0,156794.04509517062,0.0,42318.78686792121,0.0,104653.60002165147,14527682.354796547,20087080.257713005,495412.28001087747,9216332.721540894,5699876.142086794,11831075.537778407,58653221.086096324,21669505.541300803,14914044.285181655,0.0,0.0,5526299.571384244,3107174.2270476343,4574422.101575161,619748.4039749242,398.08822782383265,574577.8115424798,196254.4122738685,57.95469703828219,0.0,3656.125334632497,0.0,143722.70558799515,2919095.144838151,11237462.331038708,0.0029472597201411653,5.021917977814851e-05,7.447880438993444e-06,0.0,0.00017520662025821666,0.0,0.0,1550387.029666408,186126250.06004807,0.0,3963416.7112231483,823794.121432729,2251807.039581694,671556.9361773612,24690418.872026015,78401223.95481008,10717728.94293068,8150457.330806735,80089019.02592242,36045918.590885,129060393.9501411,22133363.278962836,7640202.649673468,4126585.793389761,10692428.74355507,71490.67699372907,25480152.379064687,1107141.222677499,9001319.942899814,4156616.078225265,18499580.480249222,37339612.08683384,16788899.106012426,27558855.04013127,585268.5387466025,620060.4232576105,327601.164883181,830378.0161706208,175023.0170050176,184236.42075226738,292804.81585180917,29637.637324491203,3724.0386518934533,226988.9807660487,174014.06153757256,7165.773524951997,99521.18942006634,174375.293074041,165907.0441344884,114469.32481834406,44954.27279284137,1473711.9666642991,24608.341911553234,73010.00495816518,5162015.917521551,28622488.358807333,1592430.6895786982,45262.83604020767,0.0
Domestic Extraction Used - Crop and Crop Residue,13.015928669115453,14466.174609277194,3661.807595729161,18406.447477670994,1896.6747121530505,10296.012196557056,100.28609761479196,39.86680167656998,792.4784338095302,246.11244097782603,1792.137332719629,921.2863682928368,58.9973079721774,372.9526748727385,0.5993415669591456,0.0,0.0,66.83068690059545,165.86634683355246,0.0,0.0,0.4430435117178779,0.0,0.04936742483115106,0.0,0.0,0.0,0.003987673244261151,0.7389935111007869,2.8088305682054924e-09,0.0,0.0,0.0,0.0,0.0,0.003114463090175912,0.0,0.0,8.578282999722594e-05,0.28540637543827563,0.37232243473598237,0.8082394530838981,1795.7762243692387,530.790568725136,2847.1358993225285,8011.787413577814,57.32305887682154,1880.4090217914222,0.6751138947151273,7446.717396636323,11952.395148614705,9610.877476066302,272.1688685635402,11.791709617936988,339.2540108008186,227.7650290290105,60.94663428941995,29.692426713477257,0.0,0.054187144576055515,0.0,85.13862252335993,144.36882564595984,0.0195401268845825,0.0,0.0010195410924568988,298.54852921835044,0.06619076506020888,0.0,2.114762112667053,0.3715996670902642,152.54220076050854,6.596680063280502,0.0,6.57732630136257,0.0,0.0,0.9842428296881859,0.2165170419422119,0.08243115865553417,3.1611472780789605,0.004558427776887474,0.0560856004364318,0.07545212666437837,10.755876025094384,993.5171678885941,0.0,0.014687623143173276,0.49236306185635037,746.6641462743592,0.0,0.8600165477064955,8.803191804701722,10.151300760647915,0.0,96.5100682433231,4.152495310095603,0.0,21.89124528667824,0.22806577027978503,1.536651374010035,0.0,17.50200225157847,8.437948705916595,0.0,0.11665752578680208,0.0,3.9059109774519216,0.0,0.6352443942781383,0.0,1.0944349774628503,0.0,1.0889281642731727,0.0,1.6232218602294823,295.44465980537905,626.9899735380443,13.331950531988625,234.99639860182788,147.34729141737387,184.5395865305925,1568.9222163324134,555.432005222707,274.6844888763052,0.0,0.0,45.03881209252957,43.480776439947086,317.2881073455338,46.057354397988995,0.002448828642892956,8.675966028605858,14.51329312377012,4.609620771074545e-05,0.0,0.18348752432701346,0.0,8.862221289373558,99.15845490075057,375.49445189658053,2.3354722288972257e-07,3.9804257824348255e-09,8.127583040250711e-10,0.0,1.3887631887596827e-08,0.0,0.0,46.319365305504434,4206.661355704821,0.0,101.0906532609053,14.66772673625304,74.93570707267376,23.148170570944387,7757.530866762447,113.60967714866686,205.17011884010216,7.4076725365720675,102.47173597763121,11.707646583172119,399.2031656093718,142.09957298808544,435.4266014927953,120.78688286033498,428.80688719544816,2.5609561154936458,1146.255886097249,66.80623202544767,547.5806656812249,246.50880052234953,1168.0636905280608,2046.5569990902409,1827.2165264608482,2983.6546537591253,9.384022780819969,9.705061100878895,4.375044602235353,10.795881106173473,2.017872297083098,2.5960162665480024,10.616952501849516,0.8870681103838176,0.07830246728290297,8.54232576073937,5.798281420989458,1.0624766118674316,3.8940504457498015,7.273759007931832,6.225189082216923,4.347777453869733,1.5771661264289243,15.513304455809658,0.8527171004830206,2.2171663275947497,458.2897520463363,2603.3662903727713,276.45591104818965,0.7771651506418964,0.0
Domestic Extraction Used - Grazing and Fodder,0.017424684682583767,112.08426816731946,23.09822784083546,351.58074608081813,91.51851265828756,26.131505117538083,0.7668201667520088,34.4924511491694,42085.645697075604,287.34545396577386,4091.4874056452554,7297.084540111164,17.732951488473486,319.92707962277143,0.5823756789990602,0.0,0.0,85.97179209038687,277.90968128455006,0.0,0.0,0.763853754604573,0.0,0.0851108467262455,0.0,0.0,0.0,0.007328969457314648,1.2158639276297072,4.621360966509136e-09,0.0,0.0,0.0,0.0,0.0,0.005982813577400175,0.0,0.0,0.0003759141378008724,0.5341702202744623,0.581990389676784,1.2820354427276635,75602.52883318992,523.4338337445437,2998.079866204931,8977.442209974872,44.017075797823374,1546.4833935195475,0.8852122794387547,22.139512368542213,7409.638998752541,2446.4527820707317,316.7979942786795,15.701133018842242,396.6635671508345,310.38334195441234,295.2412448807027,42.91114434371344,0.0,0.08455711919003482,0.0,91.93528729754195,198.2810783089551,0.03762842640572262,0.0,0.0019633304937950076,545.5903598952468,0.12096205406032656,0.0,3.8646776293411107,0.6790895826401866,278.7672557960247,12.05527643784416,0.0,12.019907896730333,0.0,0.0,1.7986804392566638,0.3956797614980337,0.15064098836863657,5.776921714015836,0.008330418702312803,0.10249510525866294,0.13788697284645562,15.084185448879893,997.2405647865897,0.0,0.024549386614749386,0.7350065936754185,864.4492265368026,0.0,0.9953724099723433,10.188748271559186,11.749018124215764,0.0,112.98901936096651,5.9669721411470915,0.0,30.80227692216977,0.27442367090280717,2.3586194166349395,0.0,22.64270784553538,12.44545157787913,0.0,0.1813255554771211,0.0,5.295268887639026,0.0,1.3806749788501416,0.0,1.7120783076673172,0.0,1.8056145172377822,0.0,2.599940150039989,412.17651441666743,878.3285678259758,19.724966366133685,333.6192731405639,214.9410432005526,263.5511165194438,2199.8544363459037,1029.4981137765035,363.2122301061046,0.0,0.0,58.47877316558229,52.35195096717273,384.5626199158213,55.70957114508902,0.0030518304550365767,10.741066970686587,17.446459039636682,0.00011251226928179713,0.0,0.22343380452776532,0.0,10.649693944447643,123.72696743253975,469.6240486492227,2.807306260175874e-07,4.783753706684935e-09,1.3741940196400516e-09,0.0,1.6690419534460942e-08,0.0,0.0,64.9490123953531,6225.421498750422,0.0,166.74691132982832,20.957412922930697,114.18381470429308,41.17527077812194,6651.316751913227,198.6085118204287,324.6678552353409,28.35032089481505,307.90278833640684,19.1592624786776,636.6166798907094,222.3609776127114,685.0339422634408,196.2504313735193,692.3115349385916,4.050123915806898,2340.056030133884,107.4836431224447,909.8894840555256,419.4646015932005,1969.4063238027418,3176.8837160754924,3087.622325823072,4737.708641431743,13.81306740198871,14.335376157620976,6.6268874715085,16.209658834463443,3.0577618431446467,3.9222221080954527,15.713558903679655,1.403039870974548,0.12639596327518862,13.115061105937254,8.650873237471332,1.6016645517981525,5.8173157793712456,10.740368686965192,9.443552572209105,6.681667459578222,2.448351465928101,23.436192833266997,1.3309724994360037,3.4214543738303016,695.2968570537495,4445.226971817023,417.5863018081809,1.4075505649699043,0.0
Domestic Extraction Used - Forestry and Timber,0.0011544663381724872,50.00117440332766,7.237191509937297,146.6914487560643,9.837954670431516,3.506140325812589,0.14525116977041216,4.688840222720831,28.2578785525947,11.065747589280345,54.01240613832613,27.336550653651084,1.9199462234409521,6.145409008873846,0.045182149835230764,0.0,0.0,22063.42556349538,52.23971194880345,0.0,0.0,0.06575364288441946,0.0,0.007332236155667645,0.0,0.0,0.0,0.0012388482368766278,0.158150444528911,6.011119127506224e-10,0.0,0.0,0.0,0.0,0.0,0.0016534943834861278,0.0,0.0,1.1972326505347022e-05,0.0786479026432084,0.11940578757056387,0.40526650316639795,104.29089227295854,22.461416336786208,90.24305796059068,201.41570048832563,1.280108581392838,62.52858209306556,0.114624126672589,3.0650227736445745,171.48197286440757,244.01290875908532,6.095378776093995,2.1368786227603973,88.96109125971216,64.63438163966607,12.288796795495207,903.1099256514647,0.0,0.114030906905413,0.0,136.4137105956226,216.84444022331317,0.009154878763675907,0.0,0.00047767218458510155,59.90358467590047,0.01328113760911183,0.0,0.4243257590891873,0.07456125200602674,30.607501781468063,1.3236199280068635,0.0,1.3197366071984058,0.0,0.0,0.19748773790391908,0.04344401558339202,0.01653976291687879,0.6342823196656898,0.0009146458200168931,0.011253542342475572,0.015139424302139694,3.032851191296494,264.19083734939744,0.0,0.008902052235550876,0.15359363719258354,153.27207885503546,0.0,0.17653760849430677,1.807045700139334,2.0837771947354344,0.0,32.29932411088917,4.27081454048115,0.0,40.40724589179085,0.16750127942218665,0.5386921490239379,0.0,7.459060193215577,3.2540545390617095,0.0,0.037554661141531394,0.0,1.1408987789094192,0.0,0.25479291635717405,0.0,0.5517632755214706,0.0,0.3397399866468715,0.0,0.9019358927609071,120.73009124637433,292.3870637516138,3.296431602461977,92.16604027469968,54.42894159711562,78.07295428548689,1265.2970223290833,296.5299474271111,369.47765058252185,0.0,0.0,10.341846922630966,16.0725616471102,70.49322636482286,9.969326550870141,0.0005721292335005789,2.3168449493318843,2.946538566104531,1.1958503591493475e-05,0.0,0.04229603643762891,0.0,2.0598470081741467,22.098939239048175,87.45994892928306,4.745336555312764e-08,8.083481803230695e-10,1.253603327000582e-10,0.0,2.820110849790379e-09,0.0,0.0,19.645770853056323,11721.734256906968,0.0,45.42017516430624,4.46737156856746,22.111500077045992,4.681129477343334,324.125039565705,36.32520968935741,47.20474126742256,3.089968019702162,20.7786557950233,3.7864928582606843,59.10795332421047,40.693733851385645,167.10521862402024,42.45383089587561,139.31872726336454,0.9465896428356516,500.56033963333624,17.138164932019627,128.96996127627736,58.19236404470522,325.2879988880485,807.0566003271853,283.00770963596466,439.5545434129972,3.32217264634693,3.447631591510179,1.5659261609875947,4.007529109618171,0.7411416810950027,0.955356044191378,3.8830219196561826,0.34819501518723045,0.03086739415986742,3.09770990148965,2.155516962867735,0.10476875097784745,1.2824075323328517,2.347359072323881,2.1787200085109095,1.533389699299974,0.48584390681568834,5.729648661233686,0.2893520286428504,0.816660005805641,89.05712209441698,1035.265356248238,28.94961431487462,0.15724878158070207,0.0
Domestic Extraction Used â Fisheries,5.9587598613954376e-05,0.46674934875324137,0.08916335285703109,1.5356245328368898,0.1805652324924035,0.05644611852263148,0.004045511208290458,0.07895284415318327,1.7828801189055454,0.854122789755034,12.105849344943321,2.5892770294733296,0.15885378841341014,1.013795392753451,0.0038154915121192848,0.0,0.0,2.8717874145398588,433.84650261945194,0.0,0.0,0.005740700141688058,0.0,0.000639661004660369,0.0,0.0,0.0,4.8290280923549905e-05,0.009327699412196817,3.5453528138540815e-11,0.0,0.0,0.0,0.0,0.0,3.794279359436773e-05,0.0,0.0,3.1612316222641443e-07,0.004773837583655032,0.004701760967975444,0.00977588498753898,22.9626218591318,4.238976622502977,44.58891391040379,150.66596835825757,0.3506536633660441,44.43626380536896,0.007481277843725816,0.18234811132563852,63.38551177739136,85.17720453593672,2.3469460493549614,0.135003607276109,3.4563809661410136,3.40272730660309,1.1942856020190133,0.4109432935638812,0.0,0.00047944689872711374,0.0,0.923983669119326,1.3354352021710696,0.00017851071919190007,0.0,9.314116266244764e-06,3.5379518297243493,0.000784394212119356,0.0,0.025061006013096278,0.004403644946933976,1.8077026194160466,0.07817401198087987,0.0,0.07794466006422875,0.0,0.0,0.011663777843104352,0.0025658370071744707,0.0009768511315570722,0.037461202122780965,5.401968630068217e-05,0.0006646428746602118,0.0008941460548733558,0.18807605952901302,6.286741777347155,0.0,0.00013651038440469095,0.004304608618031105,8.795369237354425,0.0,0.010132390376740045,0.10371554962149655,0.11959857128195987,0.0,1.1223791577076718,0.034965853446450826,0.0,0.24740184837436638,0.003481665380441082,0.014562342402077334,0.0,0.2188681724299193,0.10497270212741705,0.0,0.0012496139716694186,0.0,0.023778072244709667,0.0,0.00517428881924441,0.0,0.008032456978423608,0.0,0.012684098468713037,0.0,0.014567121200528844,2.6247239406397256,5.780855711678377,0.1525517236304631,2.0765934778563384,1.6787424068831056,1.9937120371026698,13.848816820420437,4.074671358899635,2.5397402146572583,0.0,0.0,0.4812493917726046,0.36805305369343866,2.4845003626317537,0.32925541868531655,1.5364904075049972e-05,0.06089889607225933,0.21917250186353315,4.0922976712458274e-07,0.0,0.001142071828132864,0.0,0.09041521780185835,0.8986898031744822,3.471639534458868,1.3317624432092677e-09,2.268274437520602e-11,6.369617058435772e-12,0.0,7.913507354035518e-11,0.0,0.0,0.5471917474565529,83.5399665625349,0.0,0.9533301710019123,0.328006966866277,0.6608386996898137,0.1613604050995804,64.494379457413,1.166482564646837,2.268290882971423,0.10193953855549355,0.9155907582857375,0.1141128902736721,4.5357829891714,1.8685229783208088,5.161210913002433,1.4362559110650972,5.096141208576787,0.03096298037120295,13.809814010735687,0.8116286333691948,6.894536251545976,3.2847704887215046,11.10214051402918,25.271047655550944,14.35072650782504,25.479051243806307,0.09128713477270475,0.0946409736158954,0.04622937459227405,0.14354426308137064,0.020862836809061088,0.02707156024416757,0.12621147804746238,0.009749780059417727,0.0008686188246967729,0.09611482500201805,0.05930485071326341,0.01497665728415617,0.04123523539064251,0.07518814244815425,0.06833743431932719,0.04890483506281611,0.018669914189776128,0.17396541409621796,0.010261483556389327,0.02496717569853141,9.328420865344363,20.54180720559553,3.877125200159517,0.009696130908263191,0.0
Domestic Extraction Used - Non-metalic Minerals,0.02895026266544742,950.6131538825157,174.76875922294775,2649.4580851942465,248.81507165435184,87.931625031589,2.7738837284850555,105.69962048692001,315.6941770859801,163.17644307976008,758.8470436151429,349.45083848852926,23.095018094426653,101.71549562364436,0.6031294707547925,0.0,0.0,370.6272439846356,1446.287570873104,0.0,0.0,0.7809522439409095,0.0,0.08707920676908285,0.0,0.0,0.0,0.016202127503911576,2.474920116279042,9.406890821160638e-09,0.0,0.0,0.0,0.0,0.0,0.02600504838368107,0.0,0.0,0.00013237749454779506,262.94381169257986,752.7998046350236,234.40836264727835,1346.2468620456877,330.57727567541804,1408.9760954213418,3038.930039006423,17.208915140501077,1123.109288713616,1.6638584897430178,73.12280998558089,2725.4172521780615,4545.57823997012,113.27270269762656,36.8978349895013,1598.2336275448135,1277.9700587137431,177.65586404895618,232.6724926282335,0.0,2.6254387645200534,0.0,717.300105054363,921.4082121393734,0.4987538297349548,0.0,0.026023373719044438,1576.3821958252117,0.34949742958756913,0.0,11.166269522553543,1.9621034500131205,805.4463038904846,34.831486293154846,0.0,34.729295450716116,0.0,0.0,5.19695366495785,1.1432433142580172,0.4352492079798206,16.691344286946528,0.024069200432017514,0.2961406046837209,0.3983988446443969,58.26742858880511,8036.441838542391,0.0,2.08829163061382,31.082133687423934,26787.77345465771,0.0,30.87544500280034,316.0399644798036,364.43951550871424,0.0,1215.0028732993012,286.30315510344474,0.0,743.0460974039958,9.140392380299842,388.6850533276913,0.0,1389.026771736253,88.07228377653993,0.0,0.5777733523672016,0.0,47.996411753783555,0.0,5.267672898180606,0.0,9.949373160138329,0.0,4.70871201206124,0.0,210.2456580874243,5225.812327635572,7132.712781859832,76.37154433214687,4945.831859407596,1493.6046941817444,3853.1643938152215,19639.488195477476,5846.408399165236,2282.1691493477815,0.0,0.0,335.4902163623304,308.32719282567484,2317.7441555315227,343.18744247024347,0.018203535134343054,58.922805933278426,99.19223806645735,0.0002174389716294337,0.0,1.2926694422128935,0.0,62.69731447218753,694.5382428945062,2660.100732410615,1.658000476728525e-06,2.8264374027595752e-08,1.681505181600767e-09,0.0,9.861312030137509e-08,0.0,0.0,738.5352775008536,195526.15345714847,0.0,722.9560508309784,98.14371855290821,302.86089447314083,276.71953416296196,4553.75593614336,653.923652511378,840.7569671747177,53.35874795853019,329.9052063245692,48.18733387472496,1051.1677858324445,460.3474970917769,2091.7690039956856,471.4375657701268,1642.151158548115,11.565672344536699,6757.580432297771,239.31628697198477,1668.639173161743,1339.4466970972144,3725.6187893582533,9092.365442893848,3806.403102289312,9959.616992568383,87.39774155024737,86.3728828275323,31.896293607644132,104.00244001688277,15.207464410900611,20.20789650524323,97.79060904552668,6.052161835630686,0.5337156074107718,70.88466411675617,50.4023813383339,0.9859682125204483,30.387803503295295,60.198071845922044,52.77018396724105,33.76382731660062,9.148971464157015,138.10563411631188,5.233241949730438,17.150604499971383,1154.179709707815,7319.110262917179,278.61077340744873,2.317905619868873,0.0
Domestic Extraction Used - Iron Ore,0.0012010292922673168,39.923654870285624,6.916867410910583,131.8473927019228,9.157175727498153,2.826642715955075,0.11442215963548417,4.401673277440961,10.839702105014254,5.138153473390051,25.48630418767906,11.868708404548183,0.786557202208725,3.4641791719430355,0.02998205816400102,0.0,0.0,52.14540344088621,31.441587522826726,0.0,0.0,0.040928075721172755,0.0,0.004567087028481986,0.0,0.0,0.0,0.0008633473451838426,0.116759464692695,4.4378949020490585e-10,0.0,0.0,0.0,0.0,0.0,0.00273303241192279,0.0,0.0,9.129980024050597e-06,0.10083323049855775,0.12305419846147377,0.261396833230797,40.031768155642666,12.602857284542994,49.914509700383896,98.1308817671697,0.6223139622206015,41.05102655046022,0.08026430082863834,2.381178413028921,95.77653743595013,178.35639110612516,3.4377326333781495,1.5845845543460073,64.14401114456248,63.011452894477934,8.642325661544366,15.370666740820235,0.0,0.037482434862199494,0.0,18.933586239768832,37.605881801862736,0.037557394597974775,0.0,0.0019596242820954526,174.0741675729706,0.03859373335062377,0.0,1.2330506378349522,0.2166679664726172,88.94251358952047,3.846314680454914,0.0,3.835030116420752,0.0,0.0,0.5738807413193749,0.12624421208883937,0.04806299117468773,1.8431646019086598,0.0026578744929031148,0.03270173272788647,0.043993739225913084,10.652189763012368,215.67921672128358,0.0,0.00611181264631998,0.1344449178437193,184.6236898477664,0.0,0.21270847421798653,2.1772871048531006,2.510719878416303,0.0,39.71138958714731,1.9339246219172648,0.0,9.916553389611622,0.06840476587754177,2.0764470612118067,0.0,8.001176297403633,209.2131306484428,0.0,0.0518526522547029,0.0,1.7280382524186284,0.0,0.28332454001232626,0.0,1.0655973651925177,0.0,0.47169613120929677,0.0,5.888061809604672,978.591913765878,1005.2802867626076,6.428867119673407,380.6848389586928,155.69563994976212,221.18479649945454,3122.2030124285457,1017.1925764836723,171.01905434369704,0.0,0.0,16.733597845520286,14.311735622917778,91.0973929953664,12.34020541874735,0.0006845203837309287,2.457088124167987,3.7994239601939013,1.4346777632025878e-05,0.0,0.05118995814675767,0.0,2.468755097936397,26.78231386031687,102.6905809800762,6.213296455490382e-08,1.0587064503545865e-09,6.535839915801654e-11,0.0,3.693582474027489e-09,0.0,0.0,54.84690956012655,5764.755936184824,0.0,96.38335359127773,2.8753554205447993,15.298527341501591,6.011043296975788,185.05222398438337,46.23575887185829,56.11061245642571,5.302103154841852,32.70924906768791,3.774378879033438,107.91159215586282,53.292721904177455,151.3812284045392,23.494852443050064,85.61785772124612,0.5109848700452201,325.65538165296243,18.62463790678969,127.6793235443035,94.67368345028181,296.20377270553325,795.2462074579887,149.0419798253756,383.9690630009938,3.286296949315141,3.364896466211811,1.4104106244627796,3.912233502844643,0.6815017149286071,0.8827088217293416,3.796122278400906,0.31384888510790687,0.028059142815415758,2.8778495536051967,2.078822034753953,0.05068518672200809,1.2210596541313987,2.265843371933546,2.0400043925054963,1.3688454765466676,0.4280891118133682,5.4490273142723895,0.25685575742002686,0.7389955400773766,46.47598993252264,358.50288547546836,21.185825979323894,0.11611639746009904,0.0
Domestic Extraction Used - Non-ferous metal ores,0.0033877971260453583,78.78370969298764,14.596412118964956,256.1821451509397,26.106977369790496,7.934732239210742,0.23233977183832955,11.070819637825917,25.451447395579073,11.025063983663015,57.34444356845725,27.403140314480197,1.825163349288752,7.9329904696578275,0.06399388482972093,0.0,0.0,59.29089121399623,81.20924770648493,0.0,0.0,0.08312820550273116,0.0,0.009272938944193395,0.0,0.0,0.0,0.0016404369369070622,0.2481872840564862,9.433317338055525e-10,0.0,0.0,0.0,0.0,0.0,0.3070937016487393,0.0,0.0,3.06769301366977e-05,0.14047064687660282,0.22359379327884693,0.48079460136897134,89.8818335546589,25.836437687926157,118.39293243797447,258.0500719967466,1.410676684810571,86.4804486614554,0.15519391871216184,6.405425127205726,209.24106655165195,365.092077698321,7.673402515896478,3.733073631298925,186.26605355444084,159.16819863400494,21.599687437733294,24.635577853019065,0.0,0.07345827415700078,0.0,40.795093671518686,95.32407988565227,0.05274998386409751,0.0,0.002752324818234406,244.1216116612763,0.054123851441830816,0.0,1.7292302078196082,0.30385515500738614,124.73298057609189,5.394071687032322,0.0,5.378246214491948,0.0,0.0,0.8048103485172566,0.17704488234945245,0.06740353856299783,2.5848540277312453,0.003727403174448127,0.04586090980042431,0.06169681965208169,13.747125442201158,975.5034947653305,0.0,0.012688284957915378,0.30887174773794934,685.1705224543863,0.0,0.7895812629596675,8.082144844707852,9.319865781146328,0.0,78.86325094335639,6.670992899753155,0.0,37.26115350470569,0.28712694176340475,2.0150800160699314,0.0,21.805440080957318,29.663654567928255,0.0,1.8783609287380565,0.0,12.247343008767213,0.0,124.39046189928754,0.0,41.76790552680205,0.0,10.596165544876316,0.0,57.640157004928405,1416.0855700783866,1929.0220407253505,11.799614016469118,1260.3176340597224,341.6978687937986,730.4441187082266,4214.767407034934,1420.9746833736144,446.93201258145353,0.0,0.0,32.77958057296329,31.894994746865432,233.57045551823498,30.58195387817026,0.0016588590682908965,5.699032157812589,9.17711936003597,3.112657739621053e-05,0.0,0.1223743340076523,0.0,5.900932089580725,64.65182653793734,247.95891167647898,1.521484577904251e-07,2.593191876302188e-09,1.4274190308094945e-10,0.0,9.047307920045536e-09,0.0,0.0,75.19091043808201,15481.22931612704,0.0,160.36226071668548,5.619912899401568,29.815754277588237,10.267847624469004,468.4092013638839,97.86730662217472,107.32366536595396,10.389134565092096,48.906679788065524,7.321500214226991,198.21349187654386,87.99087531729606,280.20351760819665,48.84220403576237,175.68514284616268,1.0737076294544083,681.8472589556737,34.830041630714724,252.39431694037586,158.6386678996935,481.20371407831965,1321.0750042911025,324.37376300143643,812.0695160645545,6.864401381673622,7.015207269895335,2.9119588951707223,8.04460327219149,1.3946524502784416,1.8121396823247862,7.8940638580522355,0.610303824894288,0.05420066288795032,5.836985854174025,4.29642374074788,0.11834043627172332,2.5358049230963275,4.764907245031486,4.176897780165043,2.795851779218188,0.8422212503193374,11.128069587910536,0.5007738202298359,1.4909449542486943,107.68236677494065,788.7129175516357,36.36115699925793,0.24524722013389116,0.0
Unused Domestic Extraction - Crop and Crop Residue,7.809372314906599,4356.863655629318,1659.796080063462,19733.04233739536,1250.4825422270092,5147.9108766953095,20.169544324440515,24.29364464819052,367.258604776228,116.55198591600924,905.0644008359164,436.51599768014523,27.777487363598393,182.51162032483575,0.29316534197896427,0.0,0.0,32.14159856966694,83.77798657097819,0.0,0.0,0.22162067624763104,0.0,0.02469479520870049,0.0,0.0,0.0,0.001973737985492888,0.36570860939040867,1.3900169699482064e-09,0.0,0.0,0.0,0.0,0.0,0.0015549753224680665,0.0,0.0,4.1653679836066534e-05,0.14573615911982052,0.19033452157541172,0.41404791663526885,869.7965536289018,282.0131289686392,1591.6722828186341,4490.474646155063,33.40621049275125,937.9031915036985,0.3490200023918513,3723.215284461203,6416.307482594279,5580.370453475026,152.15207726055397,5.951918691688438,163.26657715300436,110.15473044905163,31.85490663830209,14.833222449091366,0.0,0.026974219482470214,0.0,40.552850946777106,72.63530794746248,0.009086781558452496,0.0,0.00047411909102451074,145.67498126265036,0.03229739059559818,0.0,1.0318856098347184,0.18131985001671228,74.43206066273486,3.2188108483738582,0.0,3.2093672952197427,0.0,0.0,0.48025544171366674,0.1056482043658231,0.04022179417209941,1.5424630350995072,0.002224257753752188,0.02736663554857502,0.0368164169719341,5.652666600550711,517.0448605305412,0.0,0.007351783887397293,0.24556374974748174,385.6898825962338,0.0,0.44424298139845886,4.54730336830422,5.243671308026532,0.0,48.56672712395961,2.0544579408376236,0.0,11.012597817026874,0.11856891519126159,0.7659134192692499,0.0,8.911278129694857,4.159020170142948,0.0,0.05795011518997961,0.0,1.919856605955764,0.0,0.29462121519565887,0.0,0.4710991566190132,0.0,0.5294421379708695,0.0,0.7892605165948602,145.68200307793714,310.8656519996509,6.757754074740299,115.74026929052137,73.78223583399459,92.47808665018476,775.9561707565273,273.58729031959666,136.71602557461108,0.0,0.0,22.05342613984174,21.592652038290193,156.3268177538955,22.28750184863839,0.0012030772741605366,4.3014986446374275,7.196009081083916,2.473365536550765e-05,0.0,0.09075321153927911,0.0,4.3944714506767735,48.957805782706046,185.41991893597782,1.1527901355535604e-07,1.964716001810398e-09,4.221642304330319e-10,0.0,6.854865466412764e-09,0.0,0.0,23.470411816961885,2103.096261396662,0.0,49.446154796960826,8.05478493865179,37.353921296689514,10.855483744229208,3979.2641919658645,56.57519695092138,102.41755232062599,3.947967044722935,60.24471265866911,5.894327359114903,204.7490819132841,71.75985738718309,219.72711957904988,61.017298689049554,217.09523177304035,1.293791066974407,571.8896209998819,34.18442882504062,278.8506825185472,126.77766885252264,601.3339399337681,1029.3524514679818,948.9775990757946,1540.0301100161462,4.708032349222926,4.869439505444458,2.198134971212192,5.4253558585627975,1.0144226925555084,1.3045089464922521,5.329631598463358,0.44747015835989346,0.039495809137330494,4.300955782250073,2.9026663453986954,0.5335562591298384,1.9500290605992023,3.6401790562801133,3.1203430146167386,2.1854926541905826,0.7921485204626673,7.809575094449824,0.4284361055746077,1.115477491979114,233.10225937291628,1347.479693987279,139.08281733891397,0.38702892973413794,0.0
Unused Domestic Extraction - Grazing and Fodder,0.000511406655250598,6.681716704981974,1.3600874517662833,20.614170591689405,2.3727414670603557,0.7200516313146069,0.026820693037463796,1.0011589121774231,7030.602548416101,106.44348683864551,1334.618003623046,1271.1483487518065,2.319598909283204,48.14131451562998,0.0372093719522046,0.0,0.0,4.917623838863993,24.891263883172634,0.0,0.0,0.04409861845722412,0.0,0.004914678139882745,0.0,0.0,0.0,0.00039346378525523007,0.06518464382519713,2.477594422731409e-10,0.0,0.0,0.0,0.0,0.0,0.000347609723506056,0.0,0.0,1.2562466567690122e-05,0.07987902263359756,0.07462095333570294,0.16799524932226387,12665.551692466212,139.02683122058784,635.8718332209049,1589.7293820516024,7.085208697532518,234.11284090642,0.04582970673419433,0.7581791931810126,1237.7021881409753,369.4259280826078,53.493357986415674,1.1570520400049387,25.492840531275586,19.376788899051434,41.43501019309197,2.775496937791949,0.0,0.005525132709975661,0.0,7.637711937734566,15.50883723095751,0.0017073350557172016,0.0,8.908326226219734e-05,19.594656821578276,0.004344303184169855,0.0,0.1387983319344376,0.024389227341733318,10.011813096303607,0.4329603710999748,0.0,0.43169012426948034,0.0,0.0,0.06459887954341226,0.014210678391177081,0.005410210090430363,0.20747580381185218,0.00029918361402722957,0.0036810701967326677,0.004952154788092908,1.3407816859747814,111.49505868724628,0.0,0.0016411920851759458,0.051826351661258395,82.06301081201991,0.0,0.09444727345748741,0.9667800340407029,1.1148261479627608,0.0,8.592747306051061,0.39058136889351724,0.0,2.1678234631390163,0.026640388088379048,0.19410178195923297,0.0,1.9730982725744672,0.8286004501839507,0.0,0.012099440793255608,0.0,0.30528754897032917,0.0,0.05064478242581435,0.0,0.09803916510616181,0.0,0.09612615362634268,0.0,0.18288679219740286,25.221675100322688,53.23405657285792,1.3161260786643583,19.113848432706288,14.957067198803909,17.66482508540607,130.42678916403761,38.088642036179984,23.467869889704392,0.0,0.0,3.608400696310232,3.3322842405440403,23.24151358403696,3.28361848032765,0.0001811524679866367,0.6566915290449712,1.0818958547463078,4.367466888722129e-06,0.0,0.013693207643137292,0.0,0.6572227829615941,7.463484371356209,28.353509541770805,1.680230711951105e-08,2.8619677261789314e-10,2.1072637396174757e-10,0.0,9.985922878810536e-10,0.0,0.0,5.279065406225548,438.92631904243547,0.0,8.459826175004622,2.498360032886117,11.677561538404097,6.2436413078275965,1290.3838891464948,13.754887313218909,25.615057178059015,0.7447668742512482,9.772263558202974,1.7955784928584093,62.00690313679854,19.493270027410873,73.96931307434912,15.032008785099872,54.791750447480815,0.31084536670354596,146.17432856776074,12.960434398557668,94.39947123731339,53.708222539986764,234.10338974464744,283.5721214321327,472.6708606063467,644.2100301360583,1.1348257663887393,1.1755597794150423,0.5421227040969478,1.359180563937734,0.25830052166703193,0.32923713991898185,1.305834768992454,0.12358271298030217,0.010800665466474919,1.0989546870808062,0.705009204433741,0.09912204567204948,0.454379216812691,0.8267509509282192,0.7464212430884323,0.5547838855222404,0.18828289218596583,2.0287789861685908,0.10459746976606414,0.28699768922254537,63.998151549780204,634.8761478967497,27.51005075990418,0.059828841177964165,0.0
Unused Domestic Extraction - Forestry and Timber,0.0001786417647084472,7.775736369106638,1.1199900815511834,22.867249421369852,1.5144994364655555,0.5418168675324523,0.022305038904098812,0.72479765442827,4.388168904689388,1.7231872728303683,8.401176524240153,4.247070995165643,0.29824370138681605,0.9549651582180692,0.006957178339357263,0.0,0.0,3316.237464615937,8.138239742961545,0.0,0.0,0.010833925057631193,0.0,0.0012080111731258617,0.0,0.0,0.0,0.00022730152032841483,0.024236152505196576,9.211886841994461e-11,0.0,0.0,0.0,0.0,0.0,0.000266561532455812,0.0,0.0,1.81162980789024e-06,0.012300644691446223,0.018777107531556234,0.06294467633059962,16.107570649077346,3.481652108879599,13.918016044489598,31.056031705034172,0.19852943804163892,9.72235307189245,0.0186397243090755,0.47412473175328995,26.449611075655493,37.80677532171939,0.945982441106656,0.3300494538599686,13.629385067641811,9.897741707654934,1.885852924627077,137.86923956916337,0.0,0.017617991305742323,0.0,20.727213919254254,33.04218419808004,0.0014297042322108432,0.0,7.45973771515578e-05,9.599895409681412,0.0021283790053444464,0.0,0.06800065353231949,0.011948871252786937,4.905028930129116,0.21211773785797947,0.0,0.21149541327080945,0.0,0.0,0.03164855056386825,0.006962154402504688,0.002650592530681083,0.10164740494153415,0.00014657727507577537,0.001803445153753025,0.0024261801801954584,0.470471753652473,41.42764545548782,0.0,0.001829030468608648,0.024373227740611264,24.046569714076213,0.0,0.02769691419538981,0.2835066505701069,0.3269229499518611,0.0,5.0073958099927705,0.674206138689596,0.0,6.37956501103518,0.0261306005334908,0.08435038386218174,0.0,1.165065754396589,0.5104782305379626,0.0,0.005858762459665737,0.0,0.1772595846728918,0.0,0.05037860106666827,0.0,0.08540566858660219,0.0,0.05364177694817838,0.0,0.14291326850741076,18.74713466445953,45.275634680932725,0.5103857796014095,14.206694697531665,8.401524263299063,12.04584351402378,198.19383999882118,46.64619770448086,58.24321268401995,0.0,0.0,1.692429862758697,3.3331871222137375,11.212925750082208,1.56286099213303,9.205437973555863e-05,0.42805908416343585,0.4722364728394154,1.8374841218094722e-06,0.0,0.007192022923801164,0.0,0.34963735853020506,3.6878797762085846,14.61765473382066,7.599264918582145e-09,1.2945510843180142e-10,1.943775617136719e-11,0.0,4.516357093739957e-10,0.0,0.0,3.11241141199791,1807.0401645476945,0.0,7.091670315578823,0.6908340138949686,3.443591075076099,0.7362954506278088,50.37702552038459,5.631268581962217,7.380307222023079,0.48087455805701845,3.1617797725785923,0.5850119884874183,9.114271546064847,6.358344925389319,26.15468608642523,6.538564751001671,21.462726423317157,0.14560271488700485,77.37783701072271,2.6530074119427316,19.91388975756184,9.003091886485226,50.41020715485574,124.86956967172523,43.881887345146794,68.35187298367462,0.5170320333671214,0.5367436819450377,0.2437622257398314,0.6244640855727087,0.11532607613209062,0.1486491125213111,0.6048312285137005,0.054017841864066045,0.004783738115234991,0.4812689616641827,0.3374028719894378,0.01601254437858755,0.19966919664814287,0.3650448041147018,0.33767925644901203,0.2376305492442019,0.07523036237107573,0.8886360021297007,0.04481358888880539,0.12652529766597434,13.775580346970797,161.30883220390507,4.430772838126737,0.025012737157100843,0.0
Unused Domestic Extraction â Fisheries,1.3107853862239491e-05,0.09709497719296048,0.018558566730270072,0.3206902281258886,0.03863681290416087,0.012039468510806301,0.0008745373797246438,0.0168384185374502,0.36582530806846136,0.1749952900648424,2.4751618773699495,0.5304169768698587,0.03256043227292284,0.20759868951352675,0.0008162031736948517,0.0,0.0,0.5425215828754446,80.62694849642956,0.0,0.0,0.001235887014707026,0.0,0.00013770797187379,0.0,0.0,0.0,1.0361549434102352e-05,0.0020027719730277465,7.612309248299121e-12,0.0,0.0,0.0,0.0,0.0,7.986581889327549e-06,0.0,0.0,6.978252716704456e-08,0.000987239231975298,0.0009732669344758223,0.002023687655928953,4.64353955067967,0.8600980539164488,9.15545192027484,31.05861204796931,0.07105480320604685,8.954151121936818,0.001605788464889193,0.03719846574309808,12.792313329346957,17.1703155653172,0.4704330449309448,0.02857439587258612,0.6952831982455319,0.6764938118430427,0.243295477472372,0.08423782324217986,0.0,9.945864114765697e-05,0.0,0.19132409875206724,0.2793604648478501,3.777797660050146e-05,0.0,1.97113354286744e-06,0.7521664942400905,0.0001667617517217587,0.0,0.005327955252705945,0.0009362123457377558,0.3843165219071774,0.016619749324547045,0.0,0.016570989240917485,0.0,0.0,0.00247971236242823,0.0005454954502951144,0.0002076779804757814,0.007964229708833244,1.1484553781473978e-05,0.0001413026872651846,0.00019009492943975425,0.039170701587707794,1.2967378147340825,0.0,2.8676453121833547e-05,0.0009050170346138101,1.8209358428020146,0.0,0.0020977433481042017,0.021472584583468485,0.02476090057902265,0.0,0.22336188851429079,0.007321628764830375,0.0,0.051960722477715,0.0007222681280299988,0.003037084204298766,0.0,0.0455274360453476,0.02191650903935947,0.0,0.00026536172197536733,0.0,0.004970659293773529,0.0,0.00111397949915657,0.0,0.001685378877984529,0.0,0.0027232935701535384,0.0,0.003050594688988577,0.5486149024482376,1.2039292096157148,0.03202025038958499,0.43219594580819826,0.34961094015790534,0.4144533391543409,2.86382306998334,0.8512426362850163,0.5282615401182248,0.0,0.0,0.09741180489056671,0.07441671433911361,0.4943317546163966,0.06592787760051734,3.132128125007384e-06,0.012474421529141069,0.04243349622663135,8.873930637091554e-08,0.0,0.00023291846780101432,0.0,0.01781687002995209,0.1796238798029852,0.69451862775836,2.705116793762232e-10,4.6072035903187e-12,1.3094147395138854e-12,0.0,1.6073451426414854e-11,0.0,0.0,0.11356658780725505,16.574582739426756,0.0,0.20224344911018816,0.06835639655813017,0.14044632719997552,0.03388089609569229,13.079974928179363,0.24749679274092984,0.4778892204598106,0.022361151189404595,0.19618267487099558,0.02397047699716351,0.9537590151857838,0.3939583514725389,1.068132775252034,0.3048738403082887,1.0804190947660586,0.006569569455138329,2.9341314556483757,0.1687724018961435,1.447617578382408,0.681225715691031,2.3204594348010135,5.3025046095154105,2.950561183643778,5.290027475892484,0.018931317948979412,0.01965799404868925,0.009658867897076689,0.029072645900656845,0.004339760960754467,0.005622157092108457,0.025677724345293407,0.0020351538929622506,0.00018182753595442742,0.020013650532984092,0.012273331665678374,0.0032253787298474486,0.00859527257801084,0.015682490641364004,0.01427383029604023,0.01019924480637081,0.003944337989647277,0.03579863533344574,0.0021565028225160815,0.0052022098124756555,1.909610658129377,4.228529458783182,0.8339101705468162,0.0020955898679033066,0.0
Unused Domestic Extraction - Coal and Peat,0.02817861428521525,559.1755122888076,92.2388080673574,1658.5469803384447,170.4213150823823,53.138893192856926,1.9151777340729799,80.80926072295667,220.18313130408563,95.64729687402017,550.7885680989027,239.03814263562836,15.870580659350782,66.37080086702503,0.7043304465974101,0.0,0.0,453.0700695298612,566.9204751975827,0.0,0.0,6.15482868634606,0.0,0.6856293739034195,0.0,0.0,0.0,0.036341228757552115,2.768998131597709,1.0524648022619502e-08,0.0,0.0,0.0,0.0,0.0,0.03416977710340134,0.0,0.0,0.00041885163084400164,1.1371620475482143,1.6629543315990813,3.593562047057614,905.7852887932285,251.3148290737386,1183.2274404197622,2643.294671079465,14.243828030535358,818.0991680899049,2.0384339179816617,46.292836340881344,2005.5792909682923,3118.1973915495205,73.74452517047816,44.3127904060384,1206.5280242607196,965.7390107480934,145.6056835543005,205.72354447458474,0.0,0.7404330195887427,0.0,412.07197059021246,822.80801458135,235.12974630322998,0.0,12.268315340585394,13373.293532382071,2.9649736764762595,0.0,94.72943831913078,16.645573292705766,6833.031910044482,295.49413308595337,0.0,294.6271934973981,0.0,0.0,44.08853831242857,9.69874467054753,3.6924518898184453,141.6016034630061,0.20419190429806017,2.512319184891152,3.379830542682783,379.34973338025424,7330.128563639794,0.0,0.15972045278002467,4.57974991520391,3187.9773941551903,0.0,3.672797735182975,37.59482804053126,43.35214459246156,0.0,601.7483636776582,33.68600467089707,0.0,217.23580186748808,2.66063839560214,30.718886633207298,0.0,139.0754823349836,843.4892730860612,0.0,1.0428475820513623,0.0,43.026875339423434,0.0,8.497916369583457,0.0,20.93069195620959,0.0,10.839002133908366,0.0,37.77516497320529,6820.813740043265,8921.630414843836,86.39551869362552,3369.9000380730886,1467.3002392432484,2146.0474240865924,27415.164957307818,8169.053935082237,1837.6455320201876,0.0,0.0,19998.542043946207,592.6605531183036,3371.9913708686686,367.20373136678296,0.025150216009783413,105.98508292937314,176.03963198369823,0.00034088323368717394,0.0,2.1577995874136056,0.0,113.07166901693624,2077.5033383146224,8170.583116493602,2.59640412493403e-06,4.426544034130411e-08,1.777537419145417e-09,0.0,1.5444096334929886e-07,0.0,0.0,513.7391435031468,53258.41034150642,0.0,1297.3068760584742,55.92623732294864,313.86762035593625,157.16534898907182,4572.21035487498,934.2934860218239,1990.2473317438419,100.88852490463337,435.62740946258094,60.96875349509493,2096.9387040070196,754.6317374210801,2589.3533560326177,488.9564473521698,1708.064028713213,9.446770368230357,5193.10795180183,271.4757521910244,2140.837857757209,1039.4194055827256,4384.881943866067,10792.248991628634,4014.1208525820343,7068.996003871667,68.50206491840666,70.64359318926732,29.57328259718725,79.0784164604778,14.2878331189438,18.32893024358133,79.08063763429774,5.520974645774877,0.4696314538725587,50.125619816706596,55.028345757778496,1.6119307727858085,28.421399653725253,50.972160230973756,37.718068067370886,24.703404369557273,7.397563392474795,98.28152880584284,4.30203317364056,12.612028381032284,1262.4562809227004,10179.46595042339,472.6196571179818,2.308463883906341,0.0
Unused Domestic Extraction - Oil and Gas,0.0025459574008837617,45.514829469794314,5.093092020705826,54.23514730693173,8.650722615399843,3.240771222044059,0.06375077025016082,6.101411582863767,10.583642029754598,4.5981561279437395,26.93679773013378,12.113337832103557,0.7658954931451665,3.0900552087987068,0.037161399565543714,0.0,0.0,16.695493366101356,29.330368635960454,0.0,0.0,0.07021058294177146,0.0,0.007824152362665973,0.0,0.0,0.0,0.0221152182357207,1.5625808682415063,5.076920916856698e-10,0.0,0.0,0.0,0.0,0.0,0.007133124738418589,0.0,0.0,1.024159819952849e-05,0.03458958576903007,0.06460548342197478,0.10937840178606359,36.05425269689037,10.864028449476399,44.79717633849348,94.10392679642057,0.6733440406799643,39.53254336222269,0.11012909517430863,2.685089748281314,88.53274500581425,133.7026022929532,2.8975711073121855,1.1654300056794633,53.76828542139227,38.07372460582696,5.592482402050033,7.762114324259297,0.0,0.02255465729840688,0.0,13.845058746653264,39.895808203262646,0.05758915482364636,0.0,0.0030048172240322896,3602.0085997278875,0.7985961464746213,0.0,25.5147507715045,4.483375617423339,1840.4321749611115,79.58940002083042,0.0,79.3558955482142,0.0,0.0,11.874957635997777,2.6122930469809673,0.9945376155097727,38.13945997476026,0.0549977455811828,0.6766766382063696,0.9103351131034267,2.6725857845349936,456.7999359148184,0.0,0.0324988193370655,0.1049058467986812,177.86506996589733,0.0,0.20494471579520016,2.0978141404902786,2.4190777774254495,0.0,21.94712248218471,1.6565564993407775,0.0,19.607422780120192,0.0637087843701486,0.7111824039136462,0.0,4.058883986021445,2.201735123252694,0.0,0.02461350969908731,0.0,0.9776252730099863,0.0,0.28585367276875234,0.0,0.3242128463611685,0.0,0.228615060383415,0.0,0.47282884167258177,68.62320757576427,135.14563321326838,2.0658677272405823,52.42237087681677,28.497768152263312,41.66797923014155,372.6236507208302,123.13391373667147,53.37867885625867,0.0,0.0,15.392153815945576,61.08253499642135,91.52785480171498,10.88997729969434,0.0007993985424468976,8.01002285348038,4.23130693062889,5.2886178930684513e-05,0.0,0.0855439844076027,0.0,3.928653765280256,44.99193352093422,176.74419882266977,7.029805032200226e-08,1.1983821039645098e-09,7.483320157495922e-11,0.0,4.181100795281159e-09,0.0,0.0,16.510484456695785,1485.1419345040108,0.0,47.053861711609535,2.5641437794142976,27.713849400309012,9.448832816380458,162.96232979942997,98.44018340080159,365.44511908012373,3.5676602288511634,28.148112154762572,4.163777014351777,402.13578313285313,27.81629720920931,77.07927222052795,20.08621589383145,80.97269673986982,0.4439049415629807,176.6432929656492,11.22749928906205,81.67236711612394,37.38404331255408,220.9165486416475,391.8583045116934,168.76680806339812,279.68103299701716,2.483106880005465,2.544005499314669,1.0423964412365723,2.747523255971129,0.5226987676050564,0.6656068489391155,2.808787583374481,0.2076084704968529,0.022033132771785195,1.7716770913809459,2.4062928680053774,0.0458427416692421,1.3151354587373143,2.244524447159058,1.8341795169612265,1.1053864820747996,0.299137584583024,4.46579325081551,0.1703964345059302,0.5200249437140467,63.09420064264078,361.79871804147206,13.330068257249803,0.11364109744013313,0.0
Unused Domestic Extraction - Non-metalic Minerals,0.00549729021744623,204.8585844312257,34.97245287447944,479.88962957268734,59.7939426223725,21.735620145242585,0.3456334989375929,24.57366647393555,75.80452055696152,44.42993983485452,182.70682203697476,84.89410179505828,5.579559986164793,23.59380662766614,0.08857478404228307,0.0,0.0,61.07367782483787,439.1790650705868,0.0,0.0,0.09124897232335837,0.0,0.010176617270538604,0.0,0.0,0.0,0.0018371915783206574,0.3149670082707919,1.1971538958297767e-09,0.0,0.0,0.0,0.0,0.0,0.004216418907106115,0.0,0.0,2.0051108868207375e-05,59.443181361525625,99.176410163849,11.432279507285086,375.4565854941119,78.23280085946749,287.2447174429437,661.4831558585095,2.8975595408607213,196.1546012109776,0.16786444330937716,18.52705268634354,439.5610650365514,697.6011600503285,16.988368224020302,5.632574607530464,223.37666393318977,177.99233699132927,29.709921112117637,36.72279026501858,0.0,0.39602638512936844,0.0,103.63105019706909,131.9720857456258,0.053080982601806624,0.0,0.00276959526978465,182.4511674915048,0.04045098595531356,0.0,1.2923889373466357,0.22709471481096122,93.22270886192534,4.031411517131276,0.0,4.019583904158188,0.0,0.0,0.601497699023714,0.13231948315937492,0.050375934437714355,1.9318635164880535,0.002785779826135228,0.034275443613406564,0.04611085720527669,9.21028580759046,2848.9854454845336,0.0,0.6178920212384404,14.116762387192818,3402.353801770335,0.0,3.921500598218163,40.14034495589699,46.28758701225809,0.0,199.74897062723886,57.104063321839334,0.0,117.55655046332976,1.6145027412834503,65.91214543634871,0.0,315.8353031466262,13.4650095919177,0.0,0.0809496161984406,0.0,8.665881661585635,0.0,0.9418067765011515,0.0,1.429184867200576,0.0,0.6334784980912659,0.0,47.37060990002216,908.4958232964037,1179.3170985121626,11.161279297033952,738.098616303973,229.8588001171583,545.1789648256173,3035.7026545169456,689.8775163892793,394.254236723527,0.0,0.0,43.301873163961695,46.74395545486111,349.6508131867897,52.62358409246439,0.0027257441248171505,8.779276198662266,14.947306243796536,3.3260272730686535e-05,0.0,0.19504482818757268,0.0,9.484123515920256,104.87777930115288,403.5007757371396,2.493648415496578e-07,4.251116295566747e-09,2.6267254228404655e-10,0.0,1.4832011823898863e-08,0.0,0.0,134.89238995024533,34566.84445279141,0.0,95.2244621109375,10.166814666626967,46.60941109925217,51.374443301616125,779.9275337593925,85.57165488938067,118.31421371644738,6.549428380135769,48.68151291447726,6.777469624463948,159.83710264496247,63.259178747198696,316.8164406242411,72.85572397966529,242.46609441024643,1.7494967546874969,965.9280255523912,34.90336316757099,243.03288233423723,226.51157533743998,536.1257835011497,1247.756316815223,593.4996952622333,1362.976154409012,14.46822610148691,14.248509683749068,5.190527832123773,17.603531473818293,2.4365034775265597,3.260603103162654,16.277487425880807,0.9431878104635756,0.08296543028867322,12.037982632430339,8.26548277419443,0.15264457673034415,4.843613775210875,9.654088519013818,8.475942438260809,5.466892239993344,1.346186329941766,22.671378415977333,0.7800486513725451,2.767917553648182,172.46823213040685,1135.2574998704781,41.736351001661,0.2486050246947076,0.0
Unused Domestic Extraction - Iron Ore,0.0010237162035703778,34.60538364215953,6.025286568477392,114.37604247507126,8.041596314365204,2.474114738322512,0.10010877341714636,3.851051884043631,9.346912096510108,4.401486930042863,21.74944746147992,10.207789705566451,0.6770180435808598,2.97161986142135,0.025910456607540943,0.0,0.0,42.21914264728277,27.349448260683154,0.0,0.0,0.035202668170826026,0.0,0.003928107835311797,0.0,0.0,0.0,0.0007335145001180364,0.1008951998220366,3.8349121770121585e-10,0.0,0.0,0.0,0.0,0.0,0.0022003744749852683,0.0,0.0,7.89264398781099e-06,0.08381731731460142,0.10301714369284547,0.22023165787670448,34.06190603054693,10.679525560150271,42.331067806990845,83.65093391101864,0.5304929902111132,34.63600573471115,0.06967346847067261,2.0738462044573653,81.69268409292052,153.21637161433318,2.9342666357349323,1.3724929453616241,55.942936164415826,53.6971748362723,7.195856008825088,12.626264239394127,0.0,0.031547035918242976,0.0,15.916731244075816,32.04370244729985,0.03827098493498008,0.0,0.001996857135088394,155.2805616941018,0.03442703001894344,0.0,1.0999265330969892,0.19327579734588346,79.33999433245336,3.431054201554305,0.0,3.420987955274751,0.0,0.0,0.5119227344295343,0.11261448172984515,0.04287395637365683,1.6441706352499785,0.0023709218313361408,0.02917114869573033,0.03924403392686031,8.663243287205972,181.03540532581312,0.0,0.0050555128471715255,0.11598562382915464,156.53533547381357,0.0,0.18034733793319427,1.8460380154364684,2.128742851373854,0.0,32.78203141042143,1.6462838360674183,0.0,8.125387036366844,0.05643146230767526,1.6053976818996836,0.0,6.506391649850022,162.86836984781266,0.0,0.04336964161299301,0.0,1.4525931472374267,0.0,0.24400713710132768,0.0,0.8850200982557505,0.0,0.4187010901106347,0.0,4.580561522189144,748.7326977000341,805.1633288407105,5.4942517578429415,305.89879320547703,127.67426875864233,184.0660011634211,2518.496786708405,854.936882802404,142.42666820486986,0.0,0.0,15.271247442015346,12.15021776473576,79.58117666777648,10.804340564042235,0.0005979953289054294,2.1229163741758086,3.3265727990354135,1.240535921734138e-05,0.0,0.04460397301027951,0.0,2.1488723131297203,23.405047512115203,89.5666349183751,5.4534058465187056e-08,9.292504596262944e-10,5.5273065540905874e-11,0.0,3.2419485996643846e-09,0.0,0.0,43.894698684365366,4686.641947002883,0.0,80.8824470118796,2.457421165648723,12.867175255847336,4.996567715452756,156.95282534645517,39.473438029317734,48.0950978766924,4.605659794641238,29.304843875502304,3.204979721019845,94.24932045893594,45.431190304541765,129.82332025501327,20.116606473305755,73.01540116309502,0.43594914428122644,276.8641342968357,15.534790155535802,109.00997675333765,78.28967213774703,245.9452714614331,675.5141528278238,126.05132103074799,325.0631759232596,2.803312302006922,2.867542848496973,1.197169804311018,3.3281667411486304,0.5791403339400224,0.7504105154112595,3.232211436065879,0.26554272913746185,0.023738443807979917,2.4396252751318266,1.7710422771022285,0.04356602184426764,1.0434944355861278,1.9384638547632873,1.7397871326573344,1.1650610710349532,0.36476157327525915,4.637509561577987,0.21839806238299783,0.6276960062217483,39.536269807495884,305.73557263961544,17.67506097661941,0.1013263525103378,0.0
Unused Domestic Extraction - Non-ferous metal ores,0.0048454442593841365,173.41635773365093,35.258760664920096,549.0595961044069,51.59218673399672,15.036905159834811,0.28979208617643093,21.433370211646473,44.19905638551246,19.317869860277938,95.75511166301477,47.5198238781761,3.167702475197947,14.041704248504912,0.08987691662150865,0.0,0.0,88.5039138422345,205.93512791941623,0.0,0.0,0.10995149743531024,0.0,0.012265599154038315,0.0,0.0,0.0,0.002017737189755947,0.3195593607156667,1.2146089069136e-09,0.0,0.0,0.0,0.0,0.0,0.003497543354248462,0.0,0.0,3.205804521617517e-05,0.21479557903628715,0.34327893142474597,0.6846434142723594,156.91201380568845,43.03635347026372,196.08768816954765,407.5806372453081,2.414290047774363,152.97286696214894,0.1951302768351409,11.933704914762384,383.74647159697776,732.776282301947,13.719441568654387,8.599480670203665,406.4999861872377,322.6713036946164,38.5174080280464,39.19034471575772,0.0,0.09943621826458438,0.0,69.53069162062641,204.55893477551584,0.06739205241207244,0.0,0.0035163009506007604,346.50314862302093,0.07682271476324956,0.0,2.454447632169964,0.4312881895990549,177.04442557391886,7.6562775853223215,0.0,7.6338151084184105,0.0,0.0,1.1423376976248916,0.25129528174177895,0.09567173582656108,3.668909332707997,0.005290629237389195,0.06509439920711485,0.08757169069953374,14.860687406342196,1086.8330634369952,0.0,0.019049752736742906,0.6023808136855189,1055.698113573538,0.0,1.2165841215312,12.45294070943965,14.360017096019789,0.0,148.0622926586514,6.7152497343861715,0.0,44.593172462614625,0.3815007978162898,2.6680663377336833,0.0,28.851321122027585,29.350901878223535,0.0,3.063762580606174,0.0,12.581528967172304,0.0,29.17821322314343,0.0,45.093408579439384,0.0,9.728697833297126,0.0,44.25032031025793,1365.523841142262,2098.1179595137824,16.117007590481222,1356.1861980845872,391.10205336878056,757.304001082932,4760.477083828457,1763.5749040737505,656.2797839112151,0.0,0.0,75.97808903435255,81.74515065639191,617.6640371625654,84.96748336541752,0.004523869334270854,15.340043069163922,26.189606016720916,4.1304869245201774e-05,0.0,0.3434870049008863,0.0,16.320852910729535,177.23018297140626,666.9913262015896,4.4794850727722003e-07,7.63704411888276e-09,2.3135514407643333e-10,0.0,2.6645418244415902e-08,0.0,0.0,91.51753150000785,13872.354165414281,0.0,196.86558312149535,7.828268484227186,41.13093064181152,13.04434492063958,1054.4975316470475,129.4787917845023,175.95704016307124,13.318388271230091,61.94421921648315,10.142323302849826,276.4634572876712,117.19624487651613,413.3015832544259,71.70946434923704,253.38294048326094,1.5312135193695713,856.7568841701151,51.14464542132601,367.71464003509914,211.92293634732704,703.215338989719,1796.0943322761582,524.5976552829209,1233.4996528246186,12.003770766514075,12.18165623329887,4.714098294026272,13.106838687850857,2.2974711262526526,2.9939329455592634,13.545996556499038,0.883958300559795,0.07606184690367233,8.830817348214989,7.263776310601411,0.16746964385561663,4.348924789293641,8.390424973422315,6.582191551063662,4.309824367519524,1.2248894317330865,17.751778705445894,0.7155592617205649,2.2516779873617576,198.9192220148038,1516.2982019647407,51.860124185883954,0.3122657853115037,0.0
"Land use Crop, Forest, Pasture",28.924740177155908,28043.133302924325,4977.5098849451715,16238.410730936694,8923.055585698057,1231.564117369808,535.6743865124264,235.62205622471143,16138.173282380147,989.3788343073378,5730.932144089497,3511.3579177996294,161.2867854247052,2638.09836584407,3.3436337715271125,0.0,0.0,108627.88747687079,1489.911539546725,0.0,0.0,3.9039955086936535,0.0,0.43501637008026167,0.0,0.0,0.0,0.040769363250530405,6.830886020243311,2.5963423458220596e-08,0.0,0.0,0.0,0.0,0.0,0.03677299608892514,0.0,0.0,0.0016233366740312782,1.840795179862073,2.642168721845066,6.647272981296615,30761.800050818103,2139.416453447762,10664.696527992648,29955.14779010823,223.59250818911246,11691.246573392586,5.368373616831835,908.6510244621369,26758.082868608344,22414.25954020062,997.4872575243007,92.1835152334532,2826.0805175156524,2015.6196842245224,506.30441577415047,5055.005151330691,0.0,1.0485479157995559,0.0,1591.4020996448153,2224.0885026197707,0.3202194116650053,0.0,0.016708020921421998,3277.796639271781,0.7267155789821427,0.0,23.21820229330171,4.079832994428009,1674.7773446045946,72.4256649275194,0.0,72.21317787913918,0.0,0.0,10.806108634418242,2.37716405530906,0.9050206193271085,34.70657836251525,0.05004747230396506,0.6157698820469568,0.828397071169382,87.01691700966698,6440.546173769437,0.0,0.15667710902358445,4.484392776637456,5188.373931427472,0.0,5.976556999190715,61.17634548212992,70.54486976178958,0.0,804.3968577208733,56.909498559593146,0.0,405.1254546052704,2.3313384512544344,13.819111258864886,0.0,154.52645003313182,83.84741229558588,0.0,1.0975577339477798,0.0,35.585101549035926,0.0,9.300128056425647,0.0,12.11798908969929,0.0,11.026181089508606,0.0,17.82328480124141,2907.022014236444,6422.412965702342,116.852943814487,2372.7316337893594,1412.2575176688722,1821.1770219380205,19530.879377281293,7590.756611362256,4151.628347800712,0.0,0.0,389.7127905415558,374.2908465447701,2606.847614383652,375.54824600247696,0.020563557705092207,72.60365399836554,116.42713093060622,0.00059380707688748,0.0,1.5092515855581106,0.0,72.29973286469429,819.8132970450496,3124.1477808361874,1.8941935858699517e-06,3.2282003661716904e-08,4.2162123841208125e-09,0.0,1.1262878483475841e-07,0.0,0.0,427.0496954588044,96419.3530740318,0.0,1108.7335846484539,128.84533176616262,618.9253902309913,172.40466905511727,30435.54219933108,1158.0701419890154,1738.3276598682578,162.2108215017798,1165.8281415651352,100.97598254709457,2916.9687455743538,1193.1470848251054,3667.1426133490204,1130.0438254878322,3891.53708349836,23.74021026644208,13762.316461048953,470.59524431838753,4208.284757987267,1693.6520325176782,8678.47236269198,18229.56624097871,9503.831900117346,17116.537076959987,83.34170622819767,86.36077439689736,39.12565273330143,96.91489143156686,18.02890183672992,23.241296793067193,94.89272238522344,8.041749499925865,0.7246828064063049,76.4540517540025,52.383851345061,8.169667917720126,34.499762114462406,64.18074980873158,56.0413789782776,38.7523391682951,13.902939675504788,137.8241993534775,7.657476232022086,19.93724023040808,3421.9165670692278,19289.185279124835,2104.832976645912,8.140116941663102,0.0
