region,sector,0
AT,Paddy rice,0.0
AT,Wheat,959118.9112908886
AT,Cereal grains nec,1345905.001457942
AT,"Vegetables, fruit, nuts",298319.69154644414
AT,Oil seeds,478141.94906724914
AT,"Sugar cane, sugar beet",1102764.1717920224
AT,Plant-based fibers,376327.24188631435
AT,Crops nec,1265170.501715999
AT,Cattle,3573426.251176506
AT,Pigs,549501.8160133285
AT,Poultry,237259.7864617659
AT,Meat animals nec,2571547.9855050985
AT,Animal products nec,938158.8381618188
AT,Raw milk,3202968.8764455547
AT,"Wool, silk-worm cocoons",895857.9794432316
AT,Manure (conventional treatment),0.0
AT,Manure (biogas treatment),0.0
AT,"Products of forestry, logging and related services (02)",217764.06512535893
AT,Fish and other fishing products; services incidental of fishing (05),17867.21513851209
AT,Anthracite,64756.837619972386
AT,Coking Coal,917164.5811307881
AT,Other Bituminous Coal,100079.70579777581
AT,Sub-Bituminous Coal,33715.61106802201
AT,Patent Fuel,6873893.304890508
AT,Lignite/Brown Coal,754104.6049004341
AT,BKB/Peat Briquettes,2135409.9192047883
AT,Peat,0.0
AT,"Crude petroleum and services related to crude oil extraction, excluding surveying",460512.4154320759
AT,"Natural gas and services related to natural gas extraction, excluding surveying",127655.84452292361
AT,Natural Gas Liquids,6342281.189047803
AT,Other Hydrocarbons,786306.7715264593
AT,Uranium and thorium ores (12),264604.3734126883
AT,Iron ores,327041.738336438
AT,Copper ores and concentrates,696030.5936805584
AT,Nickel ores and concentrates,0.0
AT,Aluminium ores and concentrates,2105550.402354274
AT,Precious metal ores and concentrates,456496.26231951255
AT,"Lead, zinc and tin ores and concentrates",619673.075498802
AT,Other non-ferrous metal ores and concentrates,26789.307595235518
AT,Stone,345630.98724167113
AT,Sand and clay,87123.92946622212
AT,"Chemical and fertilizer minerals, salt and other mining and quarrying products n.e.c.",2018734.890969457
AT,Products of meat cattle,21675.903348481712
AT,Products of meat pigs,49147.12129490287
AT,Products of meat poultry,53539.304604151126
AT,Meat products nec,22737.4552057446
AT,products of Vegetable oils and fats,31411.789324478814
AT,Dairy products,36845.76551763881
AT,Processed rice,62752.98631326943
AT,Sugar,37411.746197273395
AT,Food products nec,31114.578988758298
AT,Beverages,60128.06790489937
AT,Fish products,65234.938310794925
AT,Tobacco products (16),89970.04284359248
AT,Textiles (17),22253.524516414975
AT,Wearing apparel; furs (18),19716.68694663994
AT,Leather and leather products (19),14436.052321719748
AT,Wood and products of wood and cork (except furniture); articles of straw and plaiting materials (20),71335.62485890655
AT,"Wood material for treatment, Re-processing of secondary wood material into new wood material",0.0
AT,Pulp,69336.73648764713
AT,"Secondary paper for treatment, Re-processing of secondary paper into new pulp",0.0
AT,Paper and paper products,152472.07537275302
AT,Printed matter and recorded media (22),45425.717182180444
AT,Coke Oven Coke,943569.0100902594
AT,Gas Coke,0.0
AT,Coal Tar,613411.5250040963
AT,Motor Gasoline,288569.2581729883
AT,Aviation Gasoline,288569.4786903219
AT,Gasoline Type Jet Fuel,0.0
AT,Kerosene Type Jet Fuel,288499.21488943737
AT,Kerosene,288569.4975802643
AT,Gas/Diesel Oil,288547.5534442824
AT,Heavy Fuel Oil,135412.28815835482
AT,Refinery Gas,288455.28763260535
AT,Liquefied Petroleum Gases (LPG),193627.5372470351
AT,Refinery Feedstocks,160512.82789909327
AT,Ethane,55335.81881801042
AT,Naphtha,288488.78323188954
AT,White Spirit & SBP,0.0
AT,Lubricants,0.0
AT,Bitumen,150432.24746556944
AT,Paraffin Waxes,54217.989446539454
AT,Petroleum Coke,288569.38146900374
AT,Non-specified Petroleum Products,316502.525989494
AT,Nuclear fuel,2595.5876528302024
AT,"Plastics, basic",227164.76863312445
AT,"Secondary plastic for treatment, Re-processing of secondary plastic into new plastic",0.0
AT,N-fertiliser,34772.207384414316
AT,P- and other fertiliser,142693.4867591714
AT,Chemicals nec,69807.73129750651
AT,Charcoal,158125.4016725639
AT,Additives/Blending Components,0.0
AT,Biogasoline,34430.701452202266
AT,Biodiesels,130341.14255671509
AT,Other Liquid Biofuels,437400.3468077244
AT,Rubber and plastic products (25),15708.363630641556
AT,Glass and glass products,215947.84062926477
AT,"Secondary glass for treatment, Re-processing of secondary glass into new glass",0.0
AT,Ceramic goods,279707.32609147317
AT,"Bricks, tiles and construction products, in baked clay",294294.64190662454
AT,"Cement, lime and plaster",333069.35210478696
AT,"Ash for treatment, Re-processing of ash into clinker",0.0
AT,Other non-metallic mineral products,121691.29590743885
AT,Basic iron and steel and of ferro-alloys and first products thereof,283215.9035977555
AT,"Secondary steel for treatment, Re-processing of secondary steel into new steel",0.0
AT,Precious metals,9992.95764569605
AT,"Secondary preciuos metals for treatment, Re-processing of secondary preciuos metals into new preciuos metals",0.0
AT,Aluminium and aluminium products,33060.15169326961
AT,"Secondary aluminium for treatment, Re-processing of secondary aluminium into new aluminium",0.0
AT,"Lead, zinc and tin and products thereof",135165.43858368704
AT,"Secondary lead for treatment, Re-processing of secondary lead into new lead",0.0
AT,Copper products,15231.560012693955
AT,"Secondary copper for treatment, Re-processing of secondary copper into new copper",0.0
AT,Other non-ferrous metal products,27913.77069532246
AT,"Secondary other non-ferrous metals for treatment, Re-processing of secondary other non-ferrous metals into new other non-ferrous metals",0.0
AT,Foundry work services,959565.5727819403
AT,"Fabricated metal products, except machinery and equipment (28)",16771.234065064713
AT,Machinery and equipment n.e.c. (29),10390.468185923493
AT,Office machinery and computers (30),72604.91816782804
AT,Electrical machinery and apparatus n.e.c. (31),33764.61209766664
AT,"Radio, television and communication equipment and apparatus (32)",14253.174443912163
AT,"Medical, precision and optical instruments, watches and clocks (33)",18164.484927681744
AT,"Motor vehicles, trailers and semi-trailers (34)",17774.817458494366
AT,Other transport equipment (35),13014.858794196756
AT,Furniture; other manufactured goods n.e.c. (36),42811.84601953499
AT,Secondary raw materials,173520.098812315
AT,"Bottles for treatment, Recycling of bottles by direct reuse",0.0
AT,Electricity by coal,8417280.608599318
AT,Electricity by gas,3264423.9243179276
AT,Electricity by nuclear,0.0
AT,Electricity by hydro,770.8553888366007
AT,Electricity by wind,4925.243380039069
AT,Electricity by petroleum and other oil derivatives,135701.869580152
AT,Electricity by biomass and waste,1102218.3207096946
AT,Electricity by solar photovoltaic,574.4323756308171
AT,Electricity by solar thermal,0.0
AT,"Electricity by tide, wave, ocean",0.0
AT,Electricity by Geothermal,0.0
AT,Electricity nec,0.0
AT,Transmission services of electricity,584.2609902260796
AT,Distribution and trade services of electricity,968.0476839976336
AT,Coke oven gas,2203698.5557122156
AT,Blast Furnace Gas,2185088.8366708397
AT,Oxygen Steel Furnace Gas,0.0
AT,Gas Works Gas,1101824.4812319526
AT,Biogas,2178507.958446197
AT,Distribution services of gaseous fuels through mains,1926826.0899482134
AT,Steam and hot water supply services,1189535.3500345417
AT,"Collected and purified water, distribution services of water (41)",8787.771789929739
AT,Construction work (45),59858.88851251364
AT,"Secondary construction material for treatment, Re-processing of secondary construction material into aggregates",0.0
AT,"Sale, maintenance, repair of motor vehicles, motor vehicles parts, motorcycles, motor cycles parts and accessoiries",19850.44249407071
AT,Retail trade services of motor fuel,19430.92190167171
AT,"Wholesale trade and commission trade services, except of motor vehicles and motorcycles (51)",25331.284095545798
AT,"Retail  trade services, except of motor vehicles and motorcycles; repair services of personal and household goods (52)",21708.17044843449
AT,Hotel and restaurant services (55),37106.94613547015
AT,Railway transportation services,79992.88746753678
AT,Other land transportation services,52933.54824798287
AT,Transportation services via pipelines,350653.2674584163
AT,Sea and coastal water transportation services,800273.0076186715
AT,Inland water transportation services,409726.6978658128
AT,Air transport services (62),413638.3338423672
AT,Supporting and auxiliary transport services; travel agency services (63),31126.445469702976
AT,Post and telecommunication services (64),8289.25493309471
AT,"Financial intermediation services, except insurance and pension funding services (65)",2693.6319929131705
AT,"Insurance and pension funding services, except compulsory social security services (66)",961.9468117499891
AT,Services auxiliary to financial intermediation (67),2599.2236992003227
AT,Real estate services (70),11508.683352323642
AT,Renting services of machinery and equipment without operator and of personal and household goods (71),50642.22289398639
AT,Computer and related services (72),33388.45239623174
AT,Research and development services (73),53819.16120448123
AT,Other business services (74),66168.65911278648
AT,Public administration and defence services; compulsory social security services (75),27986.24435740737
AT,Education services (80),20907.33825432576
AT,Health and social work services (85),18810.346546028995
AT,Food waste for treatment: incineration,82453.38426240695
AT,Paper waste for treatment: incineration,75276.15366270316
AT,Plastic waste for treatment: incineration,72083.40765483573
AT,Intert/metal waste for treatment: incineration,66206.23328134824
AT,Textiles waste for treatment: incineration,63307.14498878333
AT,Wood waste for treatment: incineration,82379.96299217215
AT,Oil/hazardous waste for treatment: incineration,72404.1564190328
AT,Food waste for treatment: biogasification and land application,59717.69823916327
AT,Paper waste for treatment: biogasification and land application,55988.26354904974
AT,Sewage sludge for treatment: biogasification and land application,679850.3217536611
AT,Food waste for treatment: composting and land application,91167.89527300432
AT,Paper and wood waste for treatment: composting and land application,2896716.5418277215
AT,Food waste for treatment: waste water treatment,718989.6792605446
AT,Other waste for treatment: waste water treatment,777894.8009754892
AT,Food waste for treatment: landfill,3817437.502516184
AT,Paper for treatment: landfill,236752.8725755492
AT,Plastic waste for treatment: landfill,286207.8353811697
AT,Inert/metal/hazardous waste for treatment: landfill,137432.37128899852
AT,Textiles waste for treatment: landfill,2822733.305854783
AT,Wood waste for treatment: landfill,268295.36976776045
AT,Membership organisation services n.e.c. (91),35894.130204692614
AT,"Recreational, cultural and sporting services (92)",12303.705714390195
AT,Other services (93),41592.57431414164
AT,Private households with employed persons (95),0.004257206721102805
AT,Extra-territorial organizations and bodies,0.0
BE,Paddy rice,0.0
BE,Wheat,1165068.6325959358
BE,Cereal grains nec,1474526.1129006024
BE,"Vegetables, fruit, nuts",222439.42299350357
BE,Oil seeds,859025.5432800762
BE,"Sugar cane, sugar beet",916873.3868180466
BE,Plant-based fibers,2889821.705927266
BE,Crops nec,188743.25299586132
BE,Cattle,2643532.136875049
BE,Pigs,850924.4025051061
BE,Poultry,422141.182709098
BE,Meat animals nec,686845.3935865959
BE,Animal products nec,750637.3135516532
BE,Raw milk,2963534.3936393955
BE,"Wool, silk-worm cocoons",125551.25971062492
BE,Manure (conventional treatment),0.0
BE,Manure (biogas treatment),0.0
BE,"Products of forestry, logging and related services (02)",449180.2436695377
BE,Fish and other fishing products; services incidental of fishing (05),94357.09515571808
BE,Anthracite,12360.79833659756
BE,Coking Coal,0.0
BE,Other Bituminous Coal,1068125.8632814365
BE,Sub-Bituminous Coal,12247.598634362534
BE,Patent Fuel,0.0
BE,Lignite/Brown Coal,0.0
BE,BKB/Peat Briquettes,0.0
BE,Peat,0.0
BE,"Crude petroleum and services related to crude oil extraction, excluding surveying",168291.16716073162
BE,"Natural gas and services related to natural gas extraction, excluding surveying",332611.7707688948
BE,Natural Gas Liquids,0.0
BE,Other Hydrocarbons,1769044.4990418705
BE,Uranium and thorium ores (12),0.0
BE,Iron ores,0.0
BE,Copper ores and concentrates,0.0
BE,Nickel ores and concentrates,0.0
BE,Aluminium ores and concentrates,0.0
BE,Precious metal ores and concentrates,0.0
BE,"Lead, zinc and tin ores and concentrates",0.0
BE,Other non-ferrous metal ores and concentrates,563872.962540846
BE,Stone,155795.35585613834
BE,Sand and clay,1703179.3189845819
BE,"Chemical and fertilizer minerals, salt and other mining and quarrying products n.e.c.",111446.19507291245
BE,Products of meat cattle,39809.475412150874
BE,Products of meat pigs,47822.94003732876
BE,Products of meat poultry,20324.15847820477
BE,Meat products nec,31917.75894429474
BE,products of Vegetable oils and fats,23737.865722078404
BE,Dairy products,44405.57314339048
BE,Processed rice,4974.470539753718
BE,Sugar,35067.04881391763
BE,Food products nec,49422.07787595538
BE,Beverages,52557.62720699015
BE,Fish products,19751.129832267758
BE,Tobacco products (16),73135.87387945945
BE,Textiles (17),29390.16763324765
BE,Wearing apparel; furs (18),5547.544687144579
BE,Leather and leather products (19),11947.516320068544
BE,Wood and products of wood and cork (except furniture); articles of straw and plaiting materials (20),37861.396186127284
BE,"Wood material for treatment, Re-processing of secondary wood material into new wood material",0.0
BE,Pulp,44932.616291681676
BE,"Secondary paper for treatment, Re-processing of secondary paper into new pulp",0.0
BE,Paper and paper products,79000.85807157298
BE,Printed matter and recorded media (22),27771.608647522873
BE,Coke Oven Coke,1719378.3166814197
BE,Gas Coke,0.0
BE,Coal Tar,463883.0609737755
BE,Motor Gasoline,432547.72903892386
BE,Aviation Gasoline,277313.6804511508
BE,Gasoline Type Jet Fuel,0.0
BE,Kerosene Type Jet Fuel,450507.3109748835
BE,Kerosene,412660.29851968586
BE,Gas/Diesel Oil,450074.8297187501
BE,Heavy Fuel Oil,400626.7506595179
BE,Refinery Gas,424223.753500481
BE,Liquefied Petroleum Gases (LPG),333178.786594056
BE,Refinery Feedstocks,373994.0164286339
BE,Ethane,0.0
BE,Naphtha,443280.33911984897
BE,White Spirit & SBP,379518.7765261907
BE,Lubricants,0.0
BE,Bitumen,331163.6057170196
BE,Paraffin Waxes,0.0
BE,Petroleum Coke,344240.02976292605
BE,Non-specified Petroleum Products,388509.23865393567
BE,Nuclear fuel,36555.497356316264
BE,"Plastics, basic",207716.1751320149
BE,"Secondary plastic for treatment, Re-processing of secondary plastic into new plastic",0.0
BE,N-fertiliser,848074.1748738294
BE,P- and other fertiliser,143373.80614237647
BE,Chemicals nec,22609.33564989037
BE,Charcoal,234055.71376101015
BE,Additives/Blending Components,0.0
BE,Biogasoline,11746.568093259331
BE,Biodiesels,29172.473653638004
BE,Other Liquid Biofuels,636379.9649003154
BE,Rubber and plastic products (25),25348.650861427344
BE,Glass and glass products,184011.49953051304
BE,"Secondary glass for treatment, Re-processing of secondary glass into new glass",0.0
BE,Ceramic goods,300337.76438127604
BE,"Bricks, tiles and construction products, in baked clay",384829.42210532515
BE,"Cement, lime and plaster",540259.2256044205
BE,"Ash for treatment, Re-processing of ash into clinker",0.0
BE,Other non-metallic mineral products,354583.2227217716
BE,Basic iron and steel and of ferro-alloys and first products thereof,480126.16649919556
BE,"Secondary steel for treatment, Re-processing of secondary steel into new steel",0.0
BE,Precious metals,15453.5032328532
BE,"Secondary preciuos metals for treatment, Re-processing of secondary preciuos metals into new preciuos metals",0.0
BE,Aluminium and aluminium products,20702.282328520836
BE,"Secondary aluminium for treatment, Re-processing of secondary aluminium into new aluminium",0.0
BE,"Lead, zinc and tin and products thereof",26219.932606689526
BE,"Secondary lead for treatment, Re-processing of secondary lead into new lead",0.0
BE,Copper products,11087.52267805396
BE,"Secondary copper for treatment, Re-processing of secondary copper into new copper",0.0
BE,Other non-ferrous metal products,43750.08649835941
BE,"Secondary other non-ferrous metals for treatment, Re-processing of secondary other non-ferrous metals into new other non-ferrous metals",0.0
BE,Foundry work services,216875.6119456747
BE,"Fabricated metal products, except machinery and equipment (28)",16521.60050793875
BE,Machinery and equipment n.e.c. (29),6891.257590872699
BE,Office machinery and computers (30),15644.149940932124
BE,Electrical machinery and apparatus n.e.c. (31),10910.557029672635
BE,"Radio, television and communication equipment and apparatus (32)",7898.043450887183
BE,"Medical, precision and optical instruments, watches and clocks (33)",33871.518260386285
BE,"Motor vehicles, trailers and semi-trailers (34)",2763.589265437376
BE,Other transport equipment (35),14442.846470357284
BE,Furniture; other manufactured goods n.e.c. (36),87401.74751382433
BE,Secondary raw materials,86867.6623263899
BE,"Bottles for treatment, Recycling of bottles by direct reuse",0.0
BE,Electricity by coal,770916.9367061872
BE,Electricity by gas,10887222.611034364
BE,Electricity by nuclear,1965.3865788044068
BE,Electricity by hydro,22765.127691109297
BE,Electricity by wind,10795.003129333207
BE,Electricity by petroleum and other oil derivatives,5471311.102652564
BE,Electricity by biomass and waste,8742146.379233168
BE,Electricity by solar photovoltaic,9374.097297312841
BE,Electricity by solar thermal,0.0
BE,"Electricity by tide, wave, ocean",44515.50904354482
BE,Electricity by Geothermal,82869.92849474867
BE,Electricity nec,1087148.9171047413
BE,Transmission services of electricity,6433.240153626887
BE,Distribution and trade services of electricity,5110.722834622174
BE,Coke oven gas,1173735.9202508726
BE,Blast Furnace Gas,387217.59465065086
BE,Oxygen Steel Furnace Gas,0.0
BE,Gas Works Gas,1259954.7929356704
BE,Biogas,1006694.6099090461
BE,Distribution services of gaseous fuels through mains,958278.2708974609
BE,Steam and hot water supply services,6019584.656157966
BE,"Collected and purified water, distribution services of water (41)",54347.022778890016
BE,Construction work (45),7589.07510846123
BE,"Secondary construction material for treatment, Re-processing of secondary construction material into aggregates",0.0
BE,"Sale, maintenance, repair of motor vehicles, motor vehicles parts, motorcycles, motor cycles parts and accessoiries",15885.886370821538
BE,Retail trade services of motor fuel,1208.2875833285952
BE,"Wholesale trade and commission trade services, except of motor vehicles and motorcycles (51)",103146.51165220172
BE,"Retail  trade services, except of motor vehicles and motorcycles; repair services of personal and household goods (52)",2818.531744039533
BE,Hotel and restaurant services (55),7996.364398078678
BE,Railway transportation services,37755.67197011493
BE,Other land transportation services,24377.271712584105
BE,Transportation services via pipelines,57182.85044159852
BE,Sea and coastal water transportation services,523887.35877158336
BE,Inland water transportation services,127827.12177552129
BE,Air transport services (62),498751.75499924493
BE,Supporting and auxiliary transport services; travel agency services (63),19056.3680155936
BE,Post and telecommunication services (64),3666.3575997605312
BE,"Financial intermediation services, except insurance and pension funding services (65)",1847.103183857834
BE,"Insurance and pension funding services, except compulsory social security services (66)",1670.2666452528758
BE,Services auxiliary to financial intermediation (67),8228.622517057915
BE,Real estate services (70),2171.5015205884883
BE,Renting services of machinery and equipment without operator and of personal and household goods (71),55489.04358982314
BE,Computer and related services (72),18511.955413832293
BE,Research and development services (73),92732.11993816125
BE,Other business services (74),14378.138756233015
BE,Public administration and defence services; compulsory social security services (75),24335.27107132655
BE,Education services (80),2276.9197548427946
BE,Health and social work services (85),7691.854600841563
BE,Food waste for treatment: incineration,22128.45814132846
BE,Paper waste for treatment: incineration,24774.27446159025
BE,Plastic waste for treatment: incineration,148338.75542390748
BE,Intert/metal waste for treatment: incineration,33012.895010220636
BE,Textiles waste for treatment: incineration,16171.92026461588
BE,Wood waste for treatment: incineration,1884302.9851056444
BE,Oil/hazardous waste for treatment: incineration,26328.16147673799
BE,Food waste for treatment: biogasification and land application,21383.20348583009
BE,Paper waste for treatment: biogasification and land application,134214.76295165202
BE,Sewage sludge for treatment: biogasification and land application,23434.295465995434
BE,Food waste for treatment: composting and land application,59922.39135395197
BE,Paper and wood waste for treatment: composting and land application,956633.6481958532
BE,Food waste for treatment: waste water treatment,243423.2935811217
BE,Other waste for treatment: waste water treatment,172804.53822539584
BE,Food waste for treatment: landfill,278840.6669829188
BE,Paper for treatment: landfill,30469.87696822409
BE,Plastic waste for treatment: landfill,44556.275830606275
BE,Inert/metal/hazardous waste for treatment: landfill,34574.32242294576
BE,Textiles waste for treatment: landfill,193074.52210267147
BE,Wood waste for treatment: landfill,512285.14562410617
BE,Membership organisation services n.e.c. (91),5072.207874899551
BE,"Recreational, cultural and sporting services (92)",6107.139231922972
BE,Other services (93),13645.165645936831
BE,Private households with employed persons (95),0.0
BE,Extra-territorial organizations and bodies,0.0
BG,Paddy rice,87883.07960001272
BG,Wheat,1043304.7729062606
BG,Cereal grains nec,992149.5817828341
BG,"Vegetables, fruit, nuts",194508.8864213077
BG,Oil seeds,1380339.4434139694
BG,"Sugar cane, sugar beet",6882794.261534881
BG,Plant-based fibers,163411.79900735166
BG,Crops nec,72477.84420323498
BG,Cattle,2744533.6818917072
BG,Pigs,1320569.5853553673
BG,Poultry,764272.1536432109
BG,Meat animals nec,1786924.6643011337
BG,Animal products nec,978279.9891387629
BG,Raw milk,3663905.8753098194
BG,"Wool, silk-worm cocoons",288887.04196778056
BG,Manure (conventional treatment),0.0
BG,Manure (biogas treatment),0.0
BG,"Products of forestry, logging and related services (02)",232415.94585053407
BG,Fish and other fishing products; services incidental of fishing (05),54896.270973976134
BG,Anthracite,82507.3730812746
BG,Coking Coal,132943.56047343396
BG,Other Bituminous Coal,2873681.9165209355
BG,Sub-Bituminous Coal,2732.195389436212
BG,Patent Fuel,82507.88839310847
BG,Lignite/Brown Coal,3060051.06055054
BG,BKB/Peat Briquettes,3043056.313969638
BG,Peat,3226.1272793323924
BG,"Crude petroleum and services related to crude oil extraction, excluding surveying",308931.702740312
BG,"Natural gas and services related to natural gas extraction, excluding surveying",1243821.5574249632
BG,Natural Gas Liquids,588584.8538323377
BG,Other Hydrocarbons,43784.38760393992
BG,Uranium and thorium ores (12),95058.7439496379
BG,Iron ores,60104.70630364575
BG,Copper ores and concentrates,86305.71651837135
BG,Nickel ores and concentrates,90202.10699671735
BG,Aluminium ores and concentrates,90202.03535384184
BG,Precious metal ores and concentrates,100595.90641960208
BG,"Lead, zinc and tin ores and concentrates",1935511.5517330407
BG,Other non-ferrous metal ores and concentrates,134386.8507997561
BG,Stone,589285.5144176995
BG,Sand and clay,613784.3477954176
BG,"Chemical and fertilizer minerals, salt and other mining and quarrying products n.e.c.",115302.47100239876
BG,Products of meat cattle,78301.33706848382
BG,Products of meat pigs,59274.82491719916
BG,Products of meat poultry,94393.6595232583
BG,Meat products nec,70664.97522964155
BG,products of Vegetable oils and fats,70183.80668295527
BG,Dairy products,77310.770654291
BG,Processed rice,250511.47009843902
BG,Sugar,76577.76480590634
BG,Food products nec,237112.03224973177
BG,Beverages,193146.4124914182
BG,Fish products,470306.36342033366
BG,Tobacco products (16),36311.8657410619
BG,Textiles (17),736209.9522603174
BG,Wearing apparel; furs (18),62234.66330438607
BG,Leather and leather products (19),1005532.3759005616
BG,Wood and products of wood and cork (except furniture); articles of straw and plaiting materials (20),64557.383590239915
BG,"Wood material for treatment, Re-processing of secondary wood material into new wood material",0.0
BG,Pulp,113265.36850840464
BG,"Secondary paper for treatment, Re-processing of secondary paper into new pulp",0.0
BG,Paper and paper products,100660.06614233437
BG,Printed matter and recorded media (22),20908.644537268858
BG,Coke Oven Coke,0.0
BG,Gas Coke,0.0
BG,Coal Tar,0.0
BG,Motor Gasoline,382909.5444641176
BG,Aviation Gasoline,387931.2256636299
BG,Gasoline Type Jet Fuel,0.0
BG,Kerosene Type Jet Fuel,315475.7222017044
BG,Kerosene,387931.1617964592
BG,Gas/Diesel Oil,315847.5218016251
BG,Heavy Fuel Oil,456204.17782183463
BG,Refinery Gas,407750.5782529254
BG,Liquefied Petroleum Gases (LPG),512545.2910575118
BG,Refinery Feedstocks,392380.2469735008
BG,Ethane,0.0
BG,Naphtha,306128.6069886265
BG,White Spirit & SBP,387931.1955337196
BG,Lubricants,387931.14841535245
BG,Bitumen,457465.38856725546
BG,Paraffin Waxes,0.0
BG,Petroleum Coke,387931.1435640911
BG,Non-specified Petroleum Products,171439.83288133063
BG,Nuclear fuel,0.0
BG,"Plastics, basic",1564848.7793419636
BG,"Secondary plastic for treatment, Re-processing of secondary plastic into new plastic",0.0
BG,N-fertiliser,509972869.8976942
BG,P- and other fertiliser,521856.6038284699
BG,Chemicals nec,558051.9945197854
BG,Charcoal,1449898.3329889951
BG,Additives/Blending Components,1443690.5194993517
BG,Biogasoline,1443689.0119869383
BG,Biodiesels,1446449.3538585298
BG,Other Liquid Biofuels,1000663.5304068117
BG,Rubber and plastic products (25),64462.53447342252
BG,Glass and glass products,655736.3758629496
BG,"Secondary glass for treatment, Re-processing of secondary glass into new glass",0.0
BG,Ceramic goods,908240.5951948694
BG,"Bricks, tiles and construction products, in baked clay",1392202.6696591636
BG,"Cement, lime and plaster",459564.0151303783
BG,"Ash for treatment, Re-processing of ash into clinker",0.0
BG,Other non-metallic mineral products,330035.35808182025
BG,Basic iron and steel and of ferro-alloys and first products thereof,74220.69615567867
BG,"Secondary steel for treatment, Re-processing of secondary steel into new steel",0.0
BG,Precious metals,693486.008720175
BG,"Secondary preciuos metals for treatment, Re-processing of secondary preciuos metals into new preciuos metals",0.0
BG,Aluminium and aluminium products,58390.78501921247
BG,"Secondary aluminium for treatment, Re-processing of secondary aluminium into new aluminium",0.0
BG,"Lead, zinc and tin and products thereof",48371.88799337063
BG,"Secondary lead for treatment, Re-processing of secondary lead into new lead",0.0
BG,Copper products,42843.893191917465
BG,"Secondary copper for treatment, Re-processing of secondary copper into new copper",0.0
BG,Other non-ferrous metal products,79225.3286568182
BG,"Secondary other non-ferrous metals for treatment, Re-processing of secondary other non-ferrous metals into new other non-ferrous metals",0.0
BG,Foundry work services,915902.680376281
BG,"Fabricated metal products, except machinery and equipment (28)",105582.00132722387
BG,Machinery and equipment n.e.c. (29),46037.46836393399
BG,Office machinery and computers (30),38331.3747566944
BG,Electrical machinery and apparatus n.e.c. (31),26922.651048698575
BG,"Radio, television and communication equipment and apparatus (32)",24358.122595066405
BG,"Medical, precision and optical instruments, watches and clocks (33)",41425.83148846291
BG,"Motor vehicles, trailers and semi-trailers (34)",9359.109593081988
BG,Other transport equipment (35),61406.756246925586
BG,Furniture; other manufactured goods n.e.c. (36),136446.3659244431
BG,Secondary raw materials,84224.46278972883
BG,"Bottles for treatment, Recycling of bottles by direct reuse",0.0
BG,Electricity by coal,26589169.956095733
BG,Electricity by gas,2385869.5075087375
BG,Electricity by nuclear,68.91843545096626
BG,Electricity by hydro,7538.938233908416
BG,Electricity by wind,83706.59414864285
BG,Electricity by petroleum and other oil derivatives,156934.31098580983
BG,Electricity by biomass and waste,2771229.669742936
BG,Electricity by solar photovoltaic,1342.5913996386853
BG,Electricity by solar thermal,0.0
BG,"Electricity by tide, wave, ocean",43809.67292008471
BG,Electricity by Geothermal,2845255.400667209
BG,Electricity nec,48182.74251474435
BG,Transmission services of electricity,105.32540311873566
BG,Distribution and trade services of electricity,146.29048098910937
BG,Coke oven gas,46149.13242071215
BG,Blast Furnace Gas,49229.736336033704
BG,Oxygen Steel Furnace Gas,3067362.2485397425
BG,Gas Works Gas,3066961.5847299276
BG,Biogas,233988.73136467056
BG,Distribution services of gaseous fuels through mains,625708.4869162816
BG,Steam and hot water supply services,1840654.6023922595
BG,"Collected and purified water, distribution services of water (41)",131264.23191300727
BG,Construction work (45),89961.16701543513
BG,"Secondary construction material for treatment, Re-processing of secondary construction material into aggregates",0.0
BG,"Sale, maintenance, repair of motor vehicles, motor vehicles parts, motorcycles, motor cycles parts and accessoiries",67232.82556361263
BG,Retail trade services of motor fuel,52946.7482906363
BG,"Wholesale trade and commission trade services, except of motor vehicles and motorcycles (51)",137756.28409749435
BG,"Retail  trade services, except of motor vehicles and motorcycles; repair services of personal and household goods (52)",66141.62714646825
BG,Hotel and restaurant services (55),44392.35164651221
BG,Railway transportation services,198730.59952084997
BG,Other land transportation services,158509.17569853057
BG,Transportation services via pipelines,622093.8417347668
BG,Sea and coastal water transportation services,2626884.3530546534
BG,Inland water transportation services,57740.483957038894
BG,Air transport services (62),209546.69842307354
BG,Supporting and auxiliary transport services; travel agency services (63),49051.30062824146
BG,Post and telecommunication services (64),10097.446389817824
BG,"Financial intermediation services, except insurance and pension funding services (65)",4383.672425304274
BG,"Insurance and pension funding services, except compulsory social security services (66)",2958.3234737814005
BG,Services auxiliary to financial intermediation (67),3866.187870591941
BG,Real estate services (70),18703.251013945574
BG,Renting services of machinery and equipment without operator and of personal and household goods (71),23606.406737867463
BG,Computer and related services (72),11916.236077008742
BG,Research and development services (73),40594.03240736626
BG,Other business services (74),17661.747481557817
BG,Public administration and defence services; compulsory social security services (75),18440.62457687369
BG,Education services (80),18984.35636262057
BG,Health and social work services (85),55922.47792641957
BG,Food waste for treatment: incineration,2409897.4059342365
BG,Paper waste for treatment: incineration,1103715.720328324
BG,Plastic waste for treatment: incineration,2465033.1944411276
BG,Intert/metal waste for treatment: incineration,1087888.7706950405
BG,Textiles waste for treatment: incineration,2437300.6558474083
BG,Wood waste for treatment: incineration,2492158.2842535726
BG,Oil/hazardous waste for treatment: incineration,977096.3013389615
BG,Food waste for treatment: biogasification and land application,385580.6522331068
BG,Paper waste for treatment: biogasification and land application,383976.6199463346
BG,Sewage sludge for treatment: biogasification and land application,290805.8583141118
BG,Food waste for treatment: composting and land application,2838060.40822898
BG,Paper and wood waste for treatment: composting and land application,26417.49297368422
BG,Food waste for treatment: waste water treatment,102709.60306884411
BG,Other waste for treatment: waste water treatment,976543.5105285972
BG,Food waste for treatment: landfill,72368.63822824079
BG,Paper for treatment: landfill,72691.53480043753
BG,Plastic waste for treatment: landfill,1748662.1633331801
BG,Inert/metal/hazardous waste for treatment: landfill,73086.57873115841
BG,Textiles waste for treatment: landfill,72429.52091092066
BG,Wood waste for treatment: landfill,73339.14723139688
BG,Membership organisation services n.e.c. (91),13.274375994091761
BG,"Recreational, cultural and sporting services (92)",2413.5564038491243
BG,Other services (93),8976.79405615941
BG,Private households with employed persons (95),0.0
BG,Extra-territorial organizations and bodies,0.0
CY,Paddy rice,0.0
CY,Wheat,3285820.9054334615
CY,Cereal grains nec,1797208.9070514385
CY,"Vegetables, fruit, nuts",411201.50095281337
CY,Oil seeds,43848.12738768052
CY,"Sugar cane, sugar beet",33003.02274329674
CY,Plant-based fibers,43742.74094122112
CY,Crops nec,43974.14768120891
CY,Cattle,2692612.9282926554
CY,Pigs,314416.64331374073
CY,Poultry,215108.68311553242
CY,Meat animals nec,646553.2008140372
CY,Animal products nec,937215.7836741728
CY,Raw milk,1170313.6236175743
CY,"Wool, silk-worm cocoons",31711.45522585351
CY,Manure (conventional treatment),0.0
CY,Manure (biogas treatment),0.0
CY,"Products of forestry, logging and related services (02)",57375.56924662324
CY,Fish and other fishing products; services incidental of fishing (05),117706.49842321199
CY,Anthracite,0.0
CY,Coking Coal,1621573.393028228
CY,Other Bituminous Coal,1059825.108776083
CY,Sub-Bituminous Coal,671727.8876474736
CY,Patent Fuel,0.0
CY,Lignite/Brown Coal,1070029.6516086177
CY,BKB/Peat Briquettes,0.0
CY,Peat,0.0
CY,"Crude petroleum and services related to crude oil extraction, excluding surveying",672291.7227286927
CY,"Natural gas and services related to natural gas extraction, excluding surveying",1321505.0032185353
CY,Natural Gas Liquids,0.0
CY,Other Hydrocarbons,710737.9273632399
CY,Uranium and thorium ores (12),2226117.7028749078
CY,Iron ores,1557743.1869822145
CY,Copper ores and concentrates,196740.69821178337
CY,Nickel ores and concentrates,1880587.4797775433
CY,Aluminium ores and concentrates,612363.3581609353
CY,Precious metal ores and concentrates,1844569.3849298358
CY,"Lead, zinc and tin ores and concentrates",1908519.589730478
CY,Other non-ferrous metal ores and concentrates,1023342.8424704778
CY,Stone,185341.08262777646
CY,Sand and clay,4162646.5228094235
CY,"Chemical and fertilizer minerals, salt and other mining and quarrying products n.e.c.",2416400.970805283
CY,Products of meat cattle,18906.212228056727
CY,Products of meat pigs,72062.66132143016
CY,Products of meat poultry,14198.612408428926
CY,Meat products nec,9121.50966709948
CY,products of Vegetable oils and fats,923548.9422393474
CY,Dairy products,70366.9662750497
CY,Processed rice,28943.11632548328
CY,Sugar,13838.804144312076
CY,Food products nec,77102.6210729353
CY,Beverages,31006.644035794547
CY,Fish products,57931.03621943007
CY,Tobacco products (16),24800.28044010511
CY,Textiles (17),2128.799388433177
CY,Wearing apparel; furs (18),10874.627373747158
CY,Leather and leather products (19),8403.424646637497
CY,Wood and products of wood and cork (except furniture); articles of straw and plaiting materials (20),23930.765111251978
CY,"Wood material for treatment, Re-processing of secondary wood material into new wood material",0.0
CY,Pulp,3216.619774734375
CY,"Secondary paper for treatment, Re-processing of secondary paper into new pulp",0.0
CY,Paper and paper products,2529.2447259263763
CY,Printed matter and recorded media (22),2309.0576273761176
CY,Coke Oven Coke,0.0
CY,Gas Coke,0.0
CY,Coal Tar,0.0
CY,Motor Gasoline,88228.03447600668
CY,Aviation Gasoline,11937.533688702444
CY,Gasoline Type Jet Fuel,0.0
CY,Kerosene Type Jet Fuel,11937.59124394873
CY,Kerosene,0.0
CY,Gas/Diesel Oil,11937.569309383081
CY,Heavy Fuel Oil,11937.534863987421
CY,Refinery Gas,0.0
CY,Liquefied Petroleum Gases (LPG),0.0
CY,Refinery Feedstocks,0.0
CY,Ethane,0.0
CY,Naphtha,0.0
CY,White Spirit & SBP,0.0
CY,Lubricants,11938.21884053173
CY,Bitumen,0.0
CY,Paraffin Waxes,0.0
CY,Petroleum Coke,0.0
CY,Non-specified Petroleum Products,0.0
CY,Nuclear fuel,1.4024318875834229e-05
CY,"Plastics, basic",49813.32388671723
CY,"Secondary plastic for treatment, Re-processing of secondary plastic into new plastic",0.0
CY,N-fertiliser,1200576.1865773792
CY,P- and other fertiliser,120622.17551833334
CY,Chemicals nec,25089.41697772694
CY,Charcoal,22285.022657358062
CY,Additives/Blending Components,1449246.7920724778
CY,Biogasoline,810711.0455848172
CY,Biodiesels,147781.669816793
CY,Other Liquid Biofuels,1366932.771010556
CY,Rubber and plastic products (25),67257.56068596375
CY,Glass and glass products,1362496.502039087
CY,"Secondary glass for treatment, Re-processing of secondary glass into new glass",0.0
CY,Ceramic goods,41105.345414615644
CY,"Bricks, tiles and construction products, in baked clay",2419892.7583834734
CY,"Cement, lime and plaster",552160.6877073521
CY,"Ash for treatment, Re-processing of ash into clinker",0.0
CY,Other non-metallic mineral products,682828.0903520873
CY,Basic iron and steel and of ferro-alloys and first products thereof,3305.5355190029736
CY,"Secondary steel for treatment, Re-processing of secondary steel into new steel",0.0
CY,Precious metals,4358.212236019341
CY,"Secondary preciuos metals for treatment, Re-processing of secondary preciuos metals into new preciuos metals",0.0
CY,Aluminium and aluminium products,82112.86986211163
CY,"Secondary aluminium for treatment, Re-processing of secondary aluminium into new aluminium",0.0
CY,"Lead, zinc and tin and products thereof",36859.7821159488
CY,"Secondary lead for treatment, Re-processing of secondary lead into new lead",0.0
CY,Copper products,26171.912657157874
CY,"Secondary copper for treatment, Re-processing of secondary copper into new copper",0.0
CY,Other non-ferrous metal products,10136.185349411304
CY,"Secondary other non-ferrous metals for treatment, Re-processing of secondary other non-ferrous metals into new other non-ferrous metals",0.0
CY,Foundry work services,90027.46002709116
CY,"Fabricated metal products, except machinery and equipment (28)",16869.318908172405
CY,Machinery and equipment n.e.c. (29),8217.812521108297
CY,Office machinery and computers (30),62.417519199735175
CY,Electrical machinery and apparatus n.e.c. (31),648.4418624755347
CY,"Radio, television and communication equipment and apparatus (32)",861.1382304314168
CY,"Medical, precision and optical instruments, watches and clocks (33)",2910.4557922360773
CY,"Motor vehicles, trailers and semi-trailers (34)",3612.419476732541
CY,Other transport equipment (35),43523.89419359068
CY,Furniture; other manufactured goods n.e.c. (36),36492.19264935145
CY,Secondary raw materials,48321.445797621105
CY,"Bottles for treatment, Recycling of bottles by direct reuse",0.0
CY,Electricity by coal,27630.23178693586
CY,Electricity by gas,89271.43793969441
CY,Electricity by nuclear,88768.53502261412
CY,Electricity by hydro,86621.87435412666
CY,Electricity by wind,61.181235561934535
CY,Electricity by petroleum and other oil derivatives,6591422.308839148
CY,Electricity by biomass and waste,60.51664842734322
CY,Electricity by solar photovoltaic,0.9443521625203213
CY,Electricity by solar thermal,2633.930646586782
CY,"Electricity by tide, wave, ocean",3176.6152474628257
CY,Electricity by Geothermal,24928.07647168916
CY,Electricity nec,107938.7389879273
CY,Transmission services of electricity,95.74667876361075
CY,Distribution and trade services of electricity,156.30565475731936
CY,Coke oven gas,54934.53856762396
CY,Blast Furnace Gas,46989.906724185515
CY,Oxygen Steel Furnace Gas,26027.49791098033
CY,Gas Works Gas,71065.66451495136
CY,Biogas,31.727682327397538
CY,Distribution services of gaseous fuels through mains,17730.590327868053
CY,Steam and hot water supply services,11456.416571043244
CY,"Collected and purified water, distribution services of water (41)",131755.85394629044
CY,Construction work (45),10506.368712724197
CY,"Secondary construction material for treatment, Re-processing of secondary construction material into aggregates",0.0
CY,"Sale, maintenance, repair of motor vehicles, motor vehicles parts, motorcycles, motor cycles parts and accessoiries",12849.27485820317
CY,Retail trade services of motor fuel,225245.54324801842
CY,"Wholesale trade and commission trade services, except of motor vehicles and motorcycles (51)",9958.20406881494
CY,"Retail  trade services, except of motor vehicles and motorcycles; repair services of personal and household goods (52)",9767.373102876812
CY,Hotel and restaurant services (55),6897.542906229
CY,Railway transportation services,13351.609026541357
CY,Other land transportation services,135264.34058944415
CY,Transportation services via pipelines,1430.7087604905169
CY,Sea and coastal water transportation services,2354994.992710176
CY,Inland water transportation services,4104.2861045123545
CY,Air transport services (62),33852.302730328905
CY,Supporting and auxiliary transport services; travel agency services (63),33.11438743038384
CY,Post and telecommunication services (64),319.44378226688804
CY,"Financial intermediation services, except insurance and pension funding services (65)",477.6381464665574
CY,"Insurance and pension funding services, except compulsory social security services (66)",148856.39576714672
CY,Services auxiliary to financial intermediation (67),1324.070672534103
CY,Real estate services (70),2473.883180353523
CY,Renting services of machinery and equipment without operator and of personal and household goods (71),570.5584734992686
CY,Computer and related services (72),1002.2670590532528
CY,Research and development services (73),185896.61173600773
CY,Other business services (74),1292.0126315201355
CY,Public administration and defence services; compulsory social security services (75),43716.47301692195
CY,Education services (80),3030.151948391714
CY,Health and social work services (85),1945.8012286004405
CY,Food waste for treatment: incineration,97103.23756508793
CY,Paper waste for treatment: incineration,115123.27103434125
CY,Plastic waste for treatment: incineration,117738.41995775049
CY,Intert/metal waste for treatment: incineration,66863.08278287247
CY,Textiles waste for treatment: incineration,232222.50868239408
CY,Wood waste for treatment: incineration,121762.06366045061
CY,Oil/hazardous waste for treatment: incineration,1325906.1112815277
CY,Food waste for treatment: biogasification and land application,41422.521316266764
CY,Paper waste for treatment: biogasification and land application,36907.49321911622
CY,Sewage sludge for treatment: biogasification and land application,58094.28250547523
CY,Food waste for treatment: composting and land application,34338.68308943394
CY,Paper and wood waste for treatment: composting and land application,50809.701675573335
CY,Food waste for treatment: waste water treatment,493518.42363366036
CY,Other waste for treatment: waste water treatment,2629268.912408144
CY,Food waste for treatment: landfill,567640.5049421157
CY,Paper for treatment: landfill,15769.52408192899
CY,Plastic waste for treatment: landfill,19667.682791935185
CY,Inert/metal/hazardous waste for treatment: landfill,28597.385075491886
CY,Textiles waste for treatment: landfill,11859.741806599435
CY,Wood waste for treatment: landfill,9913.043797154829
CY,Membership organisation services n.e.c. (91),4703.2059700807695
CY,"Recreational, cultural and sporting services (92)",2148.7153456542896
CY,Other services (93),2396.3750263500506
CY,Private households with employed persons (95),1.8217466712354916e-07
CY,Extra-territorial organizations and bodies,0.0
CZ,Paddy rice,292911.63867042
CZ,Wheat,874049.65251384
CZ,Cereal grains nec,1035461.6980648054
CZ,"Vegetables, fruit, nuts",309251.7786703047
CZ,Oil seeds,762872.9392998446
CZ,"Sugar cane, sugar beet",733979.1701629766
CZ,Plant-based fibers,496154.1799215256
CZ,Crops nec,59848.86981565505
CZ,Cattle,3683714.515207642
CZ,Pigs,337047.3350155569
CZ,Poultry,215386.56259484155
CZ,Meat animals nec,588086.2122573671
CZ,Animal products nec,522541.2820686385
CZ,Raw milk,1292695.7563255879
CZ,"Wool, silk-worm cocoons",5268.748779266672
CZ,Manure (conventional treatment),0.0
CZ,Manure (biogas treatment),0.0
CZ,"Products of forestry, logging and related services (02)",144132.56590524793
CZ,Fish and other fishing products; services incidental of fishing (05),73451.24138308126
CZ,Anthracite,298555.1764818092
CZ,Coking Coal,692773.8744745947
CZ,Other Bituminous Coal,693321.8222651792
CZ,Sub-Bituminous Coal,27619.73374473622
CZ,Patent Fuel,1173936.571702881
CZ,Lignite/Brown Coal,694072.5754069146
CZ,BKB/Peat Briquettes,553195.718040248
CZ,Peat,1053678.228744989
CZ,"Crude petroleum and services related to crude oil extraction, excluding surveying",216554.00114167685
CZ,"Natural gas and services related to natural gas extraction, excluding surveying",176948.91605235043
CZ,Natural Gas Liquids,2375697.6261939136
CZ,Other Hydrocarbons,2854245.905125697
CZ,Uranium and thorium ores (12),9500719.070148857
CZ,Iron ores,1129645.7108823287
CZ,Copper ores and concentrates,3836692.316772369
CZ,Nickel ores and concentrates,408864.43021071615
CZ,Aluminium ores and concentrates,1144875.808614591
CZ,Precious metal ores and concentrates,396366.54892105365
CZ,"Lead, zinc and tin ores and concentrates",1423269.2524525248
CZ,Other non-ferrous metal ores and concentrates,1286130.2348407242
CZ,Stone,1457025.6875058094
CZ,Sand and clay,206842.4826844821
CZ,"Chemical and fertilizer minerals, salt and other mining and quarrying products n.e.c.",428675.3012002296
CZ,Products of meat cattle,44034.97325270758
CZ,Products of meat pigs,166647.15656995858
CZ,Products of meat poultry,36389.82709440996
CZ,Meat products nec,109719.9375044745
CZ,products of Vegetable oils and fats,275102.5435755002
CZ,Dairy products,69213.2809228057
CZ,Processed rice,215448.18754586976
CZ,Sugar,596804.940549844
CZ,Food products nec,88651.12124231785
CZ,Beverages,193923.8573511949
CZ,Fish products,1855804.2126010885
CZ,Tobacco products (16),104329.81337716979
CZ,Textiles (17),145550.99639110852
CZ,Wearing apparel; furs (18),54389.9894605026
CZ,Leather and leather products (19),123217.05644552267
CZ,Wood and products of wood and cork (except furniture); articles of straw and plaiting materials (20),55723.321477197926
CZ,"Wood material for treatment, Re-processing of secondary wood material into new wood material",0.0
CZ,Pulp,126576.36575123631
CZ,"Secondary paper for treatment, Re-processing of secondary paper into new pulp",0.0
CZ,Paper and paper products,51718.30597976765
CZ,Printed matter and recorded media (22),27117.327324934777
CZ,Coke Oven Coke,280823.127837819
CZ,Gas Coke,0.0
CZ,Coal Tar,379975.4875937686
CZ,Motor Gasoline,367203.1891628353
CZ,Aviation Gasoline,14221773.575734112
CZ,Gasoline Type Jet Fuel,0.0
CZ,Kerosene Type Jet Fuel,250514.16441572146
CZ,Kerosene,972390.7987023355
CZ,Gas/Diesel Oil,406166.9936077939
CZ,Heavy Fuel Oil,187480.43368333668
CZ,Refinery Gas,2820526.284460878
CZ,Liquefied Petroleum Gases (LPG),210877.83736547024
CZ,Refinery Feedstocks,279396.63805645367
CZ,Ethane,0.0
CZ,Naphtha,230242.7598195081
CZ,White Spirit & SBP,14192342.61834385
CZ,Lubricants,1221929.6487686073
CZ,Bitumen,447564.5710738353
CZ,Paraffin Waxes,224745.84996294993
CZ,Petroleum Coke,4162546.83249773
CZ,Non-specified Petroleum Products,206281.75481662247
CZ,Nuclear fuel,3517.0098992852663
CZ,"Plastics, basic",234701.30496978064
CZ,"Secondary plastic for treatment, Re-processing of secondary plastic into new plastic",0.0
CZ,N-fertiliser,463621.24245842913
CZ,P- and other fertiliser,210970.82991499183
CZ,Chemicals nec,32581.218828424287
CZ,Charcoal,387878.2781581328
CZ,Additives/Blending Components,146704.43583032629
CZ,Biogasoline,3769237.628882009
CZ,Biodiesels,187271.7639477163
CZ,Other Liquid Biofuels,450110.44292101054
CZ,Rubber and plastic products (25),49509.780987107064
CZ,Glass and glass products,466706.19842641806
CZ,"Secondary glass for treatment, Re-processing of secondary glass into new glass",0.0
CZ,Ceramic goods,373448.8755498458
CZ,"Bricks, tiles and construction products, in baked clay",324029.23801864305
CZ,"Cement, lime and plaster",539650.9249385325
CZ,"Ash for treatment, Re-processing of ash into clinker",0.0
CZ,Other non-metallic mineral products,506935.8549549459
CZ,Basic iron and steel and of ferro-alloys and first products thereof,567082.0686355655
CZ,"Secondary steel for treatment, Re-processing of secondary steel into new steel",0.0
CZ,Precious metals,31866.011642421683
CZ,"Secondary preciuos metals for treatment, Re-processing of secondary preciuos metals into new preciuos metals",0.0
CZ,Aluminium and aluminium products,133427.65799926582
CZ,"Secondary aluminium for treatment, Re-processing of secondary aluminium into new aluminium",0.0
CZ,"Lead, zinc and tin and products thereof",148523.57456758438
CZ,"Secondary lead for treatment, Re-processing of secondary lead into new lead",0.0
CZ,Copper products,370819.02508335485
CZ,"Secondary copper for treatment, Re-processing of secondary copper into new copper",0.0
CZ,Other non-ferrous metal products,62512.25425527474
CZ,"Secondary other non-ferrous metals for treatment, Re-processing of secondary other non-ferrous metals into new other non-ferrous metals",0.0
CZ,Foundry work services,259734.45209900293
CZ,"Fabricated metal products, except machinery and equipment (28)",22281.52705386345
CZ,Machinery and equipment n.e.c. (29),10661.332482572549
CZ,Office machinery and computers (30),4920.166077651569
CZ,Electrical machinery and apparatus n.e.c. (31),179139.42124740465
CZ,"Radio, television and communication equipment and apparatus (32)",46617.370742047744
CZ,"Medical, precision and optical instruments, watches and clocks (33)",80225.93507898023
CZ,"Motor vehicles, trailers and semi-trailers (34)",24129.711911724222
CZ,Other transport equipment (35),41619.35847498081
CZ,Furniture; other manufactured goods n.e.c. (36),121444.38197336248
CZ,Secondary raw materials,170867.34899055184
CZ,"Bottles for treatment, Recycling of bottles by direct reuse",0.0
CZ,Electricity by coal,11547962.33374248
CZ,Electricity by gas,3935735.9436316844
CZ,Electricity by nuclear,3109.6433371089634
CZ,Electricity by hydro,12417.307731717825
CZ,Electricity by wind,119.50938091539514
CZ,Electricity by petroleum and other oil derivatives,1301438.8112233654
CZ,Electricity by biomass and waste,357328.48924064083
CZ,Electricity by solar photovoltaic,13302.52659532269
CZ,Electricity by solar thermal,0.0
CZ,"Electricity by tide, wave, ocean",0.0
CZ,Electricity by Geothermal,0.0
CZ,Electricity nec,205574.33972353858
CZ,Transmission services of electricity,2281.753725142848
CZ,Distribution and trade services of electricity,815.0626090045578
CZ,Coke oven gas,2375893.201213655
CZ,Blast Furnace Gas,1319273.1382087322
CZ,Oxygen Steel Furnace Gas,3100437.8707191865
CZ,Gas Works Gas,2250706.5193295856
CZ,Biogas,2194589.716530144
CZ,Distribution services of gaseous fuels through mains,534903.8795504916
CZ,Steam and hot water supply services,1084672.5565906588
CZ,"Collected and purified water, distribution services of water (41)",45393.98876185602
CZ,Construction work (45),38876.122374873776
CZ,"Secondary construction material for treatment, Re-processing of secondary construction material into aggregates",0.0
CZ,"Sale, maintenance, repair of motor vehicles, motor vehicles parts, motorcycles, motor cycles parts and accessoiries",116014.03899281636
CZ,Retail trade services of motor fuel,30779.208968746272
CZ,"Wholesale trade and commission trade services, except of motor vehicles and motorcycles (51)",71885.36728675637
CZ,"Retail  trade services, except of motor vehicles and motorcycles; repair services of personal and household goods (52)",33575.1840891278
CZ,Hotel and restaurant services (55),26680.96732700825
CZ,Railway transportation services,480919.7701478929
CZ,Other land transportation services,106954.37103760226
CZ,Transportation services via pipelines,101851.39630147601
CZ,Sea and coastal water transportation services,111303.29745127347
CZ,Inland water transportation services,49632.118929363605
CZ,Air transport services (62),475711.41623188934
CZ,Supporting and auxiliary transport services; travel agency services (63),42125.100489529425
CZ,Post and telecommunication services (64),17397.036686762232
CZ,"Financial intermediation services, except insurance and pension funding services (65)",3533.848373971732
CZ,"Insurance and pension funding services, except compulsory social security services (66)",108297.28267860916
CZ,Services auxiliary to financial intermediation (67),3331.5862271125484
CZ,Real estate services (70),64322.614357706254
CZ,Renting services of machinery and equipment without operator and of personal and household goods (71),63566.93945314283
CZ,Computer and related services (72),14413.682171451426
CZ,Research and development services (73),103692.60930037685
CZ,Other business services (74),129947.53685733848
CZ,Public administration and defence services; compulsory social security services (75),25339.681829300214
CZ,Education services (80),7116.0960107009305
CZ,Health and social work services (85),6095.580063723689
CZ,Food waste for treatment: incineration,85277.39857233694
CZ,Paper waste for treatment: incineration,83089.66250662666
CZ,Plastic waste for treatment: incineration,660191.6772442688
CZ,Intert/metal waste for treatment: incineration,113586.66030893892
CZ,Textiles waste for treatment: incineration,165424.44237817428
CZ,Wood waste for treatment: incineration,85601.7218361717
CZ,Oil/hazardous waste for treatment: incineration,79289.27267615277
CZ,Food waste for treatment: biogasification and land application,1629377.5625335323
CZ,Paper waste for treatment: biogasification and land application,1631210.5849252879
CZ,Sewage sludge for treatment: biogasification and land application,57888.33344156369
CZ,Food waste for treatment: composting and land application,155811.48484239317
CZ,Paper and wood waste for treatment: composting and land application,1843730.518687524
CZ,Food waste for treatment: waste water treatment,1153616.291508345
CZ,Other waste for treatment: waste water treatment,910294.198623983
CZ,Food waste for treatment: landfill,196274.2714038097
CZ,Paper for treatment: landfill,100473.21044441566
CZ,Plastic waste for treatment: landfill,257780.0688526605
CZ,Inert/metal/hazardous waste for treatment: landfill,108237.4264298752
CZ,Textiles waste for treatment: landfill,66519.2421893349
CZ,Wood waste for treatment: landfill,71793.5204664697
CZ,Membership organisation services n.e.c. (91),33306.42067157631
CZ,"Recreational, cultural and sporting services (92)",17406.535394322687
CZ,Other services (93),20984.499388492877
CZ,Private households with employed persons (95),223564.3293032512
CZ,Extra-territorial organizations and bodies,0.0
DE,Paddy rice,0.0
DE,Wheat,912756.0791417782
DE,Cereal grains nec,1012719.7613305154
DE,"Vegetables, fruit, nuts",149356.2349406899
DE,Oil seeds,1014129.3219221119
DE,"Sugar cane, sugar beet",706887.8650505749
DE,Plant-based fibers,0.0
DE,Crops nec,970411.4641980315
DE,Cattle,2690847.327315793
DE,Pigs,726875.085724311
DE,Poultry,352866.17889720213
DE,Meat animals nec,1093999.7894858927
DE,Animal products nec,2408635.4924765797
DE,Raw milk,2530016.7285328903
DE,"Wool, silk-worm cocoons",9414.916936057378
DE,Manure (conventional treatment),0.0
DE,Manure (biogas treatment),0.0
DE,"Products of forestry, logging and related services (02)",146562.43372991972
DE,Fish and other fishing products; services incidental of fishing (05),247825.71903589022
DE,Anthracite,0.0
DE,Coking Coal,0.0
DE,Other Bituminous Coal,0.0
DE,Sub-Bituminous Coal,0.0
DE,Patent Fuel,0.0
DE,Lignite/Brown Coal,751197.5808143849
DE,BKB/Peat Briquettes,612835.9074323516
DE,Peat,0.0
DE,"Crude petroleum and services related to crude oil extraction, excluding surveying",522083.7970415366
DE,"Natural gas and services related to natural gas extraction, excluding surveying",131730.0215143425
DE,Natural Gas Liquids,0.0
DE,Other Hydrocarbons,0.0
DE,Uranium and thorium ores (12),133884.72514449133
DE,Iron ores,36327.22106473922
DE,Copper ores and concentrates,185966.70699062163
DE,Nickel ores and concentrates,185966.7030141365
DE,Aluminium ores and concentrates,185966.7017344231
DE,Precious metal ores and concentrates,185966.70361908968
DE,"Lead, zinc and tin ores and concentrates",1189652.9809068807
DE,Other non-ferrous metal ores and concentrates,81242.4618363822
DE,Stone,146016.05483524874
DE,Sand and clay,526082.1258392837
DE,"Chemical and fertilizer minerals, salt and other mining and quarrying products n.e.c.",363610.88734213734
DE,Products of meat cattle,15350.145744447434
DE,Products of meat pigs,11039.027724159034
DE,Products of meat poultry,6902.609699140927
DE,Meat products nec,30236.610516159366
DE,products of Vegetable oils and fats,24816.44150955523
DE,Dairy products,75303.82170656123
DE,Processed rice,42747.67448200054
DE,Sugar,20340.18897212409
DE,Food products nec,46313.50074972642
DE,Beverages,109436.0854623947
DE,Fish products,117206.65603589275
DE,Tobacco products (16),31934.429399434128
DE,Textiles (17),27009.08987176588
DE,Wearing apparel; furs (18),4093.094122072399
DE,Leather and leather products (19),3334.3531095402077
DE,Wood and products of wood and cork (except furniture); articles of straw and plaiting materials (20),82987.53825196634
DE,"Wood material for treatment, Re-processing of secondary wood material into new wood material",0.0
DE,Pulp,218682.87502315833
DE,"Secondary paper for treatment, Re-processing of secondary paper into new pulp",0.0
DE,Paper and paper products,32104.988864300954
DE,Printed matter and recorded media (22),5063.1562377444725
DE,Coke Oven Coke,8645628.718844406
DE,Gas Coke,0.0
DE,Coal Tar,0.0
DE,Motor Gasoline,406417.2228230253
DE,Aviation Gasoline,424528.8850151711
DE,Gasoline Type Jet Fuel,0.0
DE,Kerosene Type Jet Fuel,431342.8916569672
DE,Kerosene,425347.10209868033
DE,Gas/Diesel Oil,426101.5902088116
DE,Heavy Fuel Oil,430385.33812371903
DE,Refinery Gas,424314.52967327775
DE,Liquefied Petroleum Gases (LPG),434312.1717463726
DE,Refinery Feedstocks,426303.0054442698
DE,Ethane,0.0
DE,Naphtha,425786.6884978385
DE,White Spirit & SBP,426763.8446336504
DE,Lubricants,427355.6243610383
DE,Bitumen,425326.35367990163
DE,Paraffin Waxes,263736.3179716143
DE,Petroleum Coke,265387.5038633367
DE,Non-specified Petroleum Products,266736.04815696063
DE,Nuclear fuel,510.33473670400804
DE,"Plastics, basic",199091.11406528432
DE,"Secondary plastic for treatment, Re-processing of secondary plastic into new plastic",0.0
DE,N-fertiliser,123850.21939656569
DE,P- and other fertiliser,600176.3146458648
DE,Chemicals nec,48460.953603592105
DE,Charcoal,170702.4624550079
DE,Additives/Blending Components,42991.147779584535
DE,Biogasoline,43662.55565300516
DE,Biodiesels,44367.19439505085
DE,Other Liquid Biofuels,49690.505682711046
DE,Rubber and plastic products (25),24653.082082722496
DE,Glass and glass products,327165.39581335505
DE,"Secondary glass for treatment, Re-processing of secondary glass into new glass",0.0
DE,Ceramic goods,410919.74724862166
DE,"Bricks, tiles and construction products, in baked clay",458666.0473896924
DE,"Cement, lime and plaster",220132.53877034519
DE,"Ash for treatment, Re-processing of ash into clinker",0.0
DE,Other non-metallic mineral products,435392.54943501507
DE,Basic iron and steel and of ferro-alloys and first products thereof,634894.2842500295
DE,"Secondary steel for treatment, Re-processing of secondary steel into new steel",0.0
DE,Precious metals,14126.630942965401
DE,"Secondary preciuos metals for treatment, Re-processing of secondary preciuos metals into new preciuos metals",0.0
DE,Aluminium and aluminium products,64044.462715549496
DE,"Secondary aluminium for treatment, Re-processing of secondary aluminium into new aluminium",0.0
DE,"Lead, zinc and tin and products thereof",34546.59213984024
DE,"Secondary lead for treatment, Re-processing of secondary lead into new lead",0.0
DE,Copper products,43251.58364034403
DE,"Secondary copper for treatment, Re-processing of secondary copper into new copper",0.0
DE,Other non-ferrous metal products,52749.99401809751
DE,"Secondary other non-ferrous metals for treatment, Re-processing of secondary other non-ferrous metals into new other non-ferrous metals",0.0
DE,Foundry work services,590963.0248123897
DE,"Fabricated metal products, except machinery and equipment (28)",20297.540171748482
DE,Machinery and equipment n.e.c. (29),13964.624052299658
DE,Office machinery and computers (30),22452.184535436834
DE,Electrical machinery and apparatus n.e.c. (31),86179.13690706166
DE,"Radio, television and communication equipment and apparatus (32)",259763.86651456569
DE,"Medical, precision and optical instruments, watches and clocks (33)",23085.55541076317
DE,"Motor vehicles, trailers and semi-trailers (34)",9442.29888322764
DE,Other transport equipment (35),16132.659107963142
DE,Furniture; other manufactured goods n.e.c. (36),10106.694649982801
DE,Secondary raw materials,377494.7934536332
DE,"Bottles for treatment, Recycling of bottles by direct reuse",0.0
DE,Electricity by coal,13017078.430804195
DE,Electricity by gas,2852910.4296054454
DE,Electricity by nuclear,11500.748002995104
DE,Electricity by hydro,8856.58810257531
DE,Electricity by wind,2839.9728504901313
DE,Electricity by petroleum and other oil derivatives,1732549.7195928805
DE,Electricity by biomass and waste,2554213.2326557864
DE,Electricity by solar photovoltaic,12100.733384938918
DE,Electricity by solar thermal,0.0
DE,"Electricity by tide, wave, ocean",0.0
DE,Electricity by Geothermal,5.054733656356716
DE,Electricity nec,621865.1950688949
DE,Transmission services of electricity,147595.3753883954
DE,Distribution and trade services of electricity,17918.23760233767
DE,Coke oven gas,44273.46481847594
DE,Blast Furnace Gas,50255.78039750759
DE,Oxygen Steel Furnace Gas,37505.89006708595
DE,Gas Works Gas,70681.11965042152
DE,Biogas,43474.17468103402
DE,Distribution services of gaseous fuels through mains,63963.82787118234
DE,Steam and hot water supply services,8761888.095329432
DE,"Collected and purified water, distribution services of water (41)",23262.31003914763
DE,Construction work (45),93447.56443972615
DE,"Secondary construction material for treatment, Re-processing of secondary construction material into aggregates",0.0
DE,"Sale, maintenance, repair of motor vehicles, motor vehicles parts, motorcycles, motor cycles parts and accessoiries",28596.802105295013
DE,Retail trade services of motor fuel,7836.061504039481
DE,"Wholesale trade and commission trade services, except of motor vehicles and motorcycles (51)",49881.56773443714
DE,"Retail  trade services, except of motor vehicles and motorcycles; repair services of personal and household goods (52)",31744.299394624668
DE,Hotel and restaurant services (55),26002.082016376175
DE,Railway transportation services,75789.85122046374
DE,Other land transportation services,53782.6148455391
DE,Transportation services via pipelines,411101.81040640763
DE,Sea and coastal water transportation services,1263604.1457654617
DE,Inland water transportation services,70797.06199299023
DE,Air transport services (62),730252.1611721151
DE,Supporting and auxiliary transport services; travel agency services (63),8024.998750428901
DE,Post and telecommunication services (64),21278.935623219728
DE,"Financial intermediation services, except insurance and pension funding services (65)",279.10514283746795
DE,"Insurance and pension funding services, except compulsory social security services (66)",75.49421240448625
DE,Services auxiliary to financial intermediation (67),18980.74108747095
DE,Real estate services (70),8813.292634622134
DE,Renting services of machinery and equipment without operator and of personal and household goods (71),32945.12331874843
DE,Computer and related services (72),12037.564367255824
DE,Research and development services (73),47932.178403007594
DE,Other business services (74),30321.088627521855
DE,Public administration and defence services; compulsory social security services (75),31249.41681273637
DE,Education services (80),3521.3896783181676
DE,Health and social work services (85),26921.220535390134
DE,Food waste for treatment: incineration,31388.19411290606
DE,Paper waste for treatment: incineration,26612.21241906888
DE,Plastic waste for treatment: incineration,16136.259449390052
DE,Intert/metal waste for treatment: incineration,75541.1653484939
DE,Textiles waste for treatment: incineration,16117.292588831235
DE,Wood waste for treatment: incineration,23398.313947725095
DE,Oil/hazardous waste for treatment: incineration,30752.529470297824
DE,Food waste for treatment: biogasification and land application,11128.08520180219
DE,Paper waste for treatment: biogasification and land application,5727.623175951752
DE,Sewage sludge for treatment: biogasification and land application,23409.19352423273
DE,Food waste for treatment: composting and land application,74968.12609535754
DE,Paper and wood waste for treatment: composting and land application,35502.15347039862
DE,Food waste for treatment: waste water treatment,692250.0594487083
DE,Other waste for treatment: waste water treatment,443199.6411250521
DE,Food waste for treatment: landfill,178851.9864992884
DE,Paper for treatment: landfill,85079.4032013053
DE,Plastic waste for treatment: landfill,1874434.2546317175
DE,Inert/metal/hazardous waste for treatment: landfill,91054.9862620093
DE,Textiles waste for treatment: landfill,1829019.5965393297
DE,Wood waste for treatment: landfill,2282377.7209922974
DE,Membership organisation services n.e.c. (91),13940.61818665831
DE,"Recreational, cultural and sporting services (92)",22873.400107842866
DE,Other services (93),37171.13666327685
DE,Private households with employed persons (95),0.7420453377039229
DE,Extra-territorial organizations and bodies,0.0
DK,Paddy rice,4628.734149935869
DK,Wheat,1436907.5336370284
DK,Cereal grains nec,1077152.701397451
DK,"Vegetables, fruit, nuts",232216.7845688235
DK,Oil seeds,1325875.4101769356
DK,"Sugar cane, sugar beet",743167.1290839288
DK,Plant-based fibers,4628.741048713638
DK,Crops nec,227492.09608344053
DK,Cattle,4813235.365690047
DK,Pigs,1457485.5931169142
DK,Poultry,479104.26505133795
DK,Meat animals nec,152929.0609335966
DK,Animal products nec,194535.5733472753
DK,Raw milk,1474343.2363397516
DK,"Wool, silk-worm cocoons",5920.749451672897
DK,Manure (conventional treatment),0.0
DK,Manure (biogas treatment),0.0
DK,"Products of forestry, logging and related services (02)",223187.1183201186
DK,Fish and other fishing products; services incidental of fishing (05),305279.9890624204
DK,Anthracite,0.0
DK,Coking Coal,6462.699918651479
DK,Other Bituminous Coal,2875189.3085194915
DK,Sub-Bituminous Coal,0.0
DK,Patent Fuel,2358173.490843414
DK,Lignite/Brown Coal,4807308.323123464
DK,BKB/Peat Briquettes,9522233.521932863
DK,Peat,3085996.6775779407
DK,"Crude petroleum and services related to crude oil extraction, excluding surveying",314213.6158177913
DK,"Natural gas and services related to natural gas extraction, excluding surveying",328935.31713801215
DK,Natural Gas Liquids,422173.30384672683
DK,Other Hydrocarbons,2674843.7181351227
DK,Uranium and thorium ores (12),869476.6148049391
DK,Iron ores,1068.5808146017043
DK,Copper ores and concentrates,9721388.601187108
DK,Nickel ores and concentrates,8686.649628188236
DK,Aluminium ores and concentrates,3503742.5474740886
DK,Precious metal ores and concentrates,4103145.0462950114
DK,"Lead, zinc and tin ores and concentrates",11703030.222430324
DK,Other non-ferrous metal ores and concentrates,20158368.275784496
DK,Stone,528875.4318223946
DK,Sand and clay,518355.4378969779
DK,"Chemical and fertilizer minerals, salt and other mining and quarrying products n.e.c.",483801.94765527325
DK,Products of meat cattle,29943.26393930818
DK,Products of meat pigs,40676.99931248389
DK,Products of meat poultry,54488.52387250088
DK,Meat products nec,72261.76783212477
DK,products of Vegetable oils and fats,54000.42673809195
DK,Dairy products,39405.212780310794
DK,Processed rice,164387.53968259878
DK,Sugar,27406.795668060407
DK,Food products nec,38067.88446775363
DK,Beverages,115839.5046618256
DK,Fish products,43445.09830222686
DK,Tobacco products (16),21699.968087897636
DK,Textiles (17),7148.261351225588
DK,Wearing apparel; furs (18),3821.7809321024715
DK,Leather and leather products (19),17026.384885074225
DK,Wood and products of wood and cork (except furniture); articles of straw and plaiting materials (20),59335.99580816176
DK,"Wood material for treatment, Re-processing of secondary wood material into new wood material",0.0
DK,Pulp,33251.61640680648
DK,"Secondary paper for treatment, Re-processing of secondary paper into new pulp",0.0
DK,Paper and paper products,13801.155695026462
DK,Printed matter and recorded media (22),3071.670528438326
DK,Coke Oven Coke,0.0
DK,Gas Coke,0.0
DK,Coal Tar,0.0
DK,Motor Gasoline,272713.6220999263
DK,Aviation Gasoline,269727.3147822514
DK,Gasoline Type Jet Fuel,0.0
DK,Kerosene Type Jet Fuel,272813.8657928064
DK,Kerosene,273186.9866620256
DK,Gas/Diesel Oil,272793.93904908537
DK,Heavy Fuel Oil,272668.4884947025
DK,Refinery Gas,272377.4961367713
DK,Liquefied Petroleum Gases (LPG),270757.6810167153
DK,Refinery Feedstocks,272600.03990715544
DK,Ethane,0.0
DK,Naphtha,0.0
DK,White Spirit & SBP,0.0
DK,Lubricants,0.0
DK,Bitumen,0.0
DK,Paraffin Waxes,0.0
DK,Petroleum Coke,27811.011721874413
DK,Non-specified Petroleum Products,0.0
DK,Nuclear fuel,69486.71088897281
DK,"Plastics, basic",133834.02599207332
DK,"Secondary plastic for treatment, Re-processing of secondary plastic into new plastic",0.0
DK,N-fertiliser,36568.73843880698
DK,P- and other fertiliser,60198.62967526123
DK,Chemicals nec,18633.99380347349
DK,Charcoal,187374.86158981672
DK,Additives/Blending Components,164749.7486367412
DK,Biogasoline,29002.926159170307
DK,Biodiesels,19394.928716116123
DK,Other Liquid Biofuels,18366.952118782658
DK,Rubber and plastic products (25),15535.112144833014
DK,Glass and glass products,335420.5809183916
DK,"Secondary glass for treatment, Re-processing of secondary glass into new glass",0.0
DK,Ceramic goods,251551.44169906137
DK,"Bricks, tiles and construction products, in baked clay",561327.0648071215
DK,"Cement, lime and plaster",328981.3255261306
DK,"Ash for treatment, Re-processing of ash into clinker",0.0
DK,Other non-metallic mineral products,368686.4675244872
DK,Basic iron and steel and of ferro-alloys and first products thereof,59056.34564596076
DK,"Secondary steel for treatment, Re-processing of secondary steel into new steel",0.0
DK,Precious metals,13538.278402777036
DK,"Secondary preciuos metals for treatment, Re-processing of secondary preciuos metals into new preciuos metals",0.0
DK,Aluminium and aluminium products,1757.771947997724
DK,"Secondary aluminium for treatment, Re-processing of secondary aluminium into new aluminium",0.0
DK,"Lead, zinc and tin and products thereof",3386.0744637872817
DK,"Secondary lead for treatment, Re-processing of secondary lead into new lead",0.0
DK,Copper products,4521.64801906057
DK,"Secondary copper for treatment, Re-processing of secondary copper into new copper",0.0
DK,Other non-ferrous metal products,4670.122380369064
DK,"Secondary other non-ferrous metals for treatment, Re-processing of secondary other non-ferrous metals into new other non-ferrous metals",0.0
DK,Foundry work services,13545.586141384092
DK,"Fabricated metal products, except machinery and equipment (28)",16851.046957862236
DK,Machinery and equipment n.e.c. (29),5286.207705595213
DK,Office machinery and computers (30),17665.09068053601
DK,Electrical machinery and apparatus n.e.c. (31),6441.063475777663
DK,"Radio, television and communication equipment and apparatus (32)",6192.601491245385
DK,"Medical, precision and optical instruments, watches and clocks (33)",5576.7463985444265
DK,"Motor vehicles, trailers and semi-trailers (34)",7833.908429387975
DK,Other transport equipment (35),25592.92414789683
DK,Furniture; other manufactured goods n.e.c. (36),36712.296227252584
DK,Secondary raw materials,85241.42916362663
DK,"Bottles for treatment, Recycling of bottles by direct reuse",0.0
DK,Electricity by coal,21876051.036773805
DK,Electricity by gas,3653362.510300953
DK,Electricity by nuclear,96649.13702564457
DK,Electricity by hydro,675.424910448687
DK,Electricity by wind,414.48297230724484
DK,Electricity by petroleum and other oil derivatives,3330814.6946987417
DK,Electricity by biomass and waste,49266.3121387962
DK,Electricity by solar photovoltaic,225.3148154274393
DK,Electricity by solar thermal,0.0
DK,"Electricity by tide, wave, ocean",0.0
DK,Electricity by Geothermal,96649.28260992045
DK,Electricity nec,96649.13729985859
DK,Transmission services of electricity,663.5578256223837
DK,Distribution and trade services of electricity,461.33066275629415
DK,Coke oven gas,96649.16698315834
DK,Blast Furnace Gas,96649.26883721711
DK,Oxygen Steel Furnace Gas,96649.37835883808
DK,Gas Works Gas,96649.84646788849
DK,Biogas,499.28580379433697
DK,Distribution services of gaseous fuels through mains,451.0562519498578
DK,Steam and hot water supply services,3721799.857323367
DK,"Collected and purified water, distribution services of water (41)",3066.9309732556276
DK,Construction work (45),34451.49828675232
DK,"Secondary construction material for treatment, Re-processing of secondary construction material into aggregates",0.0
DK,"Sale, maintenance, repair of motor vehicles, motor vehicles parts, motorcycles, motor cycles parts and accessoiries",12163.757741097948
DK,Retail trade services of motor fuel,2257.298993450875
DK,"Wholesale trade and commission trade services, except of motor vehicles and motorcycles (51)",4529.175076166614
DK,"Retail  trade services, except of motor vehicles and motorcycles; repair services of personal and household goods (52)",4088.3623194757174
DK,Hotel and restaurant services (55),7692.298888827003
DK,Railway transportation services,951716.4379197921
DK,Other land transportation services,42744.41685991301
DK,Transportation services via pipelines,397.8504290137
DK,Sea and coastal water transportation services,1627275.444320029
DK,Inland water transportation services,9739.196044876118
DK,Air transport services (62),150444.19538509345
DK,Supporting and auxiliary transport services; travel agency services (63),12395.070229960264
DK,Post and telecommunication services (64),4278.39415059074
DK,"Financial intermediation services, except insurance and pension funding services (65)",1136.898428513636
DK,"Insurance and pension funding services, except compulsory social security services (66)",625.0988249492034
DK,Services auxiliary to financial intermediation (67),582.5170850840346
DK,Real estate services (70),2060.2190256129716
DK,Renting services of machinery and equipment without operator and of personal and household goods (71),22229.859538738892
DK,Computer and related services (72),12629.064233238987
DK,Research and development services (73),20483.54751285539
DK,Other business services (74),13756.705998619143
DK,Public administration and defence services; compulsory social security services (75),7319.694683514627
DK,Education services (80),3805.4713907617306
DK,Health and social work services (85),3347.33227611634
DK,Food waste for treatment: incineration,63554.2240625417
DK,Paper waste for treatment: incineration,54012.396288270036
DK,Plastic waste for treatment: incineration,45524.421208480344
DK,Intert/metal waste for treatment: incineration,36236.673571724205
DK,Textiles waste for treatment: incineration,50325.99418849908
DK,Wood waste for treatment: incineration,49664.58149613151
DK,Oil/hazardous waste for treatment: incineration,52457.29976500888
DK,Food waste for treatment: biogasification and land application,30982.859576143856
DK,Paper waste for treatment: biogasification and land application,19619.3205016934
DK,Sewage sludge for treatment: biogasification and land application,48128.04974719703
DK,Food waste for treatment: composting and land application,39467.56445890651
DK,Paper and wood waste for treatment: composting and land application,1444802.6022802454
DK,Food waste for treatment: waste water treatment,321888.5886036543
DK,Other waste for treatment: waste water treatment,343222.6618136042
DK,Food waste for treatment: landfill,136198.92114188368
DK,Paper for treatment: landfill,17621.155258802944
DK,Plastic waste for treatment: landfill,206007.82022226736
DK,Inert/metal/hazardous waste for treatment: landfill,54322.15668680515
DK,Textiles waste for treatment: landfill,4154.930405834286
DK,Wood waste for treatment: landfill,3517.5911113201873
DK,Membership organisation services n.e.c. (91),2814.968059504509
DK,"Recreational, cultural and sporting services (92)",7289.799563803956
DK,Other services (93),6742.391007836643
DK,Private households with employed persons (95),9448.662155761616
DK,Extra-territorial organizations and bodies,0.0
EE,Paddy rice,6624.683925844114
EE,Wheat,1476985.9173701026
EE,Cereal grains nec,1095042.5506681819
EE,"Vegetables, fruit, nuts",197108.47911532383
EE,Oil seeds,1827659.1514056015
EE,"Sugar cane, sugar beet",6624.683640983146
EE,Plant-based fibers,98210.43571244096
EE,Crops nec,73279.30215485844
EE,Cattle,7103776.632808387
EE,Pigs,482364.6054142816
EE,Poultry,216033.90995512696
EE,Meat animals nec,3178401.5515175653
EE,Animal products nec,5185169.039884126
EE,Raw milk,2139279.89864462
EE,"Wool, silk-worm cocoons",21060.152519653628
EE,Manure (conventional treatment),0.0
EE,Manure (biogas treatment),0.0
EE,"Products of forestry, logging and related services (02)",178534.7144517539
EE,Fish and other fishing products; services incidental of fishing (05),196971.87671405307
EE,Anthracite,0.0
EE,Coking Coal,226141.8338161392
EE,Other Bituminous Coal,8030229.128903567
EE,Sub-Bituminous Coal,763424.8224064898
EE,Patent Fuel,5868800.8013046635
EE,Lignite/Brown Coal,2998148.9028882217
EE,BKB/Peat Briquettes,3257309.4089485034
EE,Peat,450602.03495173104
EE,"Crude petroleum and services related to crude oil extraction, excluding surveying",49433.60367145891
EE,"Natural gas and services related to natural gas extraction, excluding surveying",1246286.5486204792
EE,Natural Gas Liquids,213434.74903073822
EE,Other Hydrocarbons,91896.071141928
EE,Uranium and thorium ores (12),291534.6940143347
EE,Iron ores,392155.8930728797
EE,Copper ores and concentrates,2236697.5305128815
EE,Nickel ores and concentrates,49518.397207578215
EE,Aluminium ores and concentrates,482196.5028665579
EE,Precious metal ores and concentrates,508586.22934024455
EE,"Lead, zinc and tin ores and concentrates",957869.2853823858
EE,Other non-ferrous metal ores and concentrates,168706.20767884178
EE,Stone,29944.75714041642
EE,Sand and clay,587158.1332436624
EE,"Chemical and fertilizer minerals, salt and other mining and quarrying products n.e.c.",1063613.2921303557
EE,Products of meat cattle,16987.157442505657
EE,Products of meat pigs,17374.642534224706
EE,Products of meat poultry,372359.80718675186
EE,Meat products nec,40548.11706643379
EE,products of Vegetable oils and fats,11947.985050550484
EE,Dairy products,50631.12656694297
EE,Processed rice,44336.91520162825
EE,Sugar,39775.82884502494
EE,Food products nec,38569.383740753
EE,Beverages,138347.26463238153
EE,Fish products,39965.34148541795
EE,Tobacco products (16),20907.72072881373
EE,Textiles (17),9276.85317830536
EE,Wearing apparel; furs (18),11035.933213958937
EE,Leather and leather products (19),29247.427337581714
EE,Wood and products of wood and cork (except furniture); articles of straw and plaiting materials (20),39827.27782072652
EE,"Wood material for treatment, Re-processing of secondary wood material into new wood material",0.0
EE,Pulp,66849.67318456495
EE,"Secondary paper for treatment, Re-processing of secondary paper into new pulp",0.0
EE,Paper and paper products,583.677442129293
EE,Printed matter and recorded media (22),10982.118257079144
EE,Coke Oven Coke,3524429.5458316607
EE,Gas Coke,0.0
EE,Coal Tar,0.0
EE,Motor Gasoline,0.0
EE,Aviation Gasoline,15117.510977120271
EE,Gasoline Type Jet Fuel,0.0
EE,Kerosene Type Jet Fuel,35164.2658821906
EE,Kerosene,32482.103224707324
EE,Gas/Diesel Oil,0.0
EE,Heavy Fuel Oil,2944418.0023180996
EE,Refinery Gas,0.0
EE,Liquefied Petroleum Gases (LPG),15308.56587460509
EE,Refinery Feedstocks,0.0
EE,Ethane,0.0
EE,Naphtha,0.0
EE,White Spirit & SBP,0.0
EE,Lubricants,15115.647949076782
EE,Bitumen,0.0
EE,Paraffin Waxes,0.0
EE,Petroleum Coke,0.0
EE,Non-specified Petroleum Products,0.0
EE,Nuclear fuel,21154.728746435958
EE,"Plastics, basic",36576.57248397851
EE,"Secondary plastic for treatment, Re-processing of secondary plastic into new plastic",0.0
EE,N-fertiliser,42035.227450830345
EE,P- and other fertiliser,49156.469600221804
EE,Chemicals nec,9184.94938094412
EE,Charcoal,7037.879790766496
EE,Additives/Blending Components,11906.705936725706
EE,Biogasoline,13753.000627041252
EE,Biodiesels,20080.467185768422
EE,Other Liquid Biofuels,6827.406643461307
EE,Rubber and plastic products (25),10657.407334656393
EE,Glass and glass products,618588.9358504668
EE,"Secondary glass for treatment, Re-processing of secondary glass into new glass",0.0
EE,Ceramic goods,444688.398983619
EE,"Bricks, tiles and construction products, in baked clay",238305.79770528493
EE,"Cement, lime and plaster",456863.0701474292
EE,"Ash for treatment, Re-processing of ash into clinker",0.0
EE,Other non-metallic mineral products,493869.00305658847
EE,Basic iron and steel and of ferro-alloys and first products thereof,9324.819759705799
EE,"Secondary steel for treatment, Re-processing of secondary steel into new steel",0.0
EE,Precious metals,10827.816309678718
EE,"Secondary preciuos metals for treatment, Re-processing of secondary preciuos metals into new preciuos metals",0.0
EE,Aluminium and aluminium products,14343.750487743495
EE,"Secondary aluminium for treatment, Re-processing of secondary aluminium into new aluminium",0.0
EE,"Lead, zinc and tin and products thereof",10622.993418021782
EE,"Secondary lead for treatment, Re-processing of secondary lead into new lead",0.0
EE,Copper products,6329.341227090218
EE,"Secondary copper for treatment, Re-processing of secondary copper into new copper",0.0
EE,Other non-ferrous metal products,10210.42033727537
EE,"Secondary other non-ferrous metals for treatment, Re-processing of secondary other non-ferrous metals into new other non-ferrous metals",0.0
EE,Foundry work services,21203.142722641303
EE,"Fabricated metal products, except machinery and equipment (28)",9272.310011638978
EE,Machinery and equipment n.e.c. (29),98598.2645234242
EE,Office machinery and computers (30),6759.358227628238
EE,Electrical machinery and apparatus n.e.c. (31),60541.05798264866
EE,"Radio, television and communication equipment and apparatus (32)",54883.39924213727
EE,"Medical, precision and optical instruments, watches and clocks (33)",52415.314815909434
EE,"Motor vehicles, trailers and semi-trailers (34)",228456.458039323
EE,Other transport equipment (35),13115.621874514967
EE,Furniture; other manufactured goods n.e.c. (36),30755.88310601167
EE,Secondary raw materials,1194111.097591215
EE,"Bottles for treatment, Recycling of bottles by direct reuse",0.0
EE,Electricity by coal,78355.02681264743
EE,Electricity by gas,3158776.831340287
EE,Electricity by nuclear,76743.00731139806
EE,Electricity by hydro,5937.017889633654
EE,Electricity by wind,11459.045537738235
EE,Electricity by petroleum and other oil derivatives,4473532.22613096
EE,Electricity by biomass and waste,1000063.0072124035
EE,Electricity by solar photovoltaic,206.05294637589589
EE,Electricity by solar thermal,0.0
EE,"Electricity by tide, wave, ocean",30880.004928039893
EE,Electricity by Geothermal,24208.802774532815
EE,Electricity nec,60169.8790528636
EE,Transmission services of electricity,252.90378592076834
EE,Distribution and trade services of electricity,2077.589497748906
EE,Coke oven gas,236286.7743813957
EE,Blast Furnace Gas,50369.506282593225
EE,Oxygen Steel Furnace Gas,16796.22263107231
EE,Gas Works Gas,236640.35769253515
EE,Biogas,235931.76581130654
EE,Distribution services of gaseous fuels through mains,38370.96138757787
EE,Steam and hot water supply services,2476074.460354677
EE,"Collected and purified water, distribution services of water (41)",10643.847155326894
EE,Construction work (45),65705.33731001633
EE,"Secondary construction material for treatment, Re-processing of secondary construction material into aggregates",0.0
EE,"Sale, maintenance, repair of motor vehicles, motor vehicles parts, motorcycles, motor cycles parts and accessoiries",40765.181674754436
EE,Retail trade services of motor fuel,36985.70634349001
EE,"Wholesale trade and commission trade services, except of motor vehicles and motorcycles (51)",33892.16818342629
EE,"Retail  trade services, except of motor vehicles and motorcycles; repair services of personal and household goods (52)",45883.46290009917
EE,Hotel and restaurant services (55),140681.83418289508
EE,Railway transportation services,405337.94833117456
EE,Other land transportation services,101936.66182878712
EE,Transportation services via pipelines,22535.154997200774
EE,Sea and coastal water transportation services,425736.4794273245
EE,Inland water transportation services,135010.7509823119
EE,Air transport services (62),484378.8363749975
EE,Supporting and auxiliary transport services; travel agency services (63),15996.346030068335
EE,Post and telecommunication services (64),2897.6095182649397
EE,"Financial intermediation services, except insurance and pension funding services (65)",2101.0756751528693
EE,"Insurance and pension funding services, except compulsory social security services (66)",1206.3322532965713
EE,Services auxiliary to financial intermediation (67),1881.5648430978292
EE,Real estate services (70),21609.47235714084
EE,Renting services of machinery and equipment without operator and of personal and household goods (71),66542.09742794225
EE,Computer and related services (72),28477.12358366572
EE,Research and development services (73),198722.40329285862
EE,Other business services (74),30661.598179394383
EE,Public administration and defence services; compulsory social security services (75),7784.648753521107
EE,Education services (80),8713.974250830972
EE,Health and social work services (85),2431.035299871263
EE,Food waste for treatment: incineration,4804062.042762659
EE,Paper waste for treatment: incineration,791072.0930859395
EE,Plastic waste for treatment: incineration,974670.022589983
EE,Intert/metal waste for treatment: incineration,5028520.819592666
EE,Textiles waste for treatment: incineration,4832559.394450916
EE,Wood waste for treatment: incineration,75421.67737212793
EE,Oil/hazardous waste for treatment: incineration,88447.81535416932
EE,Food waste for treatment: biogasification and land application,4236777.687767538
EE,Paper waste for treatment: biogasification and land application,4244266.4313095305
EE,Sewage sludge for treatment: biogasification and land application,136778.75567923154
EE,Food waste for treatment: composting and land application,125616.52340663759
EE,Paper and wood waste for treatment: composting and land application,37206.20967945953
EE,Food waste for treatment: waste water treatment,630541.410974443
EE,Other waste for treatment: waste water treatment,392977.5842264587
EE,Food waste for treatment: landfill,699178.5250388524
EE,Paper for treatment: landfill,94333.15077433616
EE,Plastic waste for treatment: landfill,57580.54973044272
EE,Inert/metal/hazardous waste for treatment: landfill,870219.9778681427
EE,Textiles waste for treatment: landfill,60347.79121695726
EE,Wood waste for treatment: landfill,67920.16731777773
EE,Membership organisation services n.e.c. (91),26440.597359211028
EE,"Recreational, cultural and sporting services (92)",8192.813343326208
EE,Other services (93),14673.727874985181
EE,Private households with employed persons (95),4.1294202557911736e-05
EE,Extra-territorial organizations and bodies,0.0
ES,Paddy rice,5194707.186677377
ES,Wheat,1785434.595228207
ES,Cereal grains nec,1105282.8828918252
ES,"Vegetables, fruit, nuts",248478.92675395563
ES,Oil seeds,254958.20532441363
ES,"Sugar cane, sugar beet",297509.5287285768
ES,Plant-based fibers,202342.7244078203
ES,Crops nec,20834.482024021243
ES,Cattle,10294065.134207463
ES,Pigs,654543.4127365818
ES,Poultry,459110.44667766953
ES,Meat animals nec,1812745.2091362677
ES,Animal products nec,1730933.5318603404
ES,Raw milk,2082805.4883540026
ES,"Wool, silk-worm cocoons",11848.867747678009
ES,Manure (conventional treatment),0.0
ES,Manure (biogas treatment),0.0
ES,"Products of forestry, logging and related services (02)",61830.10872382732
ES,Fish and other fishing products; services incidental of fishing (05),581869.5991786823
ES,Anthracite,0.0
ES,Coking Coal,0.0
ES,Other Bituminous Coal,14767.636893069808
ES,Sub-Bituminous Coal,0.0
ES,Patent Fuel,0.0
ES,Lignite/Brown Coal,0.0
ES,BKB/Peat Briquettes,0.0
ES,Peat,0.0
ES,"Crude petroleum and services related to crude oil extraction, excluding surveying",2489783.7891508793
ES,"Natural gas and services related to natural gas extraction, excluding surveying",617892.7694579593
ES,Natural Gas Liquids,0.0
ES,Other Hydrocarbons,0.0
ES,Uranium and thorium ores (12),5646108.906578846
ES,Iron ores,0.0
ES,Copper ores and concentrates,293632.11508269416
ES,Nickel ores and concentrates,337867.32830919744
ES,Aluminium ores and concentrates,0.0
ES,Precious metal ores and concentrates,125781.90202445361
ES,"Lead, zinc and tin ores and concentrates",38.089741521421445
ES,Other non-ferrous metal ores and concentrates,186887.5212947864
ES,Stone,403667.44322512817
ES,Sand and clay,1190445.8789457302
ES,"Chemical and fertilizer minerals, salt and other mining and quarrying products n.e.c.",25137.097752591293
ES,Products of meat cattle,22743.037679809935
ES,Products of meat pigs,31197.14849775907
ES,Products of meat poultry,30395.416530300914
ES,Meat products nec,11565.652421341563
ES,products of Vegetable oils and fats,19786.857344750162
ES,Dairy products,29230.661787628746
ES,Processed rice,11589.671062733867
ES,Sugar,81105.01139244092
ES,Food products nec,26628.785435697635
ES,Beverages,48952.57886370127
ES,Fish products,28761.106453910535
ES,Tobacco products (16),17611.36393850509
ES,Textiles (17),10194.467810604836
ES,Wearing apparel; furs (18),18435.87167541419
ES,Leather and leather products (19),22878.528248630322
ES,Wood and products of wood and cork (except furniture); articles of straw and plaiting materials (20),55529.336287847145
ES,"Wood material for treatment, Re-processing of secondary wood material into new wood material",0.0
ES,Pulp,69320.93255160817
ES,"Secondary paper for treatment, Re-processing of secondary paper into new pulp",0.0
ES,Paper and paper products,78519.44345893258
ES,Printed matter and recorded media (22),24711.055338422953
ES,Coke Oven Coke,6462544.481595292
ES,Gas Coke,0.0
ES,Coal Tar,6937405.355649972
ES,Motor Gasoline,752669.465582199
ES,Aviation Gasoline,725264.710541324
ES,Gasoline Type Jet Fuel,0.0
ES,Kerosene Type Jet Fuel,748719.8943719715
ES,Kerosene,756451.6422696781
ES,Gas/Diesel Oil,753540.0032146468
ES,Heavy Fuel Oil,650241.1394436607
ES,Refinery Gas,620895.3331656768
ES,Liquefied Petroleum Gases (LPG),658638.2886656935
ES,Refinery Feedstocks,646523.7812360281
ES,Ethane,0.0
ES,Naphtha,747307.5893928714
ES,White Spirit & SBP,642343.5182674436
ES,Lubricants,747568.7224096012
ES,Bitumen,553913.4680015971
ES,Paraffin Waxes,742078.7288329571
ES,Petroleum Coke,671298.776413537
ES,Non-specified Petroleum Products,753595.1562177286
ES,Nuclear fuel,1244.1404072485159
ES,"Plastics, basic",404291.0266260836
ES,"Secondary plastic for treatment, Re-processing of secondary plastic into new plastic",0.0
ES,N-fertiliser,577757.5446493737
ES,P- and other fertiliser,1776823.5768877156
ES,Chemicals nec,277789.27619808936
ES,Charcoal,255336.52439771855
ES,Additives/Blending Components,431415.06413926516
ES,Biogasoline,165315.26484279498
ES,Biodiesels,185480.67225538197
ES,Other Liquid Biofuels,475204.44211973005
ES,Rubber and plastic products (25),18839.66226560286
ES,Glass and glass products,194992.4063046892
ES,"Secondary glass for treatment, Re-processing of secondary glass into new glass",0.0
ES,Ceramic goods,897720.0290797921
ES,"Bricks, tiles and construction products, in baked clay",592072.9758621164
ES,"Cement, lime and plaster",411560.3990033185
ES,"Ash for treatment, Re-processing of ash into clinker",0.0
ES,Other non-metallic mineral products,370087.9275969464
ES,Basic iron and steel and of ferro-alloys and first products thereof,153806.50155029233
ES,"Secondary steel for treatment, Re-processing of secondary steel into new steel",0.0
ES,Precious metals,54993.56133321176
ES,"Secondary preciuos metals for treatment, Re-processing of secondary preciuos metals into new preciuos metals",0.0
ES,Aluminium and aluminium products,187090.70806104076
ES,"Secondary aluminium for treatment, Re-processing of secondary aluminium into new aluminium",0.0
ES,"Lead, zinc and tin and products thereof",188580.50889683314
ES,"Secondary lead for treatment, Re-processing of secondary lead into new lead",0.0
ES,Copper products,62893.35328654205
ES,"Secondary copper for treatment, Re-processing of secondary copper into new copper",0.0
ES,Other non-ferrous metal products,37891.0853619283
ES,"Secondary other non-ferrous metals for treatment, Re-processing of secondary other non-ferrous metals into new other non-ferrous metals",0.0
ES,Foundry work services,797874.476379334
ES,"Fabricated metal products, except machinery and equipment (28)",19954.946254545845
ES,Machinery and equipment n.e.c. (29),27868.330818223367
ES,Office machinery and computers (30),46384.38338150111
ES,Electrical machinery and apparatus n.e.c. (31),64139.93848379736
ES,"Radio, television and communication equipment and apparatus (32)",32283.182684750154
ES,"Medical, precision and optical instruments, watches and clocks (33)",20333.143974527742
ES,"Motor vehicles, trailers and semi-trailers (34)",6925.084252337786
ES,Other transport equipment (35),17809.54466221862
ES,Furniture; other manufactured goods n.e.c. (36),120946.43530513562
ES,Secondary raw materials,55009.85645108327
ES,"Bottles for treatment, Recycling of bottles by direct reuse",0.0
ES,Electricity by coal,14095985.209916526
ES,Electricity by gas,4840537.489889419
ES,Electricity by nuclear,26618.198976972253
ES,Electricity by hydro,29325.757066555896
ES,Electricity by wind,14675.998722148714
ES,Electricity by petroleum and other oil derivatives,13150497.714700373
ES,Electricity by biomass and waste,1167751.3885452717
ES,Electricity by solar photovoltaic,8250.67003729231
ES,Electricity by solar thermal,0.0034640257651673305
ES,"Electricity by tide, wave, ocean",235.55884577106337
ES,Electricity by Geothermal,0.0
ES,Electricity nec,27374.308231635823
ES,Transmission services of electricity,15473.893691426634
ES,Distribution and trade services of electricity,22636.876072188
ES,Coke oven gas,90446.91998872776
ES,Blast Furnace Gas,93913.26199719016
ES,Oxygen Steel Furnace Gas,4401.522392974365
ES,Gas Works Gas,9016.714167985532
ES,Biogas,90781.54127462328
ES,Distribution services of gaseous fuels through mains,96719.3645569606
ES,Steam and hot water supply services,13706.160132921777
ES,"Collected and purified water, distribution services of water (41)",30279.87941442717
ES,Construction work (45),18990.41400131323
ES,"Secondary construction material for treatment, Re-processing of secondary construction material into aggregates",0.0
ES,"Sale, maintenance, repair of motor vehicles, motor vehicles parts, motorcycles, motor cycles parts and accessoiries",31597.891108654658
ES,Retail trade services of motor fuel,34910.804935249515
ES,"Wholesale trade and commission trade services, except of motor vehicles and motorcycles (51)",23357.59247277496
ES,"Retail  trade services, except of motor vehicles and motorcycles; repair services of personal and household goods (52)",3969.3426873735907
ES,Hotel and restaurant services (55),5598.115431737129
ES,Railway transportation services,1133054.7989608245
ES,Other land transportation services,84462.06073291186
ES,Transportation services via pipelines,96188.96928469851
ES,Sea and coastal water transportation services,2170020.1532210736
ES,Inland water transportation services,1014277.0835158285
ES,Air transport services (62),874857.1071994745
ES,Supporting and auxiliary transport services; travel agency services (63),12325.670171253036
ES,Post and telecommunication services (64),6332.319077228715
ES,"Financial intermediation services, except insurance and pension funding services (65)",1614.6510661735313
ES,"Insurance and pension funding services, except compulsory social security services (66)",249376.2742688712
ES,Services auxiliary to financial intermediation (67),21434.7249504239
ES,Real estate services (70),3519.937166417449
ES,Renting services of machinery and equipment without operator and of personal and household goods (71),13431.612034172325
ES,Computer and related services (72),2505.164586632676
ES,Research and development services (73),38213.07966186985
ES,Other business services (74),23543.245764062118
ES,Public administration and defence services; compulsory social security services (75),12378.291543013087
ES,Education services (80),13652.132753717024
ES,Health and social work services (85),10399.144745716627
ES,Food waste for treatment: incineration,15560.219285853926
ES,Paper waste for treatment: incineration,14232.308306086137
ES,Plastic waste for treatment: incineration,19563.389681267625
ES,Intert/metal waste for treatment: incineration,20515.487585911367
ES,Textiles waste for treatment: incineration,10693.784849351994
ES,Wood waste for treatment: incineration,16176.735765607824
ES,Oil/hazardous waste for treatment: incineration,12390.196300210933
ES,Food waste for treatment: biogasification and land application,13437.05473962666
ES,Paper waste for treatment: biogasification and land application,8418.624830690007
ES,Sewage sludge for treatment: biogasification and land application,11889.542922951297
ES,Food waste for treatment: composting and land application,79019.37013803462
ES,Paper and wood waste for treatment: composting and land application,0.0
ES,Food waste for treatment: waste water treatment,329915.6940042878
ES,Other waste for treatment: waste water treatment,347454.79983267264
ES,Food waste for treatment: landfill,229630.4903532569
ES,Paper for treatment: landfill,18802.521346743782
ES,Plastic waste for treatment: landfill,10339.122130638272
ES,Inert/metal/hazardous waste for treatment: landfill,17005.68995624302
ES,Textiles waste for treatment: landfill,10587.199000732217
ES,Wood waste for treatment: landfill,2962.8093892741094
ES,Membership organisation services n.e.c. (91),11307.84735973038
ES,"Recreational, cultural and sporting services (92)",13584.6240233283
ES,Other services (93),11453.639833779085
ES,Private households with employed persons (95),0.017744551303420307
ES,Extra-territorial organizations and bodies,0.0
FI,Paddy rice,1382.4209781451416
FI,Wheat,538174.1672915597
FI,Cereal grains nec,1759872.2306533982
FI,"Vegetables, fruit, nuts",87508.63467017941
FI,Oil seeds,873632.5662018559
FI,"Sugar cane, sugar beet",773913.2530150445
FI,Plant-based fibers,1382.417398575014
FI,Crops nec,172336.21544954414
FI,Cattle,2821487.911978371
FI,Pigs,310167.19132376014
FI,Poultry,556486.3715560435
FI,Meat animals nec,66806.92740422119
FI,Animal products nec,1691266.6060379571
FI,Raw milk,1979171.7674066836
FI,"Wool, silk-worm cocoons",6555.617138646226
FI,Manure (conventional treatment),0.0
FI,Manure (biogas treatment),0.0
FI,"Products of forestry, logging and related services (02)",141115.9741140939
FI,Fish and other fishing products; services incidental of fishing (05),275847.59506547457
FI,Anthracite,45771.67059767614
FI,Coking Coal,160440.0327576998
FI,Other Bituminous Coal,177397.33040856555
FI,Sub-Bituminous Coal,0.0
FI,Patent Fuel,0.0
FI,Lignite/Brown Coal,0.0
FI,BKB/Peat Briquettes,93915.22839584069
FI,Peat,115943.9611394238
FI,"Crude petroleum and services related to crude oil extraction, excluding surveying",193146.72910121572
FI,"Natural gas and services related to natural gas extraction, excluding surveying",56600.886532262855
FI,Natural Gas Liquids,192786.23844559237
FI,Other Hydrocarbons,213.04340644966803
FI,Uranium and thorium ores (12),169992.07118951558
FI,Iron ores,145034.57171408721
FI,Copper ores and concentrates,3763.7236322322156
FI,Nickel ores and concentrates,269771.9437383579
FI,Aluminium ores and concentrates,46451.84425182567
FI,Precious metal ores and concentrates,45381.41432874226
FI,"Lead, zinc and tin ores and concentrates",17858.805231561804
FI,Other non-ferrous metal ores and concentrates,75560.56381798345
FI,Stone,1269890.1710807218
FI,Sand and clay,308761.21292164223
FI,"Chemical and fertilizer minerals, salt and other mining and quarrying products n.e.c.",93049.68957773483
FI,Products of meat cattle,161123.0345084686
FI,Products of meat pigs,14489.86143508042
FI,Products of meat poultry,681338.888645536
FI,Meat products nec,1164.7004385900161
FI,products of Vegetable oils and fats,6740.937917054086
FI,Dairy products,20684.403050422825
FI,Processed rice,16235942.992683318
FI,Sugar,6066.499621477098
FI,Food products nec,23366.245676050497
FI,Beverages,49201.98685445221
FI,Fish products,65229.11048392369
FI,Tobacco products (16),115601.06960252787
FI,Textiles (17),12842.957989351355
FI,Wearing apparel; furs (18),13668.872478093377
FI,Leather and leather products (19),3809.472882072029
FI,Wood and products of wood and cork (except furniture); articles of straw and plaiting materials (20),10673.345332700257
FI,"Wood material for treatment, Re-processing of secondary wood material into new wood material",0.0
FI,Pulp,233433.29502614838
FI,"Secondary paper for treatment, Re-processing of secondary paper into new pulp",0.0
FI,Paper and paper products,75285.35686562193
FI,Printed matter and recorded media (22),6542.948726991978
FI,Coke Oven Coke,2076632.196022356
FI,Gas Coke,0.0
FI,Coal Tar,414227.1075239336
FI,Motor Gasoline,237590.1396743942
FI,Aviation Gasoline,337473.3515860301
FI,Gasoline Type Jet Fuel,0.0
FI,Kerosene Type Jet Fuel,337375.4686226237
FI,Kerosene,8264.478618076957
FI,Gas/Diesel Oil,248840.9867456035
FI,Heavy Fuel Oil,329232.9495654728
FI,Refinery Gas,336835.2379669041
FI,Liquefied Petroleum Gases (LPG),336387.7179394712
FI,Refinery Feedstocks,302462.60167582164
FI,Ethane,6402.42150755189
FI,Naphtha,266693.6366882308
FI,White Spirit & SBP,337116.73013370123
FI,Lubricants,314890.77311133704
FI,Bitumen,263007.43946783367
FI,Paraffin Waxes,5980.705492087308
FI,Petroleum Coke,240146.11004284187
FI,Non-specified Petroleum Products,332274.9585905151
FI,Nuclear fuel,8411.754555312262
FI,"Plastics, basic",150118.4412415934
FI,"Secondary plastic for treatment, Re-processing of secondary plastic into new plastic",0.0
FI,N-fertiliser,711962.8642259666
FI,P- and other fertiliser,37910.29237688097
FI,Chemicals nec,62662.50267702529
FI,Charcoal,16045.5843813837
FI,Additives/Blending Components,75935.88279623844
FI,Biogasoline,17776.05302981989
FI,Biodiesels,5185.764935903258
FI,Other Liquid Biofuels,12994.396693172685
FI,Rubber and plastic products (25),33966.4847327885
FI,Glass and glass products,249816.04154534158
FI,"Secondary glass for treatment, Re-processing of secondary glass into new glass",0.0
FI,Ceramic goods,170695.75080596562
FI,"Bricks, tiles and construction products, in baked clay",156151.06453708408
FI,"Cement, lime and plaster",208819.67830738134
FI,"Ash for treatment, Re-processing of ash into clinker",0.0
FI,Other non-metallic mineral products,216990.25333718598
FI,Basic iron and steel and of ferro-alloys and first products thereof,248305.3779977784
FI,"Secondary steel for treatment, Re-processing of secondary steel into new steel",0.0
FI,Precious metals,16990.996154075347
FI,"Secondary preciuos metals for treatment, Re-processing of secondary preciuos metals into new preciuos metals",0.0
FI,Aluminium and aluminium products,55442.44555564067
FI,"Secondary aluminium for treatment, Re-processing of secondary aluminium into new aluminium",0.0
FI,"Lead, zinc and tin and products thereof",96292.46618052045
FI,"Secondary lead for treatment, Re-processing of secondary lead into new lead",0.0
FI,Copper products,47924.17647966147
FI,"Secondary copper for treatment, Re-processing of secondary copper into new copper",0.0
FI,Other non-ferrous metal products,78178.00585223112
FI,"Secondary other non-ferrous metals for treatment, Re-processing of secondary other non-ferrous metals into new other non-ferrous metals",0.0
FI,Foundry work services,511681.119812831
FI,"Fabricated metal products, except machinery and equipment (28)",24297.080333568334
FI,Machinery and equipment n.e.c. (29),6835.776412091856
FI,Office machinery and computers (30),14136.272683767926
FI,Electrical machinery and apparatus n.e.c. (31),6551.563635139639
FI,"Radio, television and communication equipment and apparatus (32)",6094.044225060691
FI,"Medical, precision and optical instruments, watches and clocks (33)",6064.689593614459
FI,"Motor vehicles, trailers and semi-trailers (34)",50473.24850247145
FI,Other transport equipment (35),48606.28424630608
FI,Furniture; other manufactured goods n.e.c. (36),134282.6607786641
FI,Secondary raw materials,211648.3164774056
FI,"Bottles for treatment, Recycling of bottles by direct reuse",0.0
FI,Electricity by coal,10885000.357916454
FI,Electricity by gas,5635965.638989668
FI,Electricity by nuclear,20.569824298822315
FI,Electricity by hydro,27.840388165520825
FI,Electricity by wind,5.944853280544657
FI,Electricity by petroleum and other oil derivatives,1675394.6407640139
FI,Electricity by biomass and waste,1015933.6338799846
FI,Electricity by solar photovoltaic,9562.10743184329
FI,Electricity by solar thermal,0.0
FI,"Electricity by tide, wave, ocean",0.0
FI,Electricity by Geothermal,0.0
FI,Electricity nec,95666.37060053312
FI,Transmission services of electricity,24.4114936428796
FI,Distribution and trade services of electricity,26.20589278148183
FI,Coke oven gas,248019.35166119217
FI,Blast Furnace Gas,130733.95846032273
FI,Oxygen Steel Furnace Gas,0.0
FI,Gas Works Gas,248019.36777207788
FI,Biogas,243152.01285070524
FI,Distribution services of gaseous fuels through mains,246421.23492352891
FI,Steam and hot water supply services,11883517.095713416
FI,"Collected and purified water, distribution services of water (41)",82538.13978531749
FI,Construction work (45),93028.81534725426
FI,"Secondary construction material for treatment, Re-processing of secondary construction material into aggregates",0.0
FI,"Sale, maintenance, repair of motor vehicles, motor vehicles parts, motorcycles, motor cycles parts and accessoiries",128255.07632555689
FI,Retail trade services of motor fuel,7997.815960707636
FI,"Wholesale trade and commission trade services, except of motor vehicles and motorcycles (51)",11843.90527156018
FI,"Retail  trade services, except of motor vehicles and motorcycles; repair services of personal and household goods (52)",19028.621403532736
FI,Hotel and restaurant services (55),51544.892245588904
FI,Railway transportation services,75269.31133254341
FI,Other land transportation services,40997.2395444905
FI,Transportation services via pipelines,20830.196422957437
FI,Sea and coastal water transportation services,1060446.8221660508
FI,Inland water transportation services,722156.8950073732
FI,Air transport services (62),652235.549132364
FI,Supporting and auxiliary transport services; travel agency services (63),13594.850850571922
FI,Post and telecommunication services (64),1765.1283326817183
FI,"Financial intermediation services, except insurance and pension funding services (65)",4952.509028501168
FI,"Insurance and pension funding services, except compulsory social security services (66)",1640.5338797557217
FI,Services auxiliary to financial intermediation (67),4748.60295806717
FI,Real estate services (70),28394.948788317964
FI,Renting services of machinery and equipment without operator and of personal and household goods (71),57609.86225083924
FI,Computer and related services (72),9959.47560660643
FI,Research and development services (73),53370.25987609631
FI,Other business services (74),76217.42034071246
FI,Public administration and defence services; compulsory social security services (75),11400.478262167126
FI,Education services (80),4005.3999151282383
FI,Health and social work services (85),6170.578774858768
FI,Food waste for treatment: incineration,68141.07238519007
FI,Paper waste for treatment: incineration,160130.87132769884
FI,Plastic waste for treatment: incineration,60926.67999336084
FI,Intert/metal waste for treatment: incineration,80800.7959669645
FI,Textiles waste for treatment: incineration,160968.58369320736
FI,Wood waste for treatment: incineration,39511.55113541527
FI,Oil/hazardous waste for treatment: incineration,47827.406822054414
FI,Food waste for treatment: biogasification and land application,0.0
FI,Paper waste for treatment: biogasification and land application,0.0
FI,Sewage sludge for treatment: biogasification and land application,30387.54924855568
FI,Food waste for treatment: composting and land application,142249.91183818935
FI,Paper and wood waste for treatment: composting and land application,0.0
FI,Food waste for treatment: waste water treatment,228487.62518804567
FI,Other waste for treatment: waste water treatment,230740.14838886887
FI,Food waste for treatment: landfill,340497.13854337926
FI,Paper for treatment: landfill,50143.37209812541
FI,Plastic waste for treatment: landfill,35832.221212953744
FI,Inert/metal/hazardous waste for treatment: landfill,35740.56963924083
FI,Textiles waste for treatment: landfill,38687.77650971215
FI,Wood waste for treatment: landfill,34253.35620017399
FI,Membership organisation services n.e.c. (91),3168.45754250443
FI,"Recreational, cultural and sporting services (92)",5981.157310584525
FI,Other services (93),9767.038128114531
FI,Private households with employed persons (95),1382.4148531982062
FI,Extra-territorial organizations and bodies,0.0
FR,Paddy rice,92574.85467418443
FR,Wheat,875077.4190620179
FR,Cereal grains nec,1377882.9367101588
FR,"Vegetables, fruit, nuts",98557.9663912706
FR,Oil seeds,1163305.723374058
FR,"Sugar cane, sugar beet",684501.9298703327
FR,Plant-based fibers,1200843.340972576
FR,Crops nec,347046.44267848553
FR,Cattle,5264871.1086909305
FR,Pigs,733555.1156916644
FR,Poultry,501547.53393986245
FR,Meat animals nec,3258726.907573414
FR,Animal products nec,5379479.926686384
FR,Raw milk,1573494.4193022333
FR,"Wool, silk-worm cocoons",11409.466775482164
FR,Manure (conventional treatment),0.0
FR,Manure (biogas treatment),0.0
FR,"Products of forestry, logging and related services (02)",102617.14241174725
FR,Fish and other fishing products; services incidental of fishing (05),419240.3420974141
FR,Anthracite,0.0
FR,Coking Coal,0.0
FR,Other Bituminous Coal,0.0
FR,Sub-Bituminous Coal,0.0
FR,Patent Fuel,0.0
FR,Lignite/Brown Coal,492277.0126097564
FR,BKB/Peat Briquettes,0.0
FR,Peat,0.0
FR,"Crude petroleum and services related to crude oil extraction, excluding surveying",809299.0612239537
FR,"Natural gas and services related to natural gas extraction, excluding surveying",25119.701853291685
FR,Natural Gas Liquids,0.0
FR,Other Hydrocarbons,0.0
FR,Uranium and thorium ores (12),206154.09507268431
FR,Iron ores,0.0
FR,Copper ores and concentrates,0.0
FR,Nickel ores and concentrates,0.0
FR,Aluminium ores and concentrates,74013.40239030017
FR,Precious metal ores and concentrates,0.0
FR,"Lead, zinc and tin ores and concentrates",0.0
FR,Other non-ferrous metal ores and concentrates,2.3762626643980305
FR,Stone,1899694.6501783754
FR,Sand and clay,792796.791756691
FR,"Chemical and fertilizer minerals, salt and other mining and quarrying products n.e.c.",231131.7139794087
FR,Products of meat cattle,56688.15334185122
FR,Products of meat pigs,89845.60014540935
FR,Products of meat poultry,40636.549477557426
FR,Meat products nec,73302.53576405162
FR,products of Vegetable oils and fats,28940.83913055956
FR,Dairy products,53165.29276028583
FR,Processed rice,10033.431711660885
FR,Sugar,48712.48923524798
FR,Food products nec,88572.2040493305
FR,Beverages,41676.40819586468
FR,Fish products,49972.23128415987
FR,Tobacco products (16),8303.84110242838
FR,Textiles (17),22698.665181853245
FR,Wearing apparel; furs (18),15163.090619341214
FR,Leather and leather products (19),6689.113227964786
FR,Wood and products of wood and cork (except furniture); articles of straw and plaiting materials (20),36795.41972559609
FR,"Wood material for treatment, Re-processing of secondary wood material into new wood material",0.0
FR,Pulp,30279.32680978722
FR,"Secondary paper for treatment, Re-processing of secondary paper into new pulp",0.0
FR,Paper and paper products,17151.438517970997
FR,Printed matter and recorded media (22),42983.39732771697
FR,Coke Oven Coke,30527808.63648384
FR,Gas Coke,0.0
FR,Coal Tar,12658443.679117937
FR,Motor Gasoline,166317.435091085
FR,Aviation Gasoline,166317.40358865974
FR,Gasoline Type Jet Fuel,0.0
FR,Kerosene Type Jet Fuel,166317.40681599558
FR,Kerosene,166317.40527600647
FR,Gas/Diesel Oil,166317.41165844383
FR,Heavy Fuel Oil,166317.39583841898
FR,Refinery Gas,166317.3941482638
FR,Liquefied Petroleum Gases (LPG),166317.42531113393
FR,Refinery Feedstocks,166317.3641766848
FR,Ethane,166317.46226788958
FR,Naphtha,166317.36322405466
FR,White Spirit & SBP,166317.42556706758
FR,Lubricants,166317.39579751017
FR,Bitumen,166317.3943084646
FR,Paraffin Waxes,166317.38553361202
FR,Petroleum Coke,166317.37421000534
FR,Non-specified Petroleum Products,166317.38640899898
FR,Nuclear fuel,1279.0520956673076
FR,"Plastics, basic",501881.4739299146
FR,"Secondary plastic for treatment, Re-processing of secondary plastic into new plastic",0.0
FR,N-fertiliser,65961.88867004184
FR,P- and other fertiliser,531172.2897862942
FR,Chemicals nec,58757.1690263227
FR,Charcoal,0.0
FR,Additives/Blending Components,58811.889182586085
FR,Biogasoline,58809.421007547506
FR,Biodiesels,58810.03729101133
FR,Other Liquid Biofuels,58811.80685526795
FR,Rubber and plastic products (25),28601.390127745097
FR,Glass and glass products,307512.560584315
FR,"Secondary glass for treatment, Re-processing of secondary glass into new glass",0.0
FR,Ceramic goods,567659.0252607019
FR,"Bricks, tiles and construction products, in baked clay",689175.3696922971
FR,"Cement, lime and plaster",333869.90151512617
FR,"Ash for treatment, Re-processing of ash into clinker",0.0
FR,Other non-metallic mineral products,378511.1028664829
FR,Basic iron and steel and of ferro-alloys and first products thereof,501462.3525128723
FR,"Secondary steel for treatment, Re-processing of secondary steel into new steel",0.0
FR,Precious metals,63230.10644955391
FR,"Secondary preciuos metals for treatment, Re-processing of secondary preciuos metals into new preciuos metals",0.0
FR,Aluminium and aluminium products,163093.06573921753
FR,"Secondary aluminium for treatment, Re-processing of secondary aluminium into new aluminium",0.0
FR,"Lead, zinc and tin and products thereof",658200.8324969102
FR,"Secondary lead for treatment, Re-processing of secondary lead into new lead",0.0
FR,Copper products,18354.252151597473
FR,"Secondary copper for treatment, Re-processing of secondary copper into new copper",0.0
FR,Other non-ferrous metal products,6605.086763404951
FR,"Secondary other non-ferrous metals for treatment, Re-processing of secondary other non-ferrous metals into new other non-ferrous metals",0.0
FR,Foundry work services,128492.33132356901
FR,"Fabricated metal products, except machinery and equipment (28)",17618.53217624136
FR,Machinery and equipment n.e.c. (29),12921.65266713366
FR,Office machinery and computers (30),49146.75546264219
FR,Electrical machinery and apparatus n.e.c. (31),3781.1392606540066
FR,"Radio, television and communication equipment and apparatus (32)",3970.0690425698126
FR,"Medical, precision and optical instruments, watches and clocks (33)",0.0
FR,"Motor vehicles, trailers and semi-trailers (34)",16450.215218073394
FR,Other transport equipment (35),3015.969548878098
FR,Furniture; other manufactured goods n.e.c. (36),43538.70907442759
FR,Secondary raw materials,0.0
FR,"Bottles for treatment, Recycling of bottles by direct reuse",0.0
FR,Electricity by coal,5346099.0638904
FR,Electricity by gas,3147806.997296614
FR,Electricity by nuclear,0.10202902641761195
FR,Electricity by hydro,357.4996423660594
FR,Electricity by wind,30.919245913151222
FR,Electricity by petroleum and other oil derivatives,6699959.5316595165
FR,Electricity by biomass and waste,2533514.92128078
FR,Electricity by solar photovoltaic,0.4716250962822665
FR,Electricity by solar thermal,0.0
FR,"Electricity by tide, wave, ocean",54.774280715752475
FR,Electricity by Geothermal,27.764961925974603
FR,Electricity nec,57.79767145203374
FR,Transmission services of electricity,0.05450448848655771
FR,Distribution and trade services of electricity,0.03991289365710323
FR,Coke oven gas,0.0
FR,Blast Furnace Gas,149543.52572255803
FR,Oxygen Steel Furnace Gas,0.0
FR,Gas Works Gas,0.0
FR,Biogas,149692.12460616062
FR,Distribution services of gaseous fuels through mains,149952.9135597645
FR,Steam and hot water supply services,1972793.6684285353
FR,"Collected and purified water, distribution services of water (41)",20897.75551282389
FR,Construction work (45),31288.8157855354
FR,"Secondary construction material for treatment, Re-processing of secondary construction material into aggregates",0.0
FR,"Sale, maintenance, repair of motor vehicles, motor vehicles parts, motorcycles, motor cycles parts and accessoiries",19682.925192890812
FR,Retail trade services of motor fuel,2613.0689449646356
FR,"Wholesale trade and commission trade services, except of motor vehicles and motorcycles (51)",21821.492103003708
FR,"Retail  trade services, except of motor vehicles and motorcycles; repair services of personal and household goods (52)",23489.261523649206
FR,Hotel and restaurant services (55),4958.97935590777
FR,Railway transportation services,83021.32760903411
FR,Other land transportation services,52257.87350828748
FR,Transportation services via pipelines,1226.0200146410234
FR,Sea and coastal water transportation services,1429733.2200252868
FR,Inland water transportation services,448758.6664999874
FR,Air transport services (62),724210.8705576891
FR,Supporting and auxiliary transport services; travel agency services (63),25765.13241238186
FR,Post and telecommunication services (64),7275.414232034459
FR,"Financial intermediation services, except insurance and pension funding services (65)",4852.051653595779
FR,"Insurance and pension funding services, except compulsory social security services (66)",3212.225176753013
FR,Services auxiliary to financial intermediation (67),3027.3471510470595
FR,Real estate services (70),2087.3508645243905
FR,Renting services of machinery and equipment without operator and of personal and household goods (71),42193.54057880026
FR,Computer and related services (72),18495.43159376428
FR,Research and development services (73),14474.97839692326
FR,Other business services (74),17016.39468639488
FR,Public administration and defence services; compulsory social security services (75),63324.71162329379
FR,Education services (80),24053.991365600657
FR,Health and social work services (85),4054.558813195034
FR,Food waste for treatment: incineration,65944.98476113364
FR,Paper waste for treatment: incineration,66480.32878556818
FR,Plastic waste for treatment: incineration,46643.54113557066
FR,Intert/metal waste for treatment: incineration,60047.44873726873
FR,Textiles waste for treatment: incineration,52594.59793507886
FR,Wood waste for treatment: incineration,52980.734313575165
FR,Oil/hazardous waste for treatment: incineration,58146.081843411055
FR,Food waste for treatment: biogasification and land application,47100.852468780446
FR,Paper waste for treatment: biogasification and land application,42067.42843663189
FR,Sewage sludge for treatment: biogasification and land application,46345.829351691646
FR,Food waste for treatment: composting and land application,133482.7263800813
FR,Paper and wood waste for treatment: composting and land application,37261.26399135586
FR,Food waste for treatment: waste water treatment,916907.8882703154
FR,Other waste for treatment: waste water treatment,1012898.6725531447
FR,Food waste for treatment: landfill,608703.6451805208
FR,Paper for treatment: landfill,75573.86360895661
FR,Plastic waste for treatment: landfill,55342.20815260691
FR,Inert/metal/hazardous waste for treatment: landfill,91434.61984997916
FR,Textiles waste for treatment: landfill,46028.26451837104
FR,Wood waste for treatment: landfill,52654.73349903894
FR,Membership organisation services n.e.c. (91),13954.68815648222
FR,"Recreational, cultural and sporting services (92)",15979.981059354439
FR,Other services (93),12570.365178478727
FR,Private households with employed persons (95),0.0
FR,Extra-territorial organizations and bodies,0.0
GR,Paddy rice,887034.5568974476
GR,Wheat,2629386.7500638464
GR,Cereal grains nec,291345.88667925354
GR,"Vegetables, fruit, nuts",233517.7960240774
GR,Oil seeds,1800592.8186378716
GR,"Sugar cane, sugar beet",3265702.594760329
GR,Plant-based fibers,702316.177691645
GR,Crops nec,391941.5781946845
GR,Cattle,3318131.903113911
GR,Pigs,416252.2426739377
GR,Poultry,268526.78351113247
GR,Meat animals nec,1750881.2656555804
GR,Animal products nec,3225252.6115828976
GR,Raw milk,3111015.6034497535
GR,"Wool, silk-worm cocoons",82925.93850929233
GR,Manure (conventional treatment),0.0
GR,Manure (biogas treatment),0.0
GR,"Products of forestry, logging and related services (02)",1851859.0625307984
GR,Fish and other fishing products; services incidental of fishing (05),92571.94915308856
GR,Anthracite,0.0
GR,Coking Coal,0.0
GR,Other Bituminous Coal,2032327.6847607528
GR,Sub-Bituminous Coal,0.0
GR,Patent Fuel,0.0
GR,Lignite/Brown Coal,2032319.7084779232
GR,BKB/Peat Briquettes,0.0
GR,Peat,0.0
GR,"Crude petroleum and services related to crude oil extraction, excluding surveying",37365.94416101805
GR,"Natural gas and services related to natural gas extraction, excluding surveying",441818.2503529567
GR,Natural Gas Liquids,0.0
GR,Other Hydrocarbons,0.0
GR,Uranium and thorium ores (12),0.0
GR,Iron ores,1822079.695890329
GR,Copper ores and concentrates,0.0
GR,Nickel ores and concentrates,228934.7641302684
GR,Aluminium ores and concentrates,1420254.286731347
GR,Precious metal ores and concentrates,48.443385951158376
GR,"Lead, zinc and tin ores and concentrates",446834.133287954
GR,Other non-ferrous metal ores and concentrates,548943.6971613271
GR,Stone,25126.678560584514
GR,Sand and clay,6455001.475233994
GR,"Chemical and fertilizer minerals, salt and other mining and quarrying products n.e.c.",3957309.7887919475
GR,Products of meat cattle,13144.119193120627
GR,Products of meat pigs,15505.90637346956
GR,Products of meat poultry,14648.912970207037
GR,Meat products nec,97532.18494163443
GR,products of Vegetable oils and fats,22042.74975283065
GR,Dairy products,21879.743914061986
GR,Processed rice,49256.354598278034
GR,Sugar,37602.12413655842
GR,Food products nec,42776.41451075292
GR,Beverages,106464.24074396977
GR,Fish products,119096.60691296756
GR,Tobacco products (16),617991.835554954
GR,Textiles (17),37806.665112964205
GR,Wearing apparel; furs (18),773941.6756225391
GR,Leather and leather products (19),33597.21244249836
GR,Wood and products of wood and cork (except furniture); articles of straw and plaiting materials (20),71769.6993898838
GR,"Wood material for treatment, Re-processing of secondary wood material into new wood material",0.0
GR,Pulp,57825.17080125965
GR,"Secondary paper for treatment, Re-processing of secondary paper into new pulp",0.0
GR,Paper and paper products,84034.95266000164
GR,Printed matter and recorded media (22),19768.362431180747
GR,Coke Oven Coke,0.0
GR,Gas Coke,0.0
GR,Coal Tar,0.0
GR,Motor Gasoline,432956.5163593909
GR,Aviation Gasoline,33831.25952528193
GR,Gasoline Type Jet Fuel,0.0
GR,Kerosene Type Jet Fuel,431841.5181990056
GR,Kerosene,81874.06800854547
GR,Gas/Diesel Oil,430896.7482505318
GR,Heavy Fuel Oil,429872.56200158666
GR,Refinery Gas,150785.5867514216
GR,Liquefied Petroleum Gases (LPG),432953.58046476333
GR,Refinery Feedstocks,430994.34125433746
GR,Ethane,0.0
GR,Naphtha,413392.81941686274
GR,White Spirit & SBP,0.0
GR,Lubricants,434720.7660698508
GR,Bitumen,430801.479359814
GR,Paraffin Waxes,0.0
GR,Petroleum Coke,211811.39377130632
GR,Non-specified Petroleum Products,433643.32205101923
GR,Nuclear fuel,0.0
GR,"Plastics, basic",112152.29513993885
GR,"Secondary plastic for treatment, Re-processing of secondary plastic into new plastic",0.0
GR,N-fertiliser,72241.85039122797
GR,P- and other fertiliser,106222.04520031258
GR,Chemicals nec,231314.20034213303
GR,Charcoal,1327407.1747564978
GR,Additives/Blending Components,2582531.455847765
GR,Biogasoline,37779.155179059984
GR,Biodiesels,37718.645824573054
GR,Other Liquid Biofuels,2579775.907556214
GR,Rubber and plastic products (25),67029.53730459808
GR,Glass and glass products,531174.9032008927
GR,"Secondary glass for treatment, Re-processing of secondary glass into new glass",23457.62787596316
GR,Ceramic goods,1500395.0800541714
GR,"Bricks, tiles and construction products, in baked clay",2161790.095768325
GR,"Cement, lime and plaster",1232415.900693713
GR,"Ash for treatment, Re-processing of ash into clinker",23457.62787596316
GR,Other non-metallic mineral products,638745.4813203304
GR,Basic iron and steel and of ferro-alloys and first products thereof,1056956.6069351619
GR,"Secondary steel for treatment, Re-processing of secondary steel into new steel",23457.62452326492
GR,Precious metals,132131.29609842694
GR,"Secondary preciuos metals for treatment, Re-processing of secondary preciuos metals into new preciuos metals",23457.624761683066
GR,Aluminium and aluminium products,443172.91306822695
GR,"Secondary aluminium for treatment, Re-processing of secondary aluminium into new aluminium",23457.62452326492
GR,"Lead, zinc and tin and products thereof",175950.14323686788
GR,"Secondary lead for treatment, Re-processing of secondary lead into new lead",23457.62452326492
GR,Copper products,869143.9716768713
GR,"Secondary copper for treatment, Re-processing of secondary copper into new copper",23457.62452326492
GR,Other non-ferrous metal products,92262.93983507004
GR,"Secondary other non-ferrous metals for treatment, Re-processing of secondary other non-ferrous metals into new other non-ferrous metals",23457.62452326492
GR,Foundry work services,90787.11824341868
GR,"Fabricated metal products, except machinery and equipment (28)",299130.1989851231
GR,Machinery and equipment n.e.c. (29),83496.61315392872
GR,Office machinery and computers (30),33231.09165716211
GR,Electrical machinery and apparatus n.e.c. (31),1302493.5451887774
GR,"Radio, television and communication equipment and apparatus (32)",248287.82592070536
GR,"Medical, precision and optical instruments, watches and clocks (33)",38650.25332246885
GR,"Motor vehicles, trailers and semi-trailers (34)",38213.31661040332
GR,Other transport equipment (35),1706178.012486524
GR,Furniture; other manufactured goods n.e.c. (36),627833.4305363143
GR,Secondary raw materials,392269.2989517335
GR,"Bottles for treatment, Recycling of bottles by direct reuse",401533.49984286865
GR,Electricity by coal,9466986.92855736
GR,Electricity by gas,3934780.9118093993
GR,Electricity by nuclear,892710.5559232014
GR,Electricity by hydro,95.44370650264466
GR,Electricity by wind,511.91440604653684
GR,Electricity by petroleum and other oil derivatives,5590217.168410291
GR,Electricity by biomass and waste,280514.35711626813
GR,Electricity by solar photovoltaic,8.339641678104332
GR,Electricity by solar thermal,0.0
GR,"Electricity by tide, wave, ocean",0.0
GR,Electricity by Geothermal,0.0
GR,Electricity nec,893024.1841193034
GR,Transmission services of electricity,101884.13397838634
GR,Distribution and trade services of electricity,32794.316041365266
GR,Coke oven gas,887626.1622942665
GR,Blast Furnace Gas,888397.5415173696
GR,Oxygen Steel Furnace Gas,414391.97615479777
GR,Gas Works Gas,2096963.9146447163
GR,Biogas,1615.9210842674067
GR,Distribution services of gaseous fuels through mains,199163.3524561227
GR,Steam and hot water supply services,2200111.002960528
GR,"Collected and purified water, distribution services of water (41)",30056.607656003238
GR,Construction work (45),59189.22829528254
GR,"Secondary construction material for treatment, Re-processing of secondary construction material into aggregates",24757.54744482284
GR,"Sale, maintenance, repair of motor vehicles, motor vehicles parts, motorcycles, motor cycles parts and accessoiries",4996.074205699133
GR,Retail trade services of motor fuel,1034.2903189979172
GR,"Wholesale trade and commission trade services, except of motor vehicles and motorcycles (51)",20602.969637999824
GR,"Retail  trade services, except of motor vehicles and motorcycles; repair services of personal and household goods (52)",9250.693498911329
GR,Hotel and restaurant services (55),40492.08684103188
GR,Railway transportation services,59750.45892837935
GR,Other land transportation services,115470.73019259951
GR,Transportation services via pipelines,5718.993347790472
GR,Sea and coastal water transportation services,3245639.4500568085
GR,Inland water transportation services,1228346.3238324623
GR,Air transport services (62),622955.3201359807
GR,Supporting and auxiliary transport services; travel agency services (63),52414.99063627415
GR,Post and telecommunication services (64),7379.800854334258
GR,"Financial intermediation services, except insurance and pension funding services (65)",104.56220370894923
GR,"Insurance and pension funding services, except compulsory social security services (66)",51481.37624301993
GR,Services auxiliary to financial intermediation (67),4856.721006636144
GR,Real estate services (70),7206.994383379704
GR,Renting services of machinery and equipment without operator and of personal and household goods (71),91866.79782464588
GR,Computer and related services (72),16757.37049468334
GR,Research and development services (73),10345.381601924366
GR,Other business services (74),12435.940596078437
GR,Public administration and defence services; compulsory social security services (75),18533.06655144096
GR,Education services (80),4352.4187595631365
GR,Health and social work services (85),9366.79907704792
GR,Food waste for treatment: incineration,400361.2963591012
GR,Paper waste for treatment: incineration,400343.02395863127
GR,Plastic waste for treatment: incineration,401230.517504553
GR,Intert/metal waste for treatment: incineration,400806.59629657795
GR,Textiles waste for treatment: incineration,401268.09889870946
GR,Wood waste for treatment: incineration,401199.0220482081
GR,Oil/hazardous waste for treatment: incineration,400200.90520044387
GR,Food waste for treatment: biogasification and land application,401423.89092030027
GR,Paper waste for treatment: biogasification and land application,401519.77399846766
GR,Sewage sludge for treatment: biogasification and land application,419631.0094425111
GR,Food waste for treatment: composting and land application,401306.6483150383
GR,Paper and wood waste for treatment: composting and land application,401522.2862759871
GR,Food waste for treatment: waste water treatment,430302.05030049843
GR,Other waste for treatment: waste water treatment,431764.25803504727
GR,Food waste for treatment: landfill,417793.72708606103
GR,Paper for treatment: landfill,703873.8149195794
GR,Plastic waste for treatment: landfill,401318.04544606793
GR,Inert/metal/hazardous waste for treatment: landfill,418690.4911814778
GR,Textiles waste for treatment: landfill,401355.08601694996
GR,Wood waste for treatment: landfill,401155.65800902224
GR,Membership organisation services n.e.c. (91),3568.050380695984
GR,"Recreational, cultural and sporting services (92)",8347.440002700658
GR,Other services (93),1920.4690916327604
GR,Private households with employed persons (95),0.0
GR,Extra-territorial organizations and bodies,0.0
HR,Paddy rice,53832.83123500414
HR,Wheat,1008854.3104442176
HR,Cereal grains nec,1200461.0528486357
HR,"Vegetables, fruit, nuts",376160.8397877761
HR,Oil seeds,707674.8273573096
HR,"Sugar cane, sugar beet",278083.18732525385
HR,Plant-based fibers,19362.353520515502
HR,Crops nec,114277.71974113904
HR,Cattle,5154623.611123887
HR,Pigs,2623670.906011064
HR,Poultry,202554.57721131292
HR,Meat animals nec,1256129.7337163384
HR,Animal products nec,5169412.507214381
HR,Raw milk,512953.54432996246
HR,"Wool, silk-worm cocoons",717130.2729993081
HR,Manure (conventional treatment),0.0
HR,Manure (biogas treatment),0.0
HR,"Products of forestry, logging and related services (02)",87809.91465085687
HR,Fish and other fishing products; services incidental of fishing (05),263342.9879468224
HR,Anthracite,12251.890639357975
HR,Coking Coal,19460.047782012545
HR,Other Bituminous Coal,19806.923069424112
HR,Sub-Bituminous Coal,16386.690745372216
HR,Patent Fuel,24636.757109698752
HR,Lignite/Brown Coal,24852.898071220552
HR,BKB/Peat Briquettes,17820.17913845506
HR,Peat,20336.845083916913
HR,"Crude petroleum and services related to crude oil extraction, excluding surveying",357557.5319149658
HR,"Natural gas and services related to natural gas extraction, excluding surveying",139786.44764202123
HR,Natural Gas Liquids,334722.5928690475
HR,Other Hydrocarbons,53921.275978234684
HR,Uranium and thorium ores (12),20158.569243669885
HR,Iron ores,16392.93777722784
HR,Copper ores and concentrates,34959.700054688845
HR,Nickel ores and concentrates,1988.6120420405086
HR,Aluminium ores and concentrates,1090686.1407586802
HR,Precious metal ores and concentrates,18422.601246919345
HR,"Lead, zinc and tin ores and concentrates",22425.399694060987
HR,Other non-ferrous metal ores and concentrates,16389.182606062823
HR,Stone,27489.288172331166
HR,Sand and clay,135237.0891003238
HR,"Chemical and fertilizer minerals, salt and other mining and quarrying products n.e.c.",269835.7488086314
HR,Products of meat cattle,101540.96824283773
HR,Products of meat pigs,76873.33012106358
HR,Products of meat poultry,42475.719014169554
HR,Meat products nec,154294.96141514825
HR,products of Vegetable oils and fats,20979.43337602341
HR,Dairy products,152432.33360033628
HR,Processed rice,17689.005552766488
HR,Sugar,120206.23253582051
HR,Food products nec,45195.56482506867
HR,Beverages,84307.89963715884
HR,Fish products,240359.02368376794
HR,Tobacco products (16),386590.6250214691
HR,Textiles (17),21395.209612290604
HR,Wearing apparel; furs (18),19618.14326932621
HR,Leather and leather products (19),6053.4288453508425
HR,Wood and products of wood and cork (except furniture); articles of straw and plaiting materials (20),100336.36237673041
HR,"Wood material for treatment, Re-processing of secondary wood material into new wood material",0.0
HR,Pulp,101887.90417534963
HR,"Secondary paper for treatment, Re-processing of secondary paper into new pulp",0.0
HR,Paper and paper products,12698.466752934291
HR,Printed matter and recorded media (22),15001.656671090586
HR,Coke Oven Coke,19185.666746941122
HR,Gas Coke,0.0
HR,Coal Tar,20042.146313135785
HR,Motor Gasoline,329476.3709772526
HR,Aviation Gasoline,32763.554702353802
HR,Gasoline Type Jet Fuel,20160.679225557327
HR,Kerosene Type Jet Fuel,395663.8141354782
HR,Kerosene,241447.70072187888
HR,Gas/Diesel Oil,346202.5601420001
HR,Heavy Fuel Oil,340798.7057980598
HR,Refinery Gas,63038.80223543864
HR,Liquefied Petroleum Gases (LPG),324511.8543890708
HR,Refinery Feedstocks,18386.32643664166
HR,Ethane,20160.135187999687
HR,Naphtha,492740.63983540126
HR,White Spirit & SBP,19025.96286973117
HR,Lubricants,94510.0261614908
HR,Bitumen,16646.072946961776
HR,Paraffin Waxes,19280.99184710328
HR,Petroleum Coke,324395.14305946283
HR,Non-specified Petroleum Products,242527.3415634359
HR,Nuclear fuel,1903.7151689452146
HR,"Plastics, basic",196730.11915296406
HR,"Secondary plastic for treatment, Re-processing of secondary plastic into new plastic",0.0
HR,N-fertiliser,777525.0121984527
HR,P- and other fertiliser,31445.995949188145
HR,Chemicals nec,118356.07256791677
HR,Charcoal,299355.22320082877
HR,Additives/Blending Components,485942.7420436647
HR,Biogasoline,29045.58904477713
HR,Biodiesels,68676.27330083142
HR,Other Liquid Biofuels,108380.05896664766
HR,Rubber and plastic products (25),117667.36244918693
HR,Glass and glass products,636470.5060273461
HR,"Secondary glass for treatment, Re-processing of secondary glass into new glass",0.0
HR,Ceramic goods,240526.9715930274
HR,"Bricks, tiles and construction products, in baked clay",369763.94981064426
HR,"Cement, lime and plaster",374263.3669287808
HR,"Ash for treatment, Re-processing of ash into clinker",0.0
HR,Other non-metallic mineral products,413381.8933611761
HR,Basic iron and steel and of ferro-alloys and first products thereof,349272.9909024367
HR,"Secondary steel for treatment, Re-processing of secondary steel into new steel",0.0
HR,Precious metals,54050.0913456173
HR,"Secondary preciuos metals for treatment, Re-processing of secondary preciuos metals into new preciuos metals",0.0
HR,Aluminium and aluminium products,396753.13508678455
HR,"Secondary aluminium for treatment, Re-processing of secondary aluminium into new aluminium",0.0
HR,"Lead, zinc and tin and products thereof",375500.49022042676
HR,"Secondary lead for treatment, Re-processing of secondary lead into new lead",0.0
HR,Copper products,300412.4838799109
HR,"Secondary copper for treatment, Re-processing of secondary copper into new copper",0.0
HR,Other non-ferrous metal products,1957427.9650333782
HR,"Secondary other non-ferrous metals for treatment, Re-processing of secondary other non-ferrous metals into new other non-ferrous metals",0.0
HR,Foundry work services,15616.297867834566
HR,"Fabricated metal products, except machinery and equipment (28)",12978.631431258553
HR,Machinery and equipment n.e.c. (29),13622.406330286009
HR,Office machinery and computers (30),21970.20623770434
HR,Electrical machinery and apparatus n.e.c. (31),172971.6156485999
HR,"Radio, television and communication equipment and apparatus (32)",156129.3018992311
HR,"Medical, precision and optical instruments, watches and clocks (33)",172024.58724479453
HR,"Motor vehicles, trailers and semi-trailers (34)",13379.162683371584
HR,Other transport equipment (35),10506.59809029907
HR,Furniture; other manufactured goods n.e.c. (36),51007.86984208091
HR,Secondary raw materials,82632.75739592523
HR,"Bottles for treatment, Recycling of bottles by direct reuse",0.0
HR,Electricity by coal,3377922.2563169803
HR,Electricity by gas,2712912.998940468
HR,Electricity by nuclear,13604.980927708502
HR,Electricity by hydro,462425.8972987423
HR,Electricity by wind,6.530332497745409
HR,Electricity by petroleum and other oil derivatives,1000121.3713082564
HR,Electricity by biomass and waste,44789.47594514723
HR,Electricity by solar photovoltaic,9.668328780251343
HR,Electricity by solar thermal,0.0
HR,"Electricity by tide, wave, ocean",0.0
HR,Electricity by Geothermal,0.7673647416222369
HR,Electricity nec,13677.760478715185
HR,Transmission services of electricity,53231.966702489604
HR,Distribution and trade services of electricity,151536.09917041377
HR,Coke oven gas,16226.197653193592
HR,Blast Furnace Gas,60054.937088336905
HR,Oxygen Steel Furnace Gas,0.0
HR,Gas Works Gas,0.0
HR,Biogas,215892.03257319622
HR,Distribution services of gaseous fuels through mains,215086.23227304348
HR,Steam and hot water supply services,279927.4973319089
HR,"Collected and purified water, distribution services of water (41)",174734.7277396878
HR,Construction work (45),155963.57575338517
HR,"Secondary construction material for treatment, Re-processing of secondary construction material into aggregates",0.0
HR,"Sale, maintenance, repair of motor vehicles, motor vehicles parts, motorcycles, motor cycles parts and accessoiries",62664.75629704809
HR,Retail trade services of motor fuel,3990504.1572798975
HR,"Wholesale trade and commission trade services, except of motor vehicles and motorcycles (51)",70431.96626253019
HR,"Retail  trade services, except of motor vehicles and motorcycles; repair services of personal and household goods (52)",89697.92190590146
HR,Hotel and restaurant services (55),23829.87737214895
HR,Railway transportation services,234132.09869138736
HR,Other land transportation services,58664.980603770666
HR,Transportation services via pipelines,7271.706487748717
HR,Sea and coastal water transportation services,1177962.7773758434
HR,Inland water transportation services,844198.3083863036
HR,Air transport services (62),229957.58986384733
HR,Supporting and auxiliary transport services; travel agency services (63),82701.07961345026
HR,Post and telecommunication services (64),11633.679379273008
HR,"Financial intermediation services, except insurance and pension funding services (65)",7400.35501433275
HR,"Insurance and pension funding services, except compulsory social security services (66)",8440.065303258649
HR,Services auxiliary to financial intermediation (67),9114.924998087554
HR,Real estate services (70),204089.3517157061
HR,Renting services of machinery and equipment without operator and of personal and household goods (71),25122.644852652378
HR,Computer and related services (72),53944.39343983157
HR,Research and development services (73),39176.8388384859
HR,Other business services (74),107766.38506386653
HR,Public administration and defence services; compulsory social security services (75),77387.9905436425
HR,Education services (80),4904.712058539538
HR,Health and social work services (85),16507.36567045562
HR,Food waste for treatment: incineration,86746.36392161874
HR,Paper waste for treatment: incineration,92050.24371548575
HR,Plastic waste for treatment: incineration,70217.37568852087
HR,Intert/metal waste for treatment: incineration,233325.05686515608
HR,Textiles waste for treatment: incineration,94460.39578024778
HR,Wood waste for treatment: incineration,127473.11558930363
HR,Oil/hazardous waste for treatment: incineration,39599.59459421734
HR,Food waste for treatment: biogasification and land application,104667.52290643692
HR,Paper waste for treatment: biogasification and land application,104558.4316498239
HR,Sewage sludge for treatment: biogasification and land application,40075.49377476605
HR,Food waste for treatment: composting and land application,12074.517198810612
HR,Paper and wood waste for treatment: composting and land application,53725.64104102488
HR,Food waste for treatment: waste water treatment,13652.17984023956
HR,Other waste for treatment: waste water treatment,13835.748910948641
HR,Food waste for treatment: landfill,16702.06337597768
HR,Paper for treatment: landfill,16952.500068679117
HR,Plastic waste for treatment: landfill,8035.622836135071
HR,Inert/metal/hazardous waste for treatment: landfill,16846.25659403653
HR,Textiles waste for treatment: landfill,16129.837022701358
HR,Wood waste for treatment: landfill,16622.398908141688
HR,Membership organisation services n.e.c. (91),492.6091531999903
HR,"Recreational, cultural and sporting services (92)",8730.04589823591
HR,Other services (93),14548.875595807325
HR,Private households with employed persons (95),0.4805736749438426
HR,Extra-territorial organizations and bodies,0.0
HU,Paddy rice,33472.596607740066
HU,Wheat,880675.566511674
HU,Cereal grains nec,835866.9184442351
HU,"Vegetables, fruit, nuts",281348.9228442292
HU,Oil seeds,1202843.4931719748
HU,"Sugar cane, sugar beet",668227.1694410781
HU,Plant-based fibers,26857.501257742402
HU,Crops nec,51359.88012689624
HU,Cattle,3702795.453808314
HU,Pigs,483822.54960271297
HU,Poultry,503126.4820933263
HU,Meat animals nec,659551.3827565274
HU,Animal products nec,2040064.6915579182
HU,Raw milk,2427042.114174828
HU,"Wool, silk-worm cocoons",30657.26900350551
HU,Manure (conventional treatment),0.0
HU,Manure (biogas treatment),0.0
HU,"Products of forestry, logging and related services (02)",287355.15457832627
HU,Fish and other fishing products; services incidental of fishing (05),803304.2607145591
HU,Anthracite,0.0
HU,Coking Coal,0.0
HU,Other Bituminous Coal,1203212.0630359894
HU,Sub-Bituminous Coal,0.0
HU,Patent Fuel,4030965.2827880397
HU,Lignite/Brown Coal,1593097.7089537692
HU,BKB/Peat Briquettes,4260149.850341916
HU,Peat,0.0
HU,"Crude petroleum and services related to crude oil extraction, excluding surveying",364769.15164881625
HU,"Natural gas and services related to natural gas extraction, excluding surveying",223250.3162061344
HU,Natural Gas Liquids,305666.31281153613
HU,Other Hydrocarbons,73585.51629295255
HU,Uranium and thorium ores (12),3112377.1659798413
HU,Iron ores,9376.96062491507
HU,Copper ores and concentrates,4393531.070308156
HU,Nickel ores and concentrates,9376.979538540869
HU,Aluminium ores and concentrates,147124.7332107288
HU,Precious metal ores and concentrates,4348975.307821051
HU,"Lead, zinc and tin ores and concentrates",4388206.997615372
HU,Other non-ferrous metal ores and concentrates,140934.50390973774
HU,Stone,356018.73449917603
HU,Sand and clay,582098.9922962722
HU,"Chemical and fertilizer minerals, salt and other mining and quarrying products n.e.c.",51921.066176674154
HU,Products of meat cattle,56926.467413087055
HU,Products of meat pigs,44355.61685805692
HU,Products of meat poultry,73650.9473229899
HU,Meat products nec,37032.09801598087
HU,products of Vegetable oils and fats,32821.566206947515
HU,Dairy products,88169.03862653149
HU,Processed rice,94052.31517872492
HU,Sugar,54934.77741679327
HU,Food products nec,123426.92990993014
HU,Beverages,189997.97594886512
HU,Fish products,20726.43712555858
HU,Tobacco products (16),38217.64808791506
HU,Textiles (17),47339.92347042855
HU,Wearing apparel; furs (18),42106.261128474456
HU,Leather and leather products (19),47271.14372159188
HU,Wood and products of wood and cork (except furniture); articles of straw and plaiting materials (20),143719.45629092847
HU,"Wood material for treatment, Re-processing of secondary wood material into new wood material",0.0
HU,Pulp,101413.51310214092
HU,"Secondary paper for treatment, Re-processing of secondary paper into new pulp",0.0
HU,Paper and paper products,207922.87447308342
HU,Printed matter and recorded media (22),112560.86895163154
HU,Coke Oven Coke,944504.2105268164
HU,Gas Coke,0.0
HU,Coal Tar,697732.313270665
HU,Motor Gasoline,597178.7403735716
HU,Aviation Gasoline,606672.5774361499
HU,Gasoline Type Jet Fuel,0.0
HU,Kerosene Type Jet Fuel,610356.7570206629
HU,Kerosene,45944.413521203234
HU,Gas/Diesel Oil,611038.5937134849
HU,Heavy Fuel Oil,492857.01690597855
HU,Refinery Gas,611062.855336143
HU,Liquefied Petroleum Gases (LPG),522153.67947332666
HU,Refinery Feedstocks,512534.76842669
HU,Ethane,0.0
HU,Naphtha,610662.3615444473
HU,White Spirit & SBP,504962.73013294477
HU,Lubricants,610247.347865519
HU,Bitumen,517921.59340667346
HU,Paraffin Waxes,489226.3400442197
HU,Petroleum Coke,509351.71757336
HU,Non-specified Petroleum Products,576752.878955838
HU,Nuclear fuel,9741.158891147816
HU,"Plastics, basic",503134.7233393775
HU,"Secondary plastic for treatment, Re-processing of secondary plastic into new plastic",0.0
HU,N-fertiliser,215972.70282037105
HU,P- and other fertiliser,85117.81072587073
HU,Chemicals nec,47421.260363591384
HU,Charcoal,426003.2856255837
HU,Additives/Blending Components,16424.076631580392
HU,Biogasoline,15899.874735109874
HU,Biodiesels,15181.025168989856
HU,Other Liquid Biofuels,520174.2077055848
HU,Rubber and plastic products (25),27076.943428294682
HU,Glass and glass products,497597.12145770644
HU,"Secondary glass for treatment, Re-processing of secondary glass into new glass",0.0
HU,Ceramic goods,940887.9168783866
HU,"Bricks, tiles and construction products, in baked clay",310601.9348710408
HU,"Cement, lime and plaster",301382.30707782716
HU,"Ash for treatment, Re-processing of ash into clinker",0.0
HU,Other non-metallic mineral products,948958.2926434134
HU,Basic iron and steel and of ferro-alloys and first products thereof,113736.90719688396
HU,"Secondary steel for treatment, Re-processing of secondary steel into new steel",0.0
HU,Precious metals,42543.47159790436
HU,"Secondary preciuos metals for treatment, Re-processing of secondary preciuos metals into new preciuos metals",0.0
HU,Aluminium and aluminium products,495422.8599070459
HU,"Secondary aluminium for treatment, Re-processing of secondary aluminium into new aluminium",0.0
HU,"Lead, zinc and tin and products thereof",279957.19611796574
HU,"Secondary lead for treatment, Re-processing of secondary lead into new lead",0.0
HU,Copper products,223535.746897074
HU,"Secondary copper for treatment, Re-processing of secondary copper into new copper",0.0
HU,Other non-ferrous metal products,64910.19694546093
HU,"Secondary other non-ferrous metals for treatment, Re-processing of secondary other non-ferrous metals into new other non-ferrous metals",0.0
HU,Foundry work services,422206.10472288576
HU,"Fabricated metal products, except machinery and equipment (28)",87142.75026914265
HU,Machinery and equipment n.e.c. (29),21214.730627227804
HU,Office machinery and computers (30),1414.1749487397146
HU,Electrical machinery and apparatus n.e.c. (31),36250.90445217048
HU,"Radio, television and communication equipment and apparatus (32)",11620.446245983601
HU,"Medical, precision and optical instruments, watches and clocks (33)",15995.578939258592
HU,"Motor vehicles, trailers and semi-trailers (34)",54179.817472076116
HU,Other transport equipment (35),35063.31081991084
HU,Furniture; other manufactured goods n.e.c. (36),122811.23425662234
HU,Secondary raw materials,63562.0359806315
HU,"Bottles for treatment, Recycling of bottles by direct reuse",0.0
HU,Electricity by coal,14871821.268013489
HU,Electricity by gas,3193623.11919862
HU,Electricity by nuclear,1.2292958079719247
HU,Electricity by hydro,34906.04941461724
HU,Electricity by wind,1399.576868664576
HU,Electricity by petroleum and other oil derivatives,903086.1954297789
HU,Electricity by biomass and waste,534261.9671974917
HU,Electricity by solar photovoltaic,1.320682091406504
HU,Electricity by solar thermal,0.0
HU,"Electricity by tide, wave, ocean",0.0
HU,Electricity by Geothermal,119.17385188261233
HU,Electricity nec,232555.22960438507
HU,Transmission services of electricity,7746.478824875651
HU,Distribution and trade services of electricity,149.0803626436265
HU,Coke oven gas,453880.3481842462
HU,Blast Furnace Gas,457170.1336509774
HU,Oxygen Steel Furnace Gas,0.0
HU,Gas Works Gas,0.0
HU,Biogas,443628.7161081932
HU,Distribution services of gaseous fuels through mains,450514.0292136017
HU,Steam and hot water supply services,1922724.1995732747
HU,"Collected and purified water, distribution services of water (41)",42711.017088066765
HU,Construction work (45),116225.34460999003
HU,"Secondary construction material for treatment, Re-processing of secondary construction material into aggregates",0.0
HU,"Sale, maintenance, repair of motor vehicles, motor vehicles parts, motorcycles, motor cycles parts and accessoiries",137815.07885423052
HU,Retail trade services of motor fuel,340604.5931689805
HU,"Wholesale trade and commission trade services, except of motor vehicles and motorcycles (51)",88393.03555403677
HU,"Retail  trade services, except of motor vehicles and motorcycles; repair services of personal and household goods (52)",18736.676327003046
HU,Hotel and restaurant services (55),179729.81492924227
HU,Railway transportation services,380713.20283644286
HU,Other land transportation services,73565.90663400663
HU,Transportation services via pipelines,1062071.2534425776
HU,Sea and coastal water transportation services,125832.67893191456
HU,Inland water transportation services,477272.3974140427
HU,Air transport services (62),162106.89852343322
HU,Supporting and auxiliary transport services; travel agency services (63),136248.58113980872
HU,Post and telecommunication services (64),7867.415769876595
HU,"Financial intermediation services, except insurance and pension funding services (65)",6052.757081942246
HU,"Insurance and pension funding services, except compulsory social security services (66)",4775.550615058369
HU,Services auxiliary to financial intermediation (67),19796.12693500772
HU,Real estate services (70),11987.177248691927
HU,Renting services of machinery and equipment without operator and of personal and household goods (71),70308.32085851839
HU,Computer and related services (72),24819.602332209677
HU,Research and development services (73),70495.65363481862
HU,Other business services (74),60564.476773772076
HU,Public administration and defence services; compulsory social security services (75),64812.996830744036
HU,Education services (80),4847.419552746037
HU,Health and social work services (85),15878.120620251075
HU,Food waste for treatment: incineration,105095.21092536833
HU,Paper waste for treatment: incineration,101091.51100508815
HU,Plastic waste for treatment: incineration,77546.27262372921
HU,Intert/metal waste for treatment: incineration,112653.80164474428
HU,Textiles waste for treatment: incineration,75749.77391584618
HU,Wood waste for treatment: incineration,335397.1806589903
HU,Oil/hazardous waste for treatment: incineration,95388.44174363975
HU,Food waste for treatment: biogasification and land application,3278194.5116776056
HU,Paper waste for treatment: biogasification and land application,0.0
HU,Sewage sludge for treatment: biogasification and land application,66778.96754803773
HU,Food waste for treatment: composting and land application,63572.07555376151
HU,Paper and wood waste for treatment: composting and land application,1475891.7259280698
HU,Food waste for treatment: waste water treatment,1316484.0481177026
HU,Other waste for treatment: waste water treatment,1290981.8882147914
HU,Food waste for treatment: landfill,312652.54691114463
HU,Paper for treatment: landfill,88270.17098224323
HU,Plastic waste for treatment: landfill,65366.33650537651
HU,Inert/metal/hazardous waste for treatment: landfill,88019.25955222997
HU,Textiles waste for treatment: landfill,74084.80911767237
HU,Wood waste for treatment: landfill,75868.81242993129
HU,Membership organisation services n.e.c. (91),2357.8320324652077
HU,"Recreational, cultural and sporting services (92)",8723.054726631863
HU,Other services (93),47451.44662963828
HU,Private households with employed persons (95),0.0003076717294638997
HU,Extra-territorial organizations and bodies,0.0
IE,Paddy rice,28696.556298890337
IE,Wheat,776165.6389674842
IE,Cereal grains nec,1140033.6053144634
IE,"Vegetables, fruit, nuts",232061.90020191422
IE,Oil seeds,267747.2407189345
IE,"Sugar cane, sugar beet",125152.35033347031
IE,Plant-based fibers,28702.850841193507
IE,Crops nec,30044.10674249028
IE,Cattle,4558684.541043802
IE,Pigs,545834.6921603793
IE,Poultry,198143.75199284373
IE,Meat animals nec,2756585.421898864
IE,Animal products nec,43522.809074507204
IE,Raw milk,4984241.541542021
IE,"Wool, silk-worm cocoons",143945.05468202688
IE,Manure (conventional treatment),0.0
IE,Manure (biogas treatment),0.0
IE,"Products of forestry, logging and related services (02)",2764619.0525736404
IE,Fish and other fishing products; services incidental of fishing (05),254070.75252012105
IE,Anthracite,89806.60851766115
IE,Coking Coal,0.0
IE,Other Bituminous Coal,0.0
IE,Sub-Bituminous Coal,0.0
IE,Patent Fuel,8776.839082680122
IE,Lignite/Brown Coal,10046.51552523544
IE,BKB/Peat Briquettes,0.0
IE,Peat,150092.66755189063
IE,"Crude petroleum and services related to crude oil extraction, excluding surveying",8776.866020704549
IE,"Natural gas and services related to natural gas extraction, excluding surveying",36177.94131014084
IE,Natural Gas Liquids,8776.857004807212
IE,Other Hydrocarbons,24.3248644789939
IE,Uranium and thorium ores (12),0.0
IE,Iron ores,8795.934631886574
IE,Copper ores and concentrates,8778.872613210384
IE,Nickel ores and concentrates,0.0
IE,Aluminium ores and concentrates,0.0
IE,Precious metal ores and concentrates,25648.853416020374
IE,"Lead, zinc and tin ores and concentrates",42051.08629623833
IE,Other non-ferrous metal ores and concentrates,8777.00698755374
IE,Stone,123966.09439087224
IE,Sand and clay,870224.8043417779
IE,"Chemical and fertilizer minerals, salt and other mining and quarrying products n.e.c.",384657.05289615993
IE,Products of meat cattle,22428.67760577614
IE,Products of meat pigs,10304.16103445677
IE,Products of meat poultry,129859.85629696531
IE,Meat products nec,8298.296055839977
IE,products of Vegetable oils and fats,915743.8050454855
IE,Dairy products,28062.12601552607
IE,Processed rice,58433.146087244524
IE,Sugar,67320.90663998768
IE,Food products nec,26927.88857626396
IE,Beverages,41509.466586349365
IE,Fish products,28395.535378952434
IE,Tobacco products (16),9095.162920563498
IE,Textiles (17),4435.577991604696
IE,Wearing apparel; furs (18),16458.373773728585
IE,Leather and leather products (19),3687.8949409869238
IE,Wood and products of wood and cork (except furniture); articles of straw and plaiting materials (20),70778.54106355437
IE,"Wood material for treatment, Re-processing of secondary wood material into new wood material",0.0
IE,Pulp,17365.834561409072
IE,"Secondary paper for treatment, Re-processing of secondary paper into new pulp",0.0
IE,Paper and paper products,2891.4852637975637
IE,Printed matter and recorded media (22),494.39923338756813
IE,Coke Oven Coke,27340.72018016559
IE,Gas Coke,0.0
IE,Coal Tar,27462.47235656763
IE,Motor Gasoline,29472.88814325064
IE,Aviation Gasoline,168720.38660446636
IE,Gasoline Type Jet Fuel,0.0
IE,Kerosene Type Jet Fuel,169158.31388597385
IE,Kerosene,91401.60837721922
IE,Gas/Diesel Oil,30174.150564397103
IE,Heavy Fuel Oil,168127.9181132632
IE,Refinery Gas,276000.83068199386
IE,Liquefied Petroleum Gases (LPG),168926.31529057858
IE,Refinery Feedstocks,135044.98417027752
IE,Ethane,0.0
IE,Naphtha,167783.0897958329
IE,White Spirit & SBP,27340.70589376888
IE,Lubricants,27340.702223224187
IE,Bitumen,0.0
IE,Paraffin Waxes,27365.321439908297
IE,Petroleum Coke,27340.701973614945
IE,Non-specified Petroleum Products,168272.01432527794
IE,Nuclear fuel,348.75381615368184
IE,"Plastics, basic",28871.554104327977
IE,"Secondary plastic for treatment, Re-processing of secondary plastic into new plastic",0.0
IE,N-fertiliser,2705.54055875256
IE,P- and other fertiliser,5469.158794732564
IE,Chemicals nec,1823.2832316107122
IE,Charcoal,86331.07382959471
IE,Additives/Blending Components,44844.053588071176
IE,Biogasoline,2511.653275021256
IE,Biodiesels,2978.6042707427105
IE,Other Liquid Biofuels,74657.75100986211
IE,Rubber and plastic products (25),12052.651338330188
IE,Glass and glass products,486700.08983608236
IE,"Secondary glass for treatment, Re-processing of secondary glass into new glass",0.0
IE,Ceramic goods,429454.90114774066
IE,"Bricks, tiles and construction products, in baked clay",326319.03740842745
IE,"Cement, lime and plaster",442374.3721338628
IE,"Ash for treatment, Re-processing of ash into clinker",0.0
IE,Other non-metallic mineral products,229033.93348159108
IE,Basic iron and steel and of ferro-alloys and first products thereof,5711.698227902463
IE,"Secondary steel for treatment, Re-processing of secondary steel into new steel",0.0
IE,Precious metals,58569.8211726388
IE,"Secondary preciuos metals for treatment, Re-processing of secondary preciuos metals into new preciuos metals",0.0
IE,Aluminium and aluminium products,361931.9483318779
IE,"Secondary aluminium for treatment, Re-processing of secondary aluminium into new aluminium",0.0
IE,"Lead, zinc and tin and products thereof",344658.85362437397
IE,"Secondary lead for treatment, Re-processing of secondary lead into new lead",0.0
IE,Copper products,151670.23365705457
IE,"Secondary copper for treatment, Re-processing of secondary copper into new copper",0.0
IE,Other non-ferrous metal products,151849.91341158422
IE,"Secondary other non-ferrous metals for treatment, Re-processing of secondary other non-ferrous metals into new other non-ferrous metals",0.0
IE,Foundry work services,11033.698895199212
IE,"Fabricated metal products, except machinery and equipment (28)",20678.99251479149
IE,Machinery and equipment n.e.c. (29),7754.134498147286
IE,Office machinery and computers (30),426.4222094814676
IE,Electrical machinery and apparatus n.e.c. (31),15827.499293582849
IE,"Radio, television and communication equipment and apparatus (32)",580.1678604776771
IE,"Medical, precision and optical instruments, watches and clocks (33)",8706.441842567063
IE,"Motor vehicles, trailers and semi-trailers (34)",11036.095148082306
IE,Other transport equipment (35),1024.241935539063
IE,Furniture; other manufactured goods n.e.c. (36),21383.977371900437
IE,Secondary raw materials,735.6739172029114
IE,"Bottles for treatment, Recycling of bottles by direct reuse",0.0
IE,Electricity by coal,9074204.987387946
IE,Electricity by gas,3011076.7432781807
IE,Electricity by nuclear,676184.8459288863
IE,Electricity by hydro,1922.9473381659802
IE,Electricity by wind,2156.206303519432
IE,Electricity by petroleum and other oil derivatives,6816870.395458923
IE,Electricity by biomass and waste,4602621.5857420685
IE,Electricity by solar photovoltaic,627.2312442732299
IE,Electricity by solar thermal,0.0
IE,"Electricity by tide, wave, ocean",890307.0210213423
IE,Electricity by Geothermal,316590.42920709186
IE,Electricity nec,785201.7577906816
IE,Transmission services of electricity,14.922065833578515
IE,Distribution and trade services of electricity,8.534218218929013
IE,Coke oven gas,471137.0193018923
IE,Blast Furnace Gas,461427.53103943024
IE,Oxygen Steel Furnace Gas,863327.8409808374
IE,Gas Works Gas,555642.0022272762
IE,Biogas,311468.6758274492
IE,Distribution services of gaseous fuels through mains,222220.43990433484
IE,Steam and hot water supply services,710140.4538111616
IE,"Collected and purified water, distribution services of water (41)",5059.048873239247
IE,Construction work (45),28907.5135501238
IE,"Secondary construction material for treatment, Re-processing of secondary construction material into aggregates",0.0
IE,"Sale, maintenance, repair of motor vehicles, motor vehicles parts, motorcycles, motor cycles parts and accessoiries",6405.85188584623
IE,Retail trade services of motor fuel,29925.92883730206
IE,"Wholesale trade and commission trade services, except of motor vehicles and motorcycles (51)",44964.354870521216
IE,"Retail  trade services, except of motor vehicles and motorcycles; repair services of personal and household goods (52)",15263.667695299979
IE,Hotel and restaurant services (55),18502.58110846799
IE,Railway transportation services,172160.79536247833
IE,Other land transportation services,16497.093058150163
IE,Transportation services via pipelines,201917.8762684048
IE,Sea and coastal water transportation services,623237.8896827357
IE,Inland water transportation services,285533.8130378302
IE,Air transport services (62),183980.12595813806
IE,Supporting and auxiliary transport services; travel agency services (63),29408.555981748657
IE,Post and telecommunication services (64),1663.7050697971981
IE,"Financial intermediation services, except insurance and pension funding services (65)",333.3928791440827
IE,"Insurance and pension funding services, except compulsory social security services (66)",1072.4161633751578
IE,Services auxiliary to financial intermediation (67),3132.6908015175663
IE,Real estate services (70),848.8507728213286
IE,Renting services of machinery and equipment without operator and of personal and household goods (71),1161.5798080766754
IE,Computer and related services (72),208.14404167285073
IE,Research and development services (73),1364.3225183415393
IE,Other business services (74),8016.30669284114
IE,Public administration and defence services; compulsory social security services (75),27340.701971013845
IE,Education services (80),40915.11759665249
IE,Health and social work services (85),3926.1212520878557
IE,Food waste for treatment: incineration,15347.459787335492
IE,Paper waste for treatment: incineration,97474.95759667766
IE,Plastic waste for treatment: incineration,342494.22453084483
IE,Intert/metal waste for treatment: incineration,31652.243510111537
IE,Textiles waste for treatment: incineration,27281.766967682797
IE,Wood waste for treatment: incineration,1473892.5105444964
IE,Oil/hazardous waste for treatment: incineration,29499.279058818334
IE,Food waste for treatment: biogasification and land application,27295.24368089114
IE,Paper waste for treatment: biogasification and land application,15228.50166311932
IE,Sewage sludge for treatment: biogasification and land application,30569.571229186666
IE,Food waste for treatment: composting and land application,38291.08095448356
IE,Paper and wood waste for treatment: composting and land application,27335.66065596095
IE,Food waste for treatment: waste water treatment,371121.99700926314
IE,Other waste for treatment: waste water treatment,367416.6721524087
IE,Food waste for treatment: landfill,121659.16327429672
IE,Paper for treatment: landfill,33701.77756992987
IE,Plastic waste for treatment: landfill,8765358.71633863
IE,Inert/metal/hazardous waste for treatment: landfill,32913.27005648124
IE,Textiles waste for treatment: landfill,29743.403759679222
IE,Wood waste for treatment: landfill,29984.30662274011
IE,Membership organisation services n.e.c. (91),31161.849630093897
IE,"Recreational, cultural and sporting services (92)",20621.795677218495
IE,Other services (93),81408.566438092
IE,Private households with employed persons (95),0.0
IE,Extra-territorial organizations and bodies,0.0
IT,Paddy rice,1922987.3090987047
IT,Wheat,1293033.0538217735
IT,Cereal grains nec,758233.9965764916
IT,"Vegetables, fruit, nuts",263459.21695824555
IT,Oil seeds,971155.5544642799
IT,"Sugar cane, sugar beet",442760.6548274048
IT,Plant-based fibers,2403521.385367252
IT,Crops nec,53273.5078680724
IT,Cattle,1388130.8471928015
IT,Pigs,494529.0822252334
IT,Poultry,301444.7883736137
IT,Meat animals nec,531832.7786357732
IT,Animal products nec,533773.967321444
IT,Raw milk,2747753.7101739673
IT,"Wool, silk-worm cocoons",46789.116314747786
IT,Manure (conventional treatment),0.0
IT,Manure (biogas treatment),0.0
IT,"Products of forestry, logging and related services (02)",98527.58054189342
IT,Fish and other fishing products; services incidental of fishing (05),392319.7031468087
IT,Anthracite,53907.63658746199
IT,Coking Coal,26407.443757415807
IT,Other Bituminous Coal,342.8144735723671
IT,Sub-Bituminous Coal,4964.134201079599
IT,Patent Fuel,61247.82099786617
IT,Lignite/Brown Coal,713.2777064549695
IT,BKB/Peat Briquettes,53111.986597769996
IT,Peat,18452.644894278223
IT,"Crude petroleum and services related to crude oil extraction, excluding surveying",268949.7328267849
IT,"Natural gas and services related to natural gas extraction, excluding surveying",955236.7669197728
IT,Natural Gas Liquids,129977.91487769478
IT,Other Hydrocarbons,18452.64007524815
IT,Uranium and thorium ores (12),19935.506480896922
IT,Iron ores,16461.589901085375
IT,Copper ores and concentrates,2435.1803669921833
IT,Nickel ores and concentrates,0.0
IT,Aluminium ores and concentrates,27034.845359965544
IT,Precious metal ores and concentrates,9228.181791347934
IT,"Lead, zinc and tin ores and concentrates",4837.425936257505
IT,Other non-ferrous metal ores and concentrates,6928.218645882176
IT,Stone,866167.8100690147
IT,Sand and clay,1278840.1611790787
IT,"Chemical and fertilizer minerals, salt and other mining and quarrying products n.e.c.",122965.17926736645
IT,Products of meat cattle,19534.628493227945
IT,Products of meat pigs,27028.69134359387
IT,Products of meat poultry,24056.91014764758
IT,Meat products nec,28813.87392622383
IT,products of Vegetable oils and fats,93595.4431946834
IT,Dairy products,23105.967115090498
IT,Processed rice,21543.179186622976
IT,Sugar,173118.4610235272
IT,Food products nec,32786.77080269782
IT,Beverages,54779.480814669085
IT,Fish products,29379.392855702175
IT,Tobacco products (16),27136.28414173294
IT,Textiles (17),26025.56838540691
IT,Wearing apparel; furs (18),16734.998093193186
IT,Leather and leather products (19),14020.207715495693
IT,Wood and products of wood and cork (except furniture); articles of straw and plaiting materials (20),38867.23069365187
IT,"Wood material for treatment, Re-processing of secondary wood material into new wood material",0.0
IT,Pulp,41535.73233559589
IT,"Secondary paper for treatment, Re-processing of secondary paper into new pulp",0.0
IT,Paper and paper products,53658.88603981695
IT,Printed matter and recorded media (22),14290.01997824929
IT,Coke Oven Coke,15181188.650579369
IT,Gas Coke,0.0
IT,Coal Tar,230129.94333385257
IT,Motor Gasoline,338760.6831704484
IT,Aviation Gasoline,132603.74908995477
IT,Gasoline Type Jet Fuel,9610.984313752755
IT,Kerosene Type Jet Fuel,335461.3991462313
IT,Kerosene,353982.49877074646
IT,Gas/Diesel Oil,351956.8678277118
IT,Heavy Fuel Oil,350587.2228828253
IT,Refinery Gas,324193.839458946
IT,Liquefied Petroleum Gases (LPG),288492.98642058845
IT,Refinery Feedstocks,331786.85014134785
IT,Ethane,9958.293582215103
IT,Naphtha,293366.1509754175
IT,White Spirit & SBP,60492.03446057221
IT,Lubricants,339007.200734396
IT,Bitumen,335385.6732352072
IT,Paraffin Waxes,336794.8606653906
IT,Petroleum Coke,291755.47211270046
IT,Non-specified Petroleum Products,307263.3735760253
IT,Nuclear fuel,7972.351733815137
IT,"Plastics, basic",202239.04063298058
IT,"Secondary plastic for treatment, Re-processing of secondary plastic into new plastic",0.0
IT,N-fertiliser,32229.207534608955
IT,P- and other fertiliser,59060.28703890392
IT,Chemicals nec,60000.704901396304
IT,Charcoal,103475.09155937309
IT,Additives/Blending Components,73825.41016454287
IT,Biogasoline,116223.36527629389
IT,Biodiesels,55414.299320172606
IT,Other Liquid Biofuels,58866.80147745471
IT,Rubber and plastic products (25),15202.930101769878
IT,Glass and glass products,149227.35271209825
IT,"Secondary glass for treatment, Re-processing of secondary glass into new glass",0.0
IT,Ceramic goods,441295.04110835574
IT,"Bricks, tiles and construction products, in baked clay",645615.4619269706
IT,"Cement, lime and plaster",343682.4172832534
IT,"Ash for treatment, Re-processing of ash into clinker",0.0
IT,Other non-metallic mineral products,272416.8123702021
IT,Basic iron and steel and of ferro-alloys and first products thereof,131787.20856231565
IT,"Secondary steel for treatment, Re-processing of secondary steel into new steel",0.0
IT,Precious metals,17495.577390565122
IT,"Secondary preciuos metals for treatment, Re-processing of secondary preciuos metals into new preciuos metals",0.0
IT,Aluminium and aluminium products,27552.147672654115
IT,"Secondary aluminium for treatment, Re-processing of secondary aluminium into new aluminium",0.0
IT,"Lead, zinc and tin and products thereof",110341.53201017166
IT,"Secondary lead for treatment, Re-processing of secondary lead into new lead",0.0
IT,Copper products,16389.506578819448
IT,"Secondary copper for treatment, Re-processing of secondary copper into new copper",0.0
IT,Other non-ferrous metal products,221593.38203698702
IT,"Secondary other non-ferrous metals for treatment, Re-processing of secondary other non-ferrous metals into new other non-ferrous metals",0.0
IT,Foundry work services,594911.1401417091
IT,"Fabricated metal products, except machinery and equipment (28)",31851.263653310416
IT,Machinery and equipment n.e.c. (29),17854.337622874213
IT,Office machinery and computers (30),63017.42865167966
IT,Electrical machinery and apparatus n.e.c. (31),25426.931084731954
IT,"Radio, television and communication equipment and apparatus (32)",20223.46763616543
IT,"Medical, precision and optical instruments, watches and clocks (33)",19815.162606653663
IT,"Motor vehicles, trailers and semi-trailers (34)",4193.724972135335
IT,Other transport equipment (35),2716.240216256808
IT,Furniture; other manufactured goods n.e.c. (36),21868.498953317354
IT,Secondary raw materials,128757.9806183709
IT,"Bottles for treatment, Recycling of bottles by direct reuse",0.0
IT,Electricity by coal,7045261.59430201
IT,Electricity by gas,2741440.687691596
IT,Electricity by nuclear,575459.9297630877
IT,Electricity by hydro,2894.8906243827028
IT,Electricity by wind,33969.43824228903
IT,Electricity by petroleum and other oil derivatives,5448703.764238589
IT,Electricity by biomass and waste,1148832.3144246868
IT,Electricity by solar photovoltaic,351.15482124606444
IT,Electricity by solar thermal,55731.14446229737
IT,"Electricity by tide, wave, ocean",24008.993097302453
IT,Electricity by Geothermal,1027.8027926228087
IT,Electricity nec,407747.41078323254
IT,Transmission services of electricity,70951.38961355637
IT,Distribution and trade services of electricity,16308.07093259081
IT,Coke oven gas,173147.25124952508
IT,Blast Furnace Gas,1663547.153555791
IT,Oxygen Steel Furnace Gas,36749.04050471471
IT,Gas Works Gas,406.23622146274124
IT,Biogas,341095.43061543006
IT,Distribution services of gaseous fuels through mains,50642.789602171455
IT,Steam and hot water supply services,2316881.0338973687
IT,"Collected and purified water, distribution services of water (41)",9321.51454071602
IT,Construction work (45),33947.706045059385
IT,"Secondary construction material for treatment, Re-processing of secondary construction material into aggregates",0.0
IT,"Sale, maintenance, repair of motor vehicles, motor vehicles parts, motorcycles, motor cycles parts and accessoiries",11015.741315259118
IT,Retail trade services of motor fuel,2709.8139865323074
IT,"Wholesale trade and commission trade services, except of motor vehicles and motorcycles (51)",14347.455942401994
IT,"Retail  trade services, except of motor vehicles and motorcycles; repair services of personal and household goods (52)",15465.07930117441
IT,Hotel and restaurant services (55),20635.624482945073
IT,Railway transportation services,80407.31384960237
IT,Other land transportation services,49099.41716646533
IT,Transportation services via pipelines,373603.91856355657
IT,Sea and coastal water transportation services,597250.103791702
IT,Inland water transportation services,316709.5103132262
IT,Air transport services (62),342447.7079025526
IT,Supporting and auxiliary transport services; travel agency services (63),38724.958397350034
IT,Post and telecommunication services (64),387.33949932421524
IT,"Financial intermediation services, except insurance and pension funding services (65)",15498.273261186498
IT,"Insurance and pension funding services, except compulsory social security services (66)",1276.2172074230612
IT,Services auxiliary to financial intermediation (67),6222.565391793918
IT,Real estate services (70),2073.966414022562
IT,Renting services of machinery and equipment without operator and of personal and household goods (71),33035.081936303584
IT,Computer and related services (72),11803.155600535456
IT,Research and development services (73),46239.552998682644
IT,Other business services (74),18227.721714928863
IT,Public administration and defence services; compulsory social security services (75),47941.33269768984
IT,Education services (80),33762.72792091158
IT,Health and social work services (85),48743.46797614503
IT,Food waste for treatment: incineration,123137.80372591926
IT,Paper waste for treatment: incineration,28491.47836263247
IT,Plastic waste for treatment: incineration,15693.638390757325
IT,Intert/metal waste for treatment: incineration,37246.97451024213
IT,Textiles waste for treatment: incineration,3064959.6447062157
IT,Wood waste for treatment: incineration,30855.26589027731
IT,Oil/hazardous waste for treatment: incineration,26859.413463824487
IT,Food waste for treatment: biogasification and land application,124214.87617367717
IT,Paper waste for treatment: biogasification and land application,66475.66228016697
IT,Sewage sludge for treatment: biogasification and land application,37450.38356111488
IT,Food waste for treatment: composting and land application,29160.37884828641
IT,Paper and wood waste for treatment: composting and land application,45865.03978322445
IT,Food waste for treatment: waste water treatment,367265.54475293984
IT,Other waste for treatment: waste water treatment,515405.5346089953
IT,Food waste for treatment: landfill,126498.2365551554
IT,Paper for treatment: landfill,19093.019730194865
IT,Plastic waste for treatment: landfill,19615.378668372214
IT,Inert/metal/hazardous waste for treatment: landfill,21303.495688018356
IT,Textiles waste for treatment: landfill,13815.77348728532
IT,Wood waste for treatment: landfill,48485.38326305732
IT,Membership organisation services n.e.c. (91),50331.84799184762
IT,"Recreational, cultural and sporting services (92)",6492.0881930812
IT,Other services (93),2633.249339712425
IT,Private households with employed persons (95),0.0
IT,Extra-territorial organizations and bodies,0.0
LT,Paddy rice,0.0
LT,Wheat,1261023.1949869823
LT,Cereal grains nec,1351793.5108957856
LT,"Vegetables, fruit, nuts",255177.15026688905
LT,Oil seeds,1072583.5829131752
LT,"Sugar cane, sugar beet",500459.22824207897
LT,Plant-based fibers,35055275.54861617
LT,Crops nec,282805.4902323883
LT,Cattle,7933204.041404631
LT,Pigs,351662.8144870133
LT,Poultry,212572.64883815745
LT,Meat animals nec,3511115.1050282717
LT,Animal products nec,401547.781041633
LT,Raw milk,1323000.5148855594
LT,"Wool, silk-worm cocoons",895.3967728850985
LT,Manure (conventional treatment),0.0
LT,Manure (biogas treatment),0.0
LT,"Products of forestry, logging and related services (02)",455255.7468798979
LT,Fish and other fishing products; services incidental of fishing (05),745293.0292197351
LT,Anthracite,0.0
LT,Coking Coal,0.0
LT,Other Bituminous Coal,45519.02627838321
LT,Sub-Bituminous Coal,0.0
LT,Patent Fuel,0.0
LT,Lignite/Brown Coal,0.0
LT,BKB/Peat Briquettes,0.0
LT,Peat,45506.54685299475
LT,"Crude petroleum and services related to crude oil extraction, excluding surveying",50173.16638520464
LT,"Natural gas and services related to natural gas extraction, excluding surveying",10966471.164462166
LT,Natural Gas Liquids,0.0
LT,Other Hydrocarbons,0.0
LT,Uranium and thorium ores (12),0.0
LT,Iron ores,0.0
LT,Copper ores and concentrates,0.0
LT,Nickel ores and concentrates,0.0
LT,Aluminium ores and concentrates,0.0
LT,Precious metal ores and concentrates,0.0
LT,"Lead, zinc and tin ores and concentrates",0.0
LT,Other non-ferrous metal ores and concentrates,0.0
LT,Stone,535162.5023815506
LT,Sand and clay,994021.7091398612
LT,"Chemical and fertilizer minerals, salt and other mining and quarrying products n.e.c.",338790.57166301855
LT,Products of meat cattle,16035.391245632545
LT,Products of meat pigs,62462.61167632628
LT,Products of meat poultry,42975.73099008107
LT,Meat products nec,24504.80428214703
LT,products of Vegetable oils and fats,42947.651306650376
LT,Dairy products,133348.5757528818
LT,Processed rice,3984352.731048042
LT,Sugar,59278.85028321641
LT,Food products nec,149955.99069858235
LT,Beverages,156962.2480505601
LT,Fish products,75197.36942274812
LT,Tobacco products (16),421527.674679113
LT,Textiles (17),57138.56359111441
LT,Wearing apparel; furs (18),105302.24634009592
LT,Leather and leather products (19),61146.34594161535
LT,Wood and products of wood and cork (except furniture); articles of straw and plaiting materials (20),363371.0381465098
LT,"Wood material for treatment, Re-processing of secondary wood material into new wood material",0.0
LT,Pulp,79183.1207442668
LT,"Secondary paper for treatment, Re-processing of secondary paper into new pulp",0.0
LT,Paper and paper products,111914.8638840193
LT,Printed matter and recorded media (22),25377.15539791211
LT,Coke Oven Coke,4985.654918693844
LT,Gas Coke,0.0
LT,Coal Tar,0.0
LT,Motor Gasoline,150407.62008643508
LT,Aviation Gasoline,0.0
LT,Gasoline Type Jet Fuel,0.0
LT,Kerosene Type Jet Fuel,150595.27363992453
LT,Kerosene,0.0
LT,Gas/Diesel Oil,150595.2753783452
LT,Heavy Fuel Oil,150595.2722691603
LT,Refinery Gas,150595.27514972177
LT,Liquefied Petroleum Gases (LPG),150595.27535367734
LT,Refinery Feedstocks,0.0
LT,Ethane,0.0
LT,Naphtha,0.0
LT,White Spirit & SBP,0.0
LT,Lubricants,150595.2756514355
LT,Bitumen,150595.27813222585
LT,Paraffin Waxes,0.0
LT,Petroleum Coke,150595.18869949356
LT,Non-specified Petroleum Products,150595.2780122026
LT,Nuclear fuel,98.55516575880108
LT,"Plastics, basic",143529.43618739874
LT,"Secondary plastic for treatment, Re-processing of secondary plastic into new plastic",0.0
LT,N-fertiliser,78541.85651341235
LT,P- and other fertiliser,276807.4717108776
LT,Chemicals nec,79625.53675897795
LT,Charcoal,54237.76906582904
LT,Additives/Blending Components,79648.60960931018
LT,Biogasoline,55432.31011086194
LT,Biodiesels,54907.76509476934
LT,Other Liquid Biofuels,79648.33982186427
LT,Rubber and plastic products (25),96838.87500308541
LT,Glass and glass products,278575.8569988692
LT,"Secondary glass for treatment, Re-processing of secondary glass into new glass",0.0
LT,Ceramic goods,412884.108533021
LT,"Bricks, tiles and construction products, in baked clay",1355183.5165048363
LT,"Cement, lime and plaster",324523.01798176445
LT,"Ash for treatment, Re-processing of ash into clinker",0.0
LT,Other non-metallic mineral products,2765875.214780239
LT,Basic iron and steel and of ferro-alloys and first products thereof,48235.83054832798
LT,"Secondary steel for treatment, Re-processing of secondary steel into new steel",0.0
LT,Precious metals,25704.75215376071
LT,"Secondary preciuos metals for treatment, Re-processing of secondary preciuos metals into new preciuos metals",0.0
LT,Aluminium and aluminium products,37817.29057040717
LT,"Secondary aluminium for treatment, Re-processing of secondary aluminium into new aluminium",0.0
LT,"Lead, zinc and tin and products thereof",50000.86003807485
LT,"Secondary lead for treatment, Re-processing of secondary lead into new lead",0.0
LT,Copper products,40216.149891917696
LT,"Secondary copper for treatment, Re-processing of secondary copper into new copper",0.0
LT,Other non-ferrous metal products,34059.76793091141
LT,"Secondary other non-ferrous metals for treatment, Re-processing of secondary other non-ferrous metals into new other non-ferrous metals",0.0
LT,Foundry work services,55555.32871459621
LT,"Fabricated metal products, except machinery and equipment (28)",35954.793902875965
LT,Machinery and equipment n.e.c. (29),39578.131504358564
LT,Office machinery and computers (30),36241.45975294143
LT,Electrical machinery and apparatus n.e.c. (31),62371.38442060957
LT,"Radio, television and communication equipment and apparatus (32)",191992.4795370759
LT,"Medical, precision and optical instruments, watches and clocks (33)",117267.92618358326
LT,"Motor vehicles, trailers and semi-trailers (34)",9967.770636501024
LT,Other transport equipment (35),29911.96847827589
LT,Furniture; other manufactured goods n.e.c. (36),62548.429008423846
LT,Secondary raw materials,2246334.4240540164
LT,"Bottles for treatment, Recycling of bottles by direct reuse",0.0
LT,Electricity by coal,20302.647180369655
LT,Electricity by gas,53299.36370732127
LT,Electricity by nuclear,21921.859487890317
LT,Electricity by hydro,13558.079133870555
LT,Electricity by wind,4142.522358708255
LT,Electricity by petroleum and other oil derivatives,399479.57407822466
LT,Electricity by biomass and waste,1839246.180354233
LT,Electricity by solar photovoltaic,1237.3090184886362
LT,Electricity by solar thermal,0.0
LT,"Electricity by tide, wave, ocean",0.0
LT,Electricity by Geothermal,10096.73152398141
LT,Electricity nec,34818.28032588568
LT,Transmission services of electricity,52770.02340056726
LT,Distribution and trade services of electricity,1170.5259655397824
LT,Coke oven gas,23082.248072946568
LT,Blast Furnace Gas,34878.62371383002
LT,Oxygen Steel Furnace Gas,10169.106438140156
LT,Gas Works Gas,10102.331679603953
LT,Biogas,1826.9288339629989
LT,Distribution services of gaseous fuels through mains,2634.088150685359
LT,Steam and hot water supply services,1466753.7976043848
LT,"Collected and purified water, distribution services of water (41)",51044.1326077895
LT,Construction work (45),111852.23207424606
LT,"Secondary construction material for treatment, Re-processing of secondary construction material into aggregates",0.0
LT,"Sale, maintenance, repair of motor vehicles, motor vehicles parts, motorcycles, motor cycles parts and accessoiries",182378.54637327595
LT,Retail trade services of motor fuel,387604.50160901493
LT,"Wholesale trade and commission trade services, except of motor vehicles and motorcycles (51)",91233.3694632699
LT,"Retail  trade services, except of motor vehicles and motorcycles; repair services of personal and household goods (52)",56307.36061930385
LT,Hotel and restaurant services (55),38106.855086405565
LT,Railway transportation services,923360.2204006428
LT,Other land transportation services,134600.19941418228
LT,Transportation services via pipelines,4687976.086029554
LT,Sea and coastal water transportation services,363548.58953633136
LT,Inland water transportation services,158390.42849963706
LT,Air transport services (62),353212.12341144733
LT,Supporting and auxiliary transport services; travel agency services (63),106107.49990668095
LT,Post and telecommunication services (64),32886.69074938143
LT,"Financial intermediation services, except insurance and pension funding services (65)",21041.80909072728
LT,"Insurance and pension funding services, except compulsory social security services (66)",17330.709668139203
LT,Services auxiliary to financial intermediation (67),61011.376213428855
LT,Real estate services (70),126613.77944603602
LT,Renting services of machinery and equipment without operator and of personal and household goods (71),182135.65602625857
LT,Computer and related services (72),25701.37043647825
LT,Research and development services (73),34753.433610843116
LT,Other business services (74),51689.24113519936
LT,Public administration and defence services; compulsory social security services (75),81438.40148956221
LT,Education services (80),9989.843711264195
LT,Health and social work services (85),21373.18693195614
LT,Food waste for treatment: incineration,95572.35436302959
LT,Paper waste for treatment: incineration,83491.90161575461
LT,Plastic waste for treatment: incineration,142739.23320819758
LT,Intert/metal waste for treatment: incineration,159852.0877211195
LT,Textiles waste for treatment: incineration,95846.08549159393
LT,Wood waste for treatment: incineration,138076.8886037211
LT,Oil/hazardous waste for treatment: incineration,3123600.1615681048
LT,Food waste for treatment: biogasification and land application,32746.178384673454
LT,Paper waste for treatment: biogasification and land application,32325.455252841588
LT,Sewage sludge for treatment: biogasification and land application,2956691.789294575
LT,Food waste for treatment: composting and land application,311183.92412557267
LT,Paper and wood waste for treatment: composting and land application,7185.862753032518
LT,Food waste for treatment: waste water treatment,2002710.8842498239
LT,Other waste for treatment: waste water treatment,1574654.1339440069
LT,Food waste for treatment: landfill,403235.1272164856
LT,Paper for treatment: landfill,132046.98002326835
LT,Plastic waste for treatment: landfill,16668.901143100164
LT,Inert/metal/hazardous waste for treatment: landfill,203457.2754590676
LT,Textiles waste for treatment: landfill,85605.46618084548
LT,Wood waste for treatment: landfill,32815.846341434444
LT,Membership organisation services n.e.c. (91),58494.33530922899
LT,"Recreational, cultural and sporting services (92)",76651.89235299041
LT,Other services (93),149663.59723664715
LT,Private households with employed persons (95),0.00021690076740394062
LT,Extra-territorial organizations and bodies,0.0
LU,Paddy rice,4148.628840573471
LU,Wheat,450049.58226519596
LU,Cereal grains nec,203697.91371063242
LU,"Vegetables, fruit, nuts",57573.93776486889
LU,Oil seeds,134730.56809576222
LU,"Sugar cane, sugar beet",54204.75300523545
LU,Plant-based fibers,1980.376439161662
LU,Crops nec,66032.33156111694
LU,Cattle,3345321.0460116407
LU,Pigs,136048.4663923973
LU,Poultry,217204.73744186448
LU,Meat animals nec,157111.51354273784
LU,Animal products nec,847696.5082511895
LU,Raw milk,1650320.300029863
LU,"Wool, silk-worm cocoons",27885.8705957447
LU,Manure (conventional treatment),0.0
LU,Manure (biogas treatment),0.0
LU,"Products of forestry, logging and related services (02)",13455.597576805325
LU,Fish and other fishing products; services incidental of fishing (05),43915.678486109064
LU,Anthracite,0.0
LU,Coking Coal,0.0
LU,Other Bituminous Coal,0.0
LU,Sub-Bituminous Coal,0.0
LU,Patent Fuel,0.0
LU,Lignite/Brown Coal,0.0
LU,BKB/Peat Briquettes,0.06920227628117862
LU,Peat,0.0
LU,"Crude petroleum and services related to crude oil extraction, excluding surveying",0.0
LU,"Natural gas and services related to natural gas extraction, excluding surveying",7847.452109108357
LU,Natural Gas Liquids,0.0
LU,Other Hydrocarbons,0.0
LU,Uranium and thorium ores (12),0.0
LU,Iron ores,0.0
LU,Copper ores and concentrates,0.0
LU,Nickel ores and concentrates,0.0
LU,Aluminium ores and concentrates,0.0
LU,Precious metal ores and concentrates,0.0
LU,"Lead, zinc and tin ores and concentrates",0.0
LU,Other non-ferrous metal ores and concentrates,0.0
LU,Stone,533.1686045297872
LU,Sand and clay,58896.80429035995
LU,"Chemical and fertilizer minerals, salt and other mining and quarrying products n.e.c.",0.0
LU,Products of meat cattle,2843.425027929785
LU,Products of meat pigs,33253.41943961509
LU,Products of meat poultry,2549.7111658840713
LU,Meat products nec,2697.7483023363893
LU,products of Vegetable oils and fats,2454.277084779953
LU,Dairy products,5508.701951413316
LU,Processed rice,2426.663247355582
LU,Sugar,2830.430311567236
LU,Food products nec,7231.391776694169
LU,Beverages,12906.972071619313
LU,Fish products,22883.586098976877
LU,Tobacco products (16),3142.695990085791
LU,Textiles (17),55972.99219820645
LU,Wearing apparel; furs (18),4078.8387127322803
LU,Leather and leather products (19),3366.373047384489
LU,Wood and products of wood and cork (except furniture); articles of straw and plaiting materials (20),12129.681139900602
LU,"Wood material for treatment, Re-processing of secondary wood material into new wood material",0.0
LU,Pulp,1631.486668213413
LU,"Secondary paper for treatment, Re-processing of secondary paper into new pulp",265.4370105653724
LU,Paper and paper products,1851.2052921014838
LU,Printed matter and recorded media (22),3415.134606500025
LU,Coke Oven Coke,0.0
LU,Gas Coke,0.0
LU,Coal Tar,0.0
LU,Motor Gasoline,6132.774697405159
LU,Aviation Gasoline,3778.459697121837
LU,Gasoline Type Jet Fuel,0.0
LU,Kerosene Type Jet Fuel,5478.292125142755
LU,Kerosene,0.0
LU,Gas/Diesel Oil,6132.797744810787
LU,Heavy Fuel Oil,6132.793434665327
LU,Refinery Gas,0.0
LU,Liquefied Petroleum Gases (LPG),2040.4114262454782
LU,Refinery Feedstocks,0.0
LU,Ethane,0.0
LU,Naphtha,0.0
LU,White Spirit & SBP,0.0
LU,Lubricants,0.0
LU,Bitumen,0.0
LU,Paraffin Waxes,0.0
LU,Petroleum Coke,0.0
LU,Non-specified Petroleum Products,0.0
LU,Nuclear fuel,0.0
LU,"Plastics, basic",2617.072298370447
LU,"Secondary plastic for treatment, Re-processing of secondary plastic into new plastic",0.0
LU,N-fertiliser,101.82124392122816
LU,P- and other fertiliser,135346.87251766422
LU,Chemicals nec,6328.92704634564
LU,Charcoal,539361.3315087515
LU,Additives/Blending Components,241098.76057126155
LU,Biogasoline,8482.012390742868
LU,Biodiesels,6403.227401607884
LU,Other Liquid Biofuels,536791.9192924259
LU,Rubber and plastic products (25),1230.156819966246
LU,Glass and glass products,22534.929507602967
LU,"Secondary glass for treatment, Re-processing of secondary glass into new glass",0.0
LU,Ceramic goods,181256.25580183242
LU,"Bricks, tiles and construction products, in baked clay",171509.73713622085
LU,"Cement, lime and plaster",382668.77604056546
LU,"Ash for treatment, Re-processing of ash into clinker",55.98881558294646
LU,Other non-metallic mineral products,453210.84692425746
LU,Basic iron and steel and of ferro-alloys and first products thereof,278626.39352514414
LU,"Secondary steel for treatment, Re-processing of secondary steel into new steel",0.0
LU,Precious metals,39766.555078594996
LU,"Secondary preciuos metals for treatment, Re-processing of secondary preciuos metals into new preciuos metals",0.0
LU,Aluminium and aluminium products,2154.31826998225
LU,"Secondary aluminium for treatment, Re-processing of secondary aluminium into new aluminium",0.0
LU,"Lead, zinc and tin and products thereof",951.2399159496
LU,"Secondary lead for treatment, Re-processing of secondary lead into new lead",0.0
LU,Copper products,1308.558274708957
LU,"Secondary copper for treatment, Re-processing of secondary copper into new copper",0.0
LU,Other non-ferrous metal products,6735.315955297086
LU,"Secondary other non-ferrous metals for treatment, Re-processing of secondary other non-ferrous metals into new other non-ferrous metals",0.0
LU,Foundry work services,5052.358354718486
LU,"Fabricated metal products, except machinery and equipment (28)",4505.479535239433
LU,Machinery and equipment n.e.c. (29),6345.734102333294
LU,Office machinery and computers (30),30.436437512596207
LU,Electrical machinery and apparatus n.e.c. (31),891.2782565287802
LU,"Radio, television and communication equipment and apparatus (32)",177.65717043983446
LU,"Medical, precision and optical instruments, watches and clocks (33)",25476.42356742987
LU,"Motor vehicles, trailers and semi-trailers (34)",675.3832159828037
LU,Other transport equipment (35),4253.009191554924
LU,Furniture; other manufactured goods n.e.c. (36),6541.49839862793
LU,Secondary raw materials,21205.121665465
LU,"Bottles for treatment, Recycling of bottles by direct reuse",191.95146751155727
LU,Electricity by coal,418.3355780814672
LU,Electricity by gas,2839138.591624771
LU,Electricity by nuclear,543.4536357451756
LU,Electricity by hydro,342.3679958166388
LU,Electricity by wind,76.23037691049346
LU,Electricity by petroleum and other oil derivatives,206.38325293166056
LU,Electricity by biomass and waste,441502.6008490644
LU,Electricity by solar photovoltaic,194.82205452098822
LU,Electricity by solar thermal,191.5249756554741
LU,"Electricity by tide, wave, ocean",191.56793213077307
LU,Electricity by Geothermal,191.63121883367882
LU,Electricity nec,198.37033557694213
LU,Transmission services of electricity,2560.937943236724
LU,Distribution and trade services of electricity,2530.97828138617
LU,Coke oven gas,196.2381740316382
LU,Blast Furnace Gas,196.36147645416776
LU,Oxygen Steel Furnace Gas,191.62583797575655
LU,Gas Works Gas,191.85079052078885
LU,Biogas,238.67888622495192
LU,Distribution services of gaseous fuels through mains,147.27821695740434
LU,Steam and hot water supply services,252738.59209901417
LU,"Collected and purified water, distribution services of water (41)",0.0
LU,Construction work (45),4912.834454874648
LU,"Secondary construction material for treatment, Re-processing of secondary construction material into aggregates",191.52495374421315
LU,"Sale, maintenance, repair of motor vehicles, motor vehicles parts, motorcycles, motor cycles parts and accessoiries",15841.348059528707
LU,Retail trade services of motor fuel,22918.332222933142
LU,"Wholesale trade and commission trade services, except of motor vehicles and motorcycles (51)",2654.631594133133
LU,"Retail  trade services, except of motor vehicles and motorcycles; repair services of personal and household goods (52)",3755.0469636315443
LU,Hotel and restaurant services (55),26507.02174092954
LU,Railway transportation services,24625.239244923694
LU,Other land transportation services,47578.08113134249
LU,Transportation services via pipelines,42292.950874126655
LU,Sea and coastal water transportation services,269788.2410617783
LU,Inland water transportation services,11917.162493558077
LU,Air transport services (62),763945.6566024569
LU,Supporting and auxiliary transport services; travel agency services (63),52595.10751727091
LU,Post and telecommunication services (64),186.06047517197112
LU,"Financial intermediation services, except insurance and pension funding services (65)",56.02672340906097
LU,"Insurance and pension funding services, except compulsory social security services (66)",3.6084828998464e-07
LU,Services auxiliary to financial intermediation (67),27.369962494503657
LU,Real estate services (70),12821.1450756839
LU,Renting services of machinery and equipment without operator and of personal and household goods (71),29312.881978609334
LU,Computer and related services (72),46471.278104517434
LU,Research and development services (73),2953.318911391616
LU,Other business services (74),47543.187362428805
LU,Public administration and defence services; compulsory social security services (75),43900.480883112556
LU,Education services (80),13001.845049692765
LU,Health and social work services (85),11768.059409309037
LU,Food waste for treatment: incineration,2807.659428630208
LU,Paper waste for treatment: incineration,2276.5578793781942
LU,Plastic waste for treatment: incineration,97964.3499951766
LU,Intert/metal waste for treatment: incineration,6680.057504635689
LU,Textiles waste for treatment: incineration,18555.234523465922
LU,Wood waste for treatment: incineration,64338.276665969555
LU,Oil/hazardous waste for treatment: incineration,3780.1193048027903
LU,Food waste for treatment: biogasification and land application,43339.90207051067
LU,Paper waste for treatment: biogasification and land application,2632823.4769770666
LU,Sewage sludge for treatment: biogasification and land application,50789.00388982729
LU,Food waste for treatment: composting and land application,3496.1242369915667
LU,Paper and wood waste for treatment: composting and land application,33375.90609765732
LU,Food waste for treatment: waste water treatment,53762.35900784106
LU,Other waste for treatment: waste water treatment,41082.07824134669
LU,Food waste for treatment: landfill,175436.7046490229
LU,Paper for treatment: landfill,2791.4374113328136
LU,Plastic waste for treatment: landfill,3153665.2110581384
LU,Inert/metal/hazardous waste for treatment: landfill,2334795.814444791
LU,Textiles waste for treatment: landfill,2922.65155418965
LU,Wood waste for treatment: landfill,2136.474470070189
LU,Membership organisation services n.e.c. (91),493.3656140273994
LU,"Recreational, cultural and sporting services (92)",1756.8805886196853
LU,Other services (93),478.82827037838234
LU,Private households with employed persons (95),1.549671109194978e-07
LU,Extra-territorial organizations and bodies,0.0
LV,Paddy rice,20975.252608487695
LV,Wheat,545641.9768021622
LV,Cereal grains nec,2789468.484012737
LV,"Vegetables, fruit, nuts",334699.7396134533
LV,Oil seeds,435012.36411177285
LV,"Sugar cane, sugar beet",4706255.658230962
LV,Plant-based fibers,17941.827306663898
LV,Crops nec,221702.38905547478
LV,Cattle,7586576.774654108
LV,Pigs,285374.1758310794
LV,Poultry,1345622.4649367814
LV,Meat animals nec,1383509.798872682
LV,Animal products nec,1425306.1389935226
LV,Raw milk,3185927.660874528
LV,"Wool, silk-worm cocoons",1971306.2669858136
LV,Manure (conventional treatment),0.0
LV,Manure (biogas treatment),0.0
LV,"Products of forestry, logging and related services (02)",193671.30086475
LV,Fish and other fishing products; services incidental of fishing (05),229267.46658179726
LV,Anthracite,0.0
LV,Coking Coal,124547.20650368572
LV,Other Bituminous Coal,312280.32639433444
LV,Sub-Bituminous Coal,0.0
LV,Patent Fuel,40852.922960480195
LV,Lignite/Brown Coal,110663.52713272726
LV,BKB/Peat Briquettes,113189.95004833583
LV,Peat,601141.716593644
LV,"Crude petroleum and services related to crude oil extraction, excluding surveying",69027.11244001721
LV,"Natural gas and services related to natural gas extraction, excluding surveying",302866.70220050495
LV,Natural Gas Liquids,119480.6075441768
LV,Other Hydrocarbons,23461.721318236723
LV,Uranium and thorium ores (12),128647.93214225648
LV,Iron ores,153002.17073832353
LV,Copper ores and concentrates,30182.15386577132
LV,Nickel ores and concentrates,0.0
LV,Aluminium ores and concentrates,0.0
LV,Precious metal ores and concentrates,24709.31031350622
LV,"Lead, zinc and tin ores and concentrates",33392.11084837477
LV,Other non-ferrous metal ores and concentrates,155144.06723661683
LV,Stone,71201.20370361849
LV,Sand and clay,276604.40999609086
LV,"Chemical and fertilizer minerals, salt and other mining and quarrying products n.e.c.",112696.55775121345
LV,Products of meat cattle,152893.8024631691
LV,Products of meat pigs,40892.57626612016
LV,Products of meat poultry,97309.16761628863
LV,Meat products nec,41370.64849670306
LV,products of Vegetable oils and fats,13904.30396417444
LV,Dairy products,125135.16652694068
LV,Processed rice,43098.036857304774
LV,Sugar,107344.62815159751
LV,Food products nec,86114.39428521183
LV,Beverages,249806.41873581227
LV,Fish products,44864.22431501301
LV,Tobacco products (16),30217.92819029499
LV,Textiles (17),131429.1613931127
LV,Wearing apparel; furs (18),25758.033346823526
LV,Leather and leather products (19),45809.8741071954
LV,Wood and products of wood and cork (except furniture); articles of straw and plaiting materials (20),269469.64082351833
LV,"Wood material for treatment, Re-processing of secondary wood material into new wood material",0.0
LV,Pulp,10448.043413203388
LV,"Secondary paper for treatment, Re-processing of secondary paper into new pulp",0.0
LV,Paper and paper products,8834.407717851833
LV,Printed matter and recorded media (22),3654.396579522787
LV,Coke Oven Coke,0.0
LV,Gas Coke,0.0
LV,Coal Tar,0.0
LV,Motor Gasoline,883.0383936141357
LV,Aviation Gasoline,902.0779683902738
LV,Gasoline Type Jet Fuel,0.0
LV,Kerosene Type Jet Fuel,856.4812292546665
LV,Kerosene,0.0
LV,Gas/Diesel Oil,0.0
LV,Heavy Fuel Oil,835653.9221115516
LV,Refinery Gas,0.0
LV,Liquefied Petroleum Gases (LPG),0.0
LV,Refinery Feedstocks,0.0
LV,Ethane,0.0
LV,Naphtha,0.0
LV,White Spirit & SBP,0.0
LV,Lubricants,835499.5081399139
LV,Bitumen,0.0
LV,Paraffin Waxes,0.0
LV,Petroleum Coke,0.0
LV,Non-specified Petroleum Products,835983.2664028007
LV,Nuclear fuel,2.9579449633494353e-05
LV,"Plastics, basic",31888.81571314728
LV,"Secondary plastic for treatment, Re-processing of secondary plastic into new plastic",0.0
LV,N-fertiliser,44623.86443667482
LV,P- and other fertiliser,63198.61827603527
LV,Chemicals nec,75676.19824357344
LV,Charcoal,54684.487270063764
LV,Additives/Blending Components,3190183.804458435
LV,Biogasoline,61389.093730530265
LV,Biodiesels,47958.20491123857
LV,Other Liquid Biofuels,174427.68917149672
LV,Rubber and plastic products (25),70741.58996633557
LV,Glass and glass products,277816.9733980955
LV,"Secondary glass for treatment, Re-processing of secondary glass into new glass",0.0
LV,Ceramic goods,182977.94745561972
LV,"Bricks, tiles and construction products, in baked clay",295368.5749975976
LV,"Cement, lime and plaster",414403.63531269
LV,"Ash for treatment, Re-processing of ash into clinker",0.0
LV,Other non-metallic mineral products,1105644.1338127388
LV,Basic iron and steel and of ferro-alloys and first products thereof,31704.772705724903
LV,"Secondary steel for treatment, Re-processing of secondary steel into new steel",0.0
LV,Precious metals,245163.5255066289
LV,"Secondary preciuos metals for treatment, Re-processing of secondary preciuos metals into new preciuos metals",0.0
LV,Aluminium and aluminium products,74165.25319352892
LV,"Secondary aluminium for treatment, Re-processing of secondary aluminium into new aluminium",0.0
LV,"Lead, zinc and tin and products thereof",199223.51584445027
LV,"Secondary lead for treatment, Re-processing of secondary lead into new lead",0.0
LV,Copper products,31119.517137840183
LV,"Secondary copper for treatment, Re-processing of secondary copper into new copper",0.0
LV,Other non-ferrous metal products,217434.0077402921
LV,"Secondary other non-ferrous metals for treatment, Re-processing of secondary other non-ferrous metals into new other non-ferrous metals",0.0
LV,Foundry work services,167059.02997951314
LV,"Fabricated metal products, except machinery and equipment (28)",69949.73472397323
LV,Machinery and equipment n.e.c. (29),85440.8366419996
LV,Office machinery and computers (30),21252.44929789043
LV,Electrical machinery and apparatus n.e.c. (31),98360.55522815
LV,"Radio, television and communication equipment and apparatus (32)",538.2864607669254
LV,"Medical, precision and optical instruments, watches and clocks (33)",100090.36963770047
LV,"Motor vehicles, trailers and semi-trailers (34)",644859.4744220577
LV,Other transport equipment (35),42459.947204459415
LV,Furniture; other manufactured goods n.e.c. (36),9216.652102735889
LV,Secondary raw materials,71575.46249744797
LV,"Bottles for treatment, Recycling of bottles by direct reuse",0.0
LV,Electricity by coal,2367.9431001376565
LV,Electricity by gas,2261346.8704624367
LV,Electricity by nuclear,4644.3109168426745
LV,Electricity by hydro,141570.98973817987
LV,Electricity by wind,92389.37483467866
LV,Electricity by petroleum and other oil derivatives,2684.8706078713276
LV,Electricity by biomass and waste,144603.61219533478
LV,Electricity by solar photovoltaic,1503.4327953795373
LV,Electricity by solar thermal,1970.8783793760651
LV,"Electricity by tide, wave, ocean",1980.7262278315538
LV,Electricity by Geothermal,1969.0149172117474
LV,Electricity nec,6792.68166374595
LV,Transmission services of electricity,798.2130493977369
LV,Distribution and trade services of electricity,31.00496065906636
LV,Coke oven gas,4621.515069904071
LV,Blast Furnace Gas,3459.9396446875544
LV,Oxygen Steel Furnace Gas,4373.325778962701
LV,Gas Works Gas,7355.858570591931
LV,Biogas,3401.5488099144104
LV,Distribution services of gaseous fuels through mains,22800.81918346294
LV,Steam and hot water supply services,8488688.959646583
LV,"Collected and purified water, distribution services of water (41)",502152.98485328647
LV,Construction work (45),34316.95465685034
LV,"Secondary construction material for treatment, Re-processing of secondary construction material into aggregates",0.0
LV,"Sale, maintenance, repair of motor vehicles, motor vehicles parts, motorcycles, motor cycles parts and accessoiries",20620.160517315373
LV,Retail trade services of motor fuel,16537.865759442353
LV,"Wholesale trade and commission trade services, except of motor vehicles and motorcycles (51)",23573.498753573578
LV,"Retail  trade services, except of motor vehicles and motorcycles; repair services of personal and household goods (52)",17428.308216461424
LV,Hotel and restaurant services (55),11664.288131708412
LV,Railway transportation services,298782.7256930385
LV,Other land transportation services,119694.53176624629
LV,Transportation services via pipelines,3293.427540843796
LV,Sea and coastal water transportation services,1813228.6568900777
LV,Inland water transportation services,837312.0888377657
LV,Air transport services (62),501303.9206220131
LV,Supporting and auxiliary transport services; travel agency services (63),31378.19130676966
LV,Post and telecommunication services (64),35992.63105055111
LV,"Financial intermediation services, except insurance and pension funding services (65)",386.1314911504821
LV,"Insurance and pension funding services, except compulsory social security services (66)",734.7279160426351
LV,Services auxiliary to financial intermediation (67),2317.699642832208
LV,Real estate services (70),29899.651828573216
LV,Renting services of machinery and equipment without operator and of personal and household goods (71),47378.407143653785
LV,Computer and related services (72),16168.402222805154
LV,Research and development services (73),66055.72839078345
LV,Other business services (74),24191.26351300547
LV,Public administration and defence services; compulsory social security services (75),1967.6252344517386
LV,Education services (80),8903.628644089466
LV,Health and social work services (85),10867.53954273857
LV,Food waste for treatment: incineration,287009.78768044413
LV,Paper waste for treatment: incineration,261856.64010746646
LV,Plastic waste for treatment: incineration,7559990.720516232
LV,Intert/metal waste for treatment: incineration,1202905.069518921
LV,Textiles waste for treatment: incineration,2951283.860160626
LV,Wood waste for treatment: incineration,4200156.9485665215
LV,Oil/hazardous waste for treatment: incineration,134193.32993285908
LV,Food waste for treatment: biogasification and land application,2120109.044038096
LV,Paper waste for treatment: biogasification and land application,2124050.1986079053
LV,Sewage sludge for treatment: biogasification and land application,2560011.5102629922
LV,Food waste for treatment: composting and land application,241223.34952160195
LV,Paper and wood waste for treatment: composting and land application,341225.8500731332
LV,Food waste for treatment: waste water treatment,2023744.7744445903
LV,Other waste for treatment: waste water treatment,2655416.271108854
LV,Food waste for treatment: landfill,2243513.110893253
LV,Paper for treatment: landfill,1217131.6025852119
LV,Plastic waste for treatment: landfill,1514194.5699875583
LV,Inert/metal/hazardous waste for treatment: landfill,193645.97502784728
LV,Textiles waste for treatment: landfill,365378.17417936254
LV,Wood waste for treatment: landfill,403790.2636047832
LV,Membership organisation services n.e.c. (91),2323.1118977882265
LV,"Recreational, cultural and sporting services (92)",5960.662792102882
LV,Other services (93),9415.56138530524
LV,Private households with employed persons (95),0.0004561360418636693
LV,Extra-territorial organizations and bodies,0.0
MT,Paddy rice,0.0
MT,Wheat,639830.9264309257
MT,Cereal grains nec,73158.28914551479
MT,"Vegetables, fruit, nuts",132365.99862249798
MT,Oil seeds,581.8697504351767
MT,"Sugar cane, sugar beet",1352.3973906646418
MT,Plant-based fibers,1352.3368648219164
MT,Crops nec,170247.1348783194
MT,Cattle,2228930.377851262
MT,Pigs,296905.84941526403
MT,Poultry,216850.1351726237
MT,Meat animals nec,514681.08917489735
MT,Animal products nec,1352.2646061193575
MT,Raw milk,1915247.914070199
MT,"Wool, silk-worm cocoons",2815.9881232369607
MT,Manure (conventional treatment),0.0
MT,Manure (biogas treatment),0.0
MT,"Products of forestry, logging and related services (02)",0.0
MT,Fish and other fishing products; services incidental of fishing (05),46915.06922396541
MT,Anthracite,714.5536326206376
MT,Coking Coal,645.9275698209549
MT,Other Bituminous Coal,645.4998564276048
MT,Sub-Bituminous Coal,645.1740597062205
MT,Patent Fuel,1436.8552340444585
MT,Lignite/Brown Coal,1436.8689230137256
MT,BKB/Peat Briquettes,645.9249425208978
MT,Peat,645.9089192154054
MT,"Crude petroleum and services related to crude oil extraction, excluding surveying",701.3551969189507
MT,"Natural gas and services related to natural gas extraction, excluding surveying",759.9412126124637
MT,Natural Gas Liquids,1436.8545250567759
MT,Other Hydrocarbons,1438.3556941594713
MT,Uranium and thorium ores (12),645.1742509023799
MT,Iron ores,1436.8632072482267
MT,Copper ores and concentrates,1435.72646476418
MT,Nickel ores and concentrates,714.5537799215209
MT,Aluminium ores and concentrates,714.5536746047309
MT,Precious metal ores and concentrates,727.6230814189325
MT,"Lead, zinc and tin ores and concentrates",1438.2152994977932
MT,Other non-ferrous metal ores and concentrates,1436.8858000094663
MT,Stone,150108.06366733694
MT,Sand and clay,410.4575721362925
MT,"Chemical and fertilizer minerals, salt and other mining and quarrying products n.e.c.",766.2593771863732
MT,Products of meat cattle,345.32787027005156
MT,Products of meat pigs,9727.39892587466
MT,Products of meat poultry,438.3607175319373
MT,Meat products nec,205.53258664870214
MT,products of Vegetable oils and fats,298.586995235033
MT,Dairy products,2010.1456745051491
MT,Processed rice,1089.8097787413433
MT,Sugar,3951.242207810069
MT,Food products nec,57944.201200347576
MT,Beverages,56026.88230211689
MT,Fish products,1292.7885328110203
MT,Tobacco products (16),367.17718523340056
MT,Textiles (17),10735.093388975356
MT,Wearing apparel; furs (18),4253.952434325339
MT,Leather and leather products (19),14441.61511485968
MT,Wood and products of wood and cork (except furniture); articles of straw and plaiting materials (20),31099.738432907478
MT,"Wood material for treatment, Re-processing of secondary wood material into new wood material",0.0
MT,Pulp,668580.3592122633
MT,"Secondary paper for treatment, Re-processing of secondary paper into new pulp",1242780.4851725746
MT,Paper and paper products,7908.87617192563
MT,Printed matter and recorded media (22),984.7203821880462
MT,Coke Oven Coke,146502.83959209634
MT,Gas Coke,226971.62346237194
MT,Coal Tar,72841.80788983559
MT,Motor Gasoline,271948.81699005637
MT,Aviation Gasoline,79998.88088261349
MT,Gasoline Type Jet Fuel,226971.6250173701
MT,Kerosene Type Jet Fuel,1022.0004140941022
MT,Kerosene,2900.107742694098
MT,Gas/Diesel Oil,52343.915631570504
MT,Heavy Fuel Oil,18583.92493981998
MT,Refinery Gas,154970.3700885357
MT,Liquefied Petroleum Gases (LPG),237225.08465843846
MT,Refinery Feedstocks,266732.14876088547
MT,Ethane,80097.89503550869
MT,Naphtha,203596.77807541395
MT,White Spirit & SBP,121526.2227584205
MT,Lubricants,293621.2085627489
MT,Bitumen,612376.0543478758
MT,Paraffin Waxes,145710.38521199735
MT,Petroleum Coke,113983.30433849762
MT,Non-specified Petroleum Products,130611.7228475265
MT,Nuclear fuel,7863.893108158808
MT,"Plastics, basic",41631.880085121484
MT,"Secondary plastic for treatment, Re-processing of secondary plastic into new plastic",1302418.8393004804
MT,N-fertiliser,1240094.3416380528
MT,P- and other fertiliser,764384.4698063332
MT,Chemicals nec,4127.526824699165
MT,Charcoal,1236277.6343276175
MT,Additives/Blending Components,240777.85836442604
MT,Biogasoline,1125100.2549426116
MT,Biodiesels,1225247.8658446423
MT,Other Liquid Biofuels,1056368.4669168238
MT,Rubber and plastic products (25),10820.19290373055
MT,Glass and glass products,3622.457257738643
MT,"Secondary glass for treatment, Re-processing of secondary glass into new glass",918.3002747221218
MT,Ceramic goods,21660.85459703093
MT,"Bricks, tiles and construction products, in baked clay",6413.267100750484
MT,"Cement, lime and plaster",6672.220193341446
MT,"Ash for treatment, Re-processing of ash into clinker",918.3002747221218
MT,Other non-metallic mineral products,4065.4984165221786
MT,Basic iron and steel and of ferro-alloys and first products thereof,61589.63961765018
MT,"Secondary steel for treatment, Re-processing of secondary steel into new steel",7552407.789425054
MT,Precious metals,68392.0916668089
MT,"Secondary preciuos metals for treatment, Re-processing of secondary preciuos metals into new preciuos metals",5921506.083672311
MT,Aluminium and aluminium products,50073.54507030468
MT,"Secondary aluminium for treatment, Re-processing of secondary aluminium into new aluminium",1461741.5359487368
MT,"Lead, zinc and tin and products thereof",76953.26917921193
MT,"Secondary lead for treatment, Re-processing of secondary lead into new lead",136002.02738542308
MT,Copper products,53489.35831064306
MT,"Secondary copper for treatment, Re-processing of secondary copper into new copper",136181.0600948944
MT,Other non-ferrous metal products,75503.83355195328
MT,"Secondary other non-ferrous metals for treatment, Re-processing of secondary other non-ferrous metals into new other non-ferrous metals",146236.4750852969
MT,Foundry work services,49168.15685601973
MT,"Fabricated metal products, except machinery and equipment (28)",4325.929012944947
MT,Machinery and equipment n.e.c. (29),168986.78463885855
MT,Office machinery and computers (30),164.16419644336605
MT,Electrical machinery and apparatus n.e.c. (31),74395.63344593685
MT,"Radio, television and communication equipment and apparatus (32)",3135.746111368317
MT,"Medical, precision and optical instruments, watches and clocks (33)",4556.387596232744
MT,"Motor vehicles, trailers and semi-trailers (34)",1543.9855276528733
MT,Other transport equipment (35),225190.84398065385
MT,Furniture; other manufactured goods n.e.c. (36),90208.8989113346
MT,Secondary raw materials,1263364.3474209537
MT,"Bottles for treatment, Recycling of bottles by direct reuse",1384783.5620168704
MT,Electricity by coal,891.6463472778073
MT,Electricity by gas,1931323.0772536588
MT,Electricity by nuclear,891.6463222045119
MT,Electricity by hydro,891.6463040388728
MT,Electricity by wind,891.6463047432406
MT,Electricity by petroleum and other oil derivatives,5092243.201831978
MT,Electricity by biomass and waste,5615.077079609199
MT,Electricity by solar photovoltaic,0.00307011996450175
MT,Electricity by solar thermal,891.64633391812
MT,"Electricity by tide, wave, ocean",891.6463040059652
MT,Electricity by Geothermal,891.6463684697126
MT,Electricity nec,891.6463007208424
MT,Transmission services of electricity,3210.672274261345
MT,Distribution and trade services of electricity,10794.721038655493
MT,Coke oven gas,891.6463088817112
MT,Blast Furnace Gas,891.6465124827148
MT,Oxygen Steel Furnace Gas,891.6463210150933
MT,Gas Works Gas,891.6463330552647
MT,Biogas,1.6517386472747981
MT,Distribution services of gaseous fuels through mains,891.6465468637997
MT,Steam and hot water supply services,24.919782211705378
MT,"Collected and purified water, distribution services of water (41)",2023.2728854946065
MT,Construction work (45),15123.737259136886
MT,"Secondary construction material for treatment, Re-processing of secondary construction material into aggregates",12250.454248744878
MT,"Sale, maintenance, repair of motor vehicles, motor vehicles parts, motorcycles, motor cycles parts and accessoiries",2398.5496974427087
MT,Retail trade services of motor fuel,1533.8550823796004
MT,"Wholesale trade and commission trade services, except of motor vehicles and motorcycles (51)",2461.2194102627345
MT,"Retail  trade services, except of motor vehicles and motorcycles; repair services of personal and household goods (52)",1893.2578700409608
MT,Hotel and restaurant services (55),5716.437412483567
MT,Railway transportation services,2208.134862563709
MT,Other land transportation services,13828.744045390908
MT,Transportation services via pipelines,6989.213187331923
MT,Sea and coastal water transportation services,633260.7345357612
MT,Inland water transportation services,15822.415441252582
MT,Air transport services (62),225081.01444342805
MT,Supporting and auxiliary transport services; travel agency services (63),13667.136724821588
MT,Post and telecommunication services (64),49309.656873635424
MT,"Financial intermediation services, except insurance and pension funding services (65)",73157.89486450332
MT,"Insurance and pension funding services, except compulsory social security services (66)",20.394900563056122
MT,Services auxiliary to financial intermediation (67),1104.4711343869908
MT,Real estate services (70),1832.8071282965411
MT,Renting services of machinery and equipment without operator and of personal and household goods (71),22695.9002473504
MT,Computer and related services (72),19756.25410638009
MT,Research and development services (73),3945.9407865928324
MT,Other business services (74),3468.7368667554842
MT,Public administration and defence services; compulsory social security services (75),891.6530921618074
MT,Education services (80),1495.834003239042
MT,Health and social work services (85),6245.3755093197
MT,Food waste for treatment: incineration,1367933.7705180289
MT,Paper waste for treatment: incineration,1367676.3084656834
MT,Plastic waste for treatment: incineration,1373456.9271748746
MT,Intert/metal waste for treatment: incineration,1293706.5564486596
MT,Textiles waste for treatment: incineration,1380893.613464973
MT,Wood waste for treatment: incineration,1370790.3002064347
MT,Oil/hazardous waste for treatment: incineration,104968.62936339024
MT,Food waste for treatment: biogasification and land application,1383959.0683818155
MT,Paper waste for treatment: biogasification and land application,1384684.9543256357
MT,Sewage sludge for treatment: biogasification and land application,1371905.810239577
MT,Food waste for treatment: composting and land application,1371352.4030625734
MT,Paper and wood waste for treatment: composting and land application,1384169.7929890885
MT,Food waste for treatment: waste water treatment,1348627.6166250536
MT,Other waste for treatment: waste water treatment,1340412.7827301116
MT,Food waste for treatment: landfill,1378708.7182900833
MT,Paper for treatment: landfill,1378033.5620773125
MT,Plastic waste for treatment: landfill,1383074.5395956822
MT,Inert/metal/hazardous waste for treatment: landfill,1371010.5694513232
MT,Textiles waste for treatment: landfill,1383999.4781496741
MT,Wood waste for treatment: landfill,1383726.0909629762
MT,Membership organisation services n.e.c. (91),531.6497409281008
MT,"Recreational, cultural and sporting services (92)",1373.806760136182
MT,Other services (93),1524.763252296624
MT,Private households with employed persons (95),4.929816411716784e-08
MT,Extra-territorial organizations and bodies,0.0
NL,Paddy rice,48205.670764027636
NL,Wheat,1068760.700006105
NL,Cereal grains nec,419561.9573336075
NL,"Vegetables, fruit, nuts",259453.52944294724
NL,Oil seeds,814247.0488924597
NL,"Sugar cane, sugar beet",1185568.902383485
NL,Plant-based fibers,480207.6403961021
NL,Crops nec,93792.1858084717
NL,Cattle,1895064.9417084153
NL,Pigs,608277.5668585094
NL,Poultry,712982.0433969196
NL,Meat animals nec,293486.0105739112
NL,Animal products nec,52768.05005322782
NL,Raw milk,1425478.0444014345
NL,"Wool, silk-worm cocoons",116362.57500568806
NL,Manure (conventional treatment),0.0
NL,Manure (biogas treatment),0.0
NL,"Products of forestry, logging and related services (02)",68074.79996517161
NL,Fish and other fishing products; services incidental of fishing (05),668000.7930367897
NL,Anthracite,527495.8309653654
NL,Coking Coal,0.0
NL,Other Bituminous Coal,0.0
NL,Sub-Bituminous Coal,0.0
NL,Patent Fuel,11512.986810355775
NL,Lignite/Brown Coal,11813.294220048698
NL,BKB/Peat Briquettes,0.0
NL,Peat,0.0
NL,"Crude petroleum and services related to crude oil extraction, excluding surveying",162134.58487022688
NL,"Natural gas and services related to natural gas extraction, excluding surveying",418706.80610968044
NL,Natural Gas Liquids,237861.8911383531
NL,Other Hydrocarbons,11512.986774091547
NL,Uranium and thorium ores (12),0.0
NL,Iron ores,11512.986791138526
NL,Copper ores and concentrates,11512.986804872271
NL,Nickel ores and concentrates,0.0
NL,Aluminium ores and concentrates,0.0
NL,Precious metal ores and concentrates,11512.986837171684
NL,"Lead, zinc and tin ores and concentrates",11512.986873465898
NL,Other non-ferrous metal ores and concentrates,174135.7971807778
NL,Stone,28767.22111626384
NL,Sand and clay,296628.3151998044
NL,"Chemical and fertilizer minerals, salt and other mining and quarrying products n.e.c.",166943.60771147782
NL,Products of meat cattle,63350.15831532777
NL,Products of meat pigs,56904.49775243133
NL,Products of meat poultry,12542.574463542103
NL,Meat products nec,53958.29987094545
NL,products of Vegetable oils and fats,62121.02144213545
NL,Dairy products,51944.18223073512
NL,Processed rice,377960.8976070528
NL,Sugar,48503.59855122966
NL,Food products nec,70158.87368644623
NL,Beverages,110882.01392719477
NL,Fish products,145517.06458183384
NL,Tobacco products (16),31252.248191934952
NL,Textiles (17),17157.353605090007
NL,Wearing apparel; furs (18),89054.60280942287
NL,Leather and leather products (19),40874.87001031892
NL,Wood and products of wood and cork (except furniture); articles of straw and plaiting materials (20),66314.30418522988
NL,"Wood material for treatment, Re-processing of secondary wood material into new wood material",0.0
NL,Pulp,120887.46874027526
NL,"Secondary paper for treatment, Re-processing of secondary paper into new pulp",0.0
NL,Paper and paper products,28440.804151004468
NL,Printed matter and recorded media (22),9469.041145883051
NL,Coke Oven Coke,2756593.648982039
NL,Gas Coke,0.0
NL,Coal Tar,1417313.3173649723
NL,Motor Gasoline,342265.1801751515
NL,Aviation Gasoline,335572.5309870178
NL,Gasoline Type Jet Fuel,0.0
NL,Kerosene Type Jet Fuel,343169.9234137476
NL,Kerosene,345111.30770468485
NL,Gas/Diesel Oil,343537.873157313
NL,Heavy Fuel Oil,301440.55809047
NL,Refinery Gas,345217.5257445135
NL,Liquefied Petroleum Gases (LPG),303821.8757342301
NL,Refinery Feedstocks,293828.86814336485
NL,Ethane,0.0
NL,Naphtha,347279.77956472937
NL,White Spirit & SBP,339243.0939656313
NL,Lubricants,344038.3942155074
NL,Bitumen,342324.9929116297
NL,Paraffin Waxes,338352.47788152774
NL,Petroleum Coke,338240.9538788395
NL,Non-specified Petroleum Products,294709.26920076535
NL,Nuclear fuel,9866.541214779852
NL,"Plastics, basic",544732.118124135
NL,"Secondary plastic for treatment, Re-processing of secondary plastic into new plastic",0.0
NL,N-fertiliser,563554.4702915046
NL,P- and other fertiliser,74565.90839948949
NL,Chemicals nec,165562.17228757677
NL,Charcoal,53065.36069330986
NL,Additives/Blending Components,1846139.498097011
NL,Biogasoline,155606.70835532955
NL,Biodiesels,185589.33982846487
NL,Other Liquid Biofuels,153429.32583957547
NL,Rubber and plastic products (25),32280.62168885178
NL,Glass and glass products,525606.1628205201
NL,"Secondary glass for treatment, Re-processing of secondary glass into new glass",0.0
NL,Ceramic goods,318719.4682601926
NL,"Bricks, tiles and construction products, in baked clay",137468.39587032274
NL,"Cement, lime and plaster",235161.98818200847
NL,"Ash for treatment, Re-processing of ash into clinker",0.0
NL,Other non-metallic mineral products,166272.08697868598
NL,Basic iron and steel and of ferro-alloys and first products thereof,1520960.153382868
NL,"Secondary steel for treatment, Re-processing of secondary steel into new steel",0.0
NL,Precious metals,407801.722481176
NL,"Secondary preciuos metals for treatment, Re-processing of secondary preciuos metals into new preciuos metals",0.0
NL,Aluminium and aluminium products,120517.44623131235
NL,"Secondary aluminium for treatment, Re-processing of secondary aluminium into new aluminium",0.0
NL,"Lead, zinc and tin and products thereof",526168.7139752946
NL,"Secondary lead for treatment, Re-processing of secondary lead into new lead",0.0
NL,Copper products,122868.88452064768
NL,"Secondary copper for treatment, Re-processing of secondary copper into new copper",0.0
NL,Other non-ferrous metal products,117038.97087846127
NL,"Secondary other non-ferrous metals for treatment, Re-processing of secondary other non-ferrous metals into new other non-ferrous metals",0.0
NL,Foundry work services,895615.9214027831
NL,"Fabricated metal products, except machinery and equipment (28)",38562.2798529576
NL,Machinery and equipment n.e.c. (29),15077.2738025841
NL,Office machinery and computers (30),11886.146311443485
NL,Electrical machinery and apparatus n.e.c. (31),22909.689093617275
NL,"Radio, television and communication equipment and apparatus (32)",63055.44922446732
NL,"Medical, precision and optical instruments, watches and clocks (33)",8539.124592577393
NL,"Motor vehicles, trailers and semi-trailers (34)",3711.5564773698284
NL,Other transport equipment (35),18462.40942254722
NL,Furniture; other manufactured goods n.e.c. (36),61905.73606799658
NL,Secondary raw materials,40446.87993508678
NL,"Bottles for treatment, Recycling of bottles by direct reuse",0.0
NL,Electricity by coal,9505192.915362708
NL,Electricity by gas,10646318.105081273
NL,Electricity by nuclear,40542.20866956204
NL,Electricity by hydro,283197.4477962485
NL,Electricity by wind,99395.110021772
NL,Electricity by petroleum and other oil derivatives,2380869.258630787
NL,Electricity by biomass and waste,143340.01438188288
NL,Electricity by solar photovoltaic,89020.48050035407
NL,Electricity by solar thermal,0.0
NL,"Electricity by tide, wave, ocean",0.0
NL,Electricity by Geothermal,5946.238790387927
NL,Electricity nec,289205.69548364985
NL,Transmission services of electricity,11079.367742443326
NL,Distribution and trade services of electricity,11027.563369315887
NL,Coke oven gas,510671.42112223414
NL,Blast Furnace Gas,518370.5653685334
NL,Oxygen Steel Furnace Gas,0.0
NL,Gas Works Gas,0.0
NL,Biogas,479379.6683189789
NL,Distribution services of gaseous fuels through mains,511291.8003778353
NL,Steam and hot water supply services,1364450.183141019
NL,"Collected and purified water, distribution services of water (41)",150733.31892847866
NL,Construction work (45),147584.5263761383
NL,"Secondary construction material for treatment, Re-processing of secondary construction material into aggregates",0.0
NL,"Sale, maintenance, repair of motor vehicles, motor vehicles parts, motorcycles, motor cycles parts and accessoiries",14508.940366866835
NL,Retail trade services of motor fuel,81718.95654716168
NL,"Wholesale trade and commission trade services, except of motor vehicles and motorcycles (51)",28665.089639385256
NL,"Retail  trade services, except of motor vehicles and motorcycles; repair services of personal and household goods (52)",16472.18363297739
NL,Hotel and restaurant services (55),45903.41293605145
NL,Railway transportation services,156565.90015591323
NL,Other land transportation services,80191.40980577345
NL,Transportation services via pipelines,12438.778962645825
NL,Sea and coastal water transportation services,927490.3059348154
NL,Inland water transportation services,453681.1436858797
NL,Air transport services (62),814732.6917729576
NL,Supporting and auxiliary transport services; travel agency services (63),30909.730573263067
NL,Post and telecommunication services (64),5390.671001732904
NL,"Financial intermediation services, except insurance and pension funding services (65)",4451.173849707634
NL,"Insurance and pension funding services, except compulsory social security services (66)",3346.3556137932915
NL,Services auxiliary to financial intermediation (67),6059.579669092001
NL,Real estate services (70),14694.919647719094
NL,Renting services of machinery and equipment without operator and of personal and household goods (71),59226.83571947315
NL,Computer and related services (72),27731.813128753336
NL,Research and development services (73),65818.0369884882
NL,Other business services (74),13488.461000435032
NL,Public administration and defence services; compulsory social security services (75),8733.709891611268
NL,Education services (80),4966.678442537183
NL,Health and social work services (85),14716.175384302
NL,Food waste for treatment: incineration,103357.5600226714
NL,Paper waste for treatment: incineration,81808.78828550824
NL,Plastic waste for treatment: incineration,51919.04464196308
NL,Intert/metal waste for treatment: incineration,81572.31651473358
NL,Textiles waste for treatment: incineration,68382.08884225156
NL,Wood waste for treatment: incineration,485560.43324324203
NL,Oil/hazardous waste for treatment: incineration,126023.63505559873
NL,Food waste for treatment: biogasification and land application,293750.6973578517
NL,Paper waste for treatment: biogasification and land application,223670.5888291974
NL,Sewage sludge for treatment: biogasification and land application,44524.27633191027
NL,Food waste for treatment: composting and land application,65762.72682924895
NL,Paper and wood waste for treatment: composting and land application,86578.2418148081
NL,Food waste for treatment: waste water treatment,568932.2229111457
NL,Other waste for treatment: waste water treatment,1247027.8790816816
NL,Food waste for treatment: landfill,352528.8326843315
NL,Paper for treatment: landfill,29873.93638346256
NL,Plastic waste for treatment: landfill,22822.3782863164
NL,Inert/metal/hazardous waste for treatment: landfill,28152.272079832837
NL,Textiles waste for treatment: landfill,42583.20874348115
NL,Wood waste for treatment: landfill,22079.58244087791
NL,Membership organisation services n.e.c. (91),87918.74881678354
NL,"Recreational, cultural and sporting services (92)",34544.935737408545
NL,Other services (93),16854.794420741815
NL,Private households with employed persons (95),13.689750750081888
NL,Extra-territorial organizations and bodies,0.0
PL,Paddy rice,0.0
PL,Wheat,2577162.440597415
PL,Cereal grains nec,1798845.416039845
PL,"Vegetables, fruit, nuts",656209.0551983556
PL,Oil seeds,2032360.00932631
PL,"Sugar cane, sugar beet",1346372.398753313
PL,Plant-based fibers,49049.03190354491
PL,Crops nec,206114.779009014
PL,Cattle,5559799.842904931
PL,Pigs,958517.4292632131
PL,Poultry,825678.7119939019
PL,Meat animals nec,541795.6118834054
PL,Animal products nec,576979.6047715757
PL,Raw milk,3042050.60588585
PL,"Wool, silk-worm cocoons",31005.04998777704
PL,Manure (conventional treatment),0.0
PL,Manure (biogas treatment),0.0
PL,"Products of forestry, logging and related services (02)",249983.06486439105
PL,Fish and other fishing products; services incidental of fishing (05),264221.61542541755
PL,Anthracite,0.0
PL,Coking Coal,141250.6900282153
PL,Other Bituminous Coal,152685.7526006702
PL,Sub-Bituminous Coal,0.0
PL,Patent Fuel,647208.7317895675
PL,Lignite/Brown Coal,291594.269061675
PL,BKB/Peat Briquettes,13573369.754402312
PL,Peat,0.0
PL,"Crude petroleum and services related to crude oil extraction, excluding surveying",1901868.8413652147
PL,"Natural gas and services related to natural gas extraction, excluding surveying",1629554.2149449626
PL,Natural Gas Liquids,3008802.233351828
PL,Other Hydrocarbons,18120.340644383927
PL,Uranium and thorium ores (12),2335688.6032448253
PL,Iron ores,97081.14042230234
PL,Copper ores and concentrates,2116186.604794962
PL,Nickel ores and concentrates,29887.888578253052
PL,Aluminium ores and concentrates,121626.6671952999
PL,Precious metal ores and concentrates,273258.43923998415
PL,"Lead, zinc and tin ores and concentrates",1464907.7231295381
PL,Other non-ferrous metal ores and concentrates,4268496.660329994
PL,Stone,1499992.571447705
PL,Sand and clay,1739111.8071612744
PL,"Chemical and fertilizer minerals, salt and other mining and quarrying products n.e.c.",1062728.050645133
PL,Products of meat cattle,29702.27855650754
PL,Products of meat pigs,29336.537479781186
PL,Products of meat poultry,16285.857653441473
PL,Meat products nec,47882.38568272389
PL,products of Vegetable oils and fats,32424.879694616648
PL,Dairy products,91907.67865977311
PL,Processed rice,259411.54858112588
PL,Sugar,35166.168667858336
PL,Food products nec,50853.252338096994
PL,Beverages,339111.3164189275
PL,Fish products,122021.57372386845
PL,Tobacco products (16),15177.035014875551
PL,Textiles (17),57681.63051445628
PL,Wearing apparel; furs (18),42108.39810622131
PL,Leather and leather products (19),17811.64866905294
PL,Wood and products of wood and cork (except furniture); articles of straw and plaiting materials (20),114789.40281664053
PL,"Wood material for treatment, Re-processing of secondary wood material into new wood material",0.0
PL,Pulp,103928.58001869812
PL,"Secondary paper for treatment, Re-processing of secondary paper into new pulp",0.0
PL,Paper and paper products,31373.23910111671
PL,Printed matter and recorded media (22),20227.892532753325
PL,Coke Oven Coke,2800865.41841655
PL,Gas Coke,0.0
PL,Coal Tar,1487619.3315131643
PL,Motor Gasoline,306328.8115179631
PL,Aviation Gasoline,283979.3837648027
PL,Gasoline Type Jet Fuel,0.0
PL,Kerosene Type Jet Fuel,254588.51030712022
PL,Kerosene,176245.81749881414
PL,Gas/Diesel Oil,305101.42829125415
PL,Heavy Fuel Oil,305547.80365331465
PL,Refinery Gas,266748.0736433602
PL,Liquefied Petroleum Gases (LPG),305672.81796772743
PL,Refinery Feedstocks,300174.5182496461
PL,Ethane,0.0
PL,Naphtha,127823.74343324434
PL,White Spirit & SBP,306045.0169660792
PL,Lubricants,299797.5485415396
PL,Bitumen,292807.10028281953
PL,Paraffin Waxes,305421.5337003927
PL,Petroleum Coke,62801.72736320731
PL,Non-specified Petroleum Products,262377.78470741113
PL,Nuclear fuel,106647.99949350308
PL,"Plastics, basic",772488.9255561011
PL,"Secondary plastic for treatment, Re-processing of secondary plastic into new plastic",0.0
PL,N-fertiliser,184201.66494515858
PL,P- and other fertiliser,338970.17160772294
PL,Chemicals nec,193162.16124829708
PL,Charcoal,590857.8865196569
PL,Additives/Blending Components,489722.9800599163
PL,Biogasoline,309113.7206549296
PL,Biodiesels,167865.23777219
PL,Other Liquid Biofuels,147781.19297981227
PL,Rubber and plastic products (25),48088.70073467896
PL,Glass and glass products,586335.7948836247
PL,"Secondary glass for treatment, Re-processing of secondary glass into new glass",0.0
PL,Ceramic goods,1520492.7218354724
PL,"Bricks, tiles and construction products, in baked clay",1193804.2413141176
PL,"Cement, lime and plaster",422872.1652035269
PL,"Ash for treatment, Re-processing of ash into clinker",0.0
PL,Other non-metallic mineral products,695882.9810233415
PL,Basic iron and steel and of ferro-alloys and first products thereof,464542.5443694747
PL,"Secondary steel for treatment, Re-processing of secondary steel into new steel",0.0
PL,Precious metals,378320.77732973883
PL,"Secondary preciuos metals for treatment, Re-processing of secondary preciuos metals into new preciuos metals",0.0
PL,Aluminium and aluminium products,396588.84504646086
PL,"Secondary aluminium for treatment, Re-processing of secondary aluminium into new aluminium",0.0
PL,"Lead, zinc and tin and products thereof",374601.8452685451
PL,"Secondary lead for treatment, Re-processing of secondary lead into new lead",0.0
PL,Copper products,103779.02476940978
PL,"Secondary copper for treatment, Re-processing of secondary copper into new copper",0.0
PL,Other non-ferrous metal products,280446.87495301815
PL,"Secondary other non-ferrous metals for treatment, Re-processing of secondary other non-ferrous metals into new other non-ferrous metals",0.0
PL,Foundry work services,2420014.658674357
PL,"Fabricated metal products, except machinery and equipment (28)",51525.232719837906
PL,Machinery and equipment n.e.c. (29),26516.534460438692
PL,Office machinery and computers (30),66493.22478853878
PL,Electrical machinery and apparatus n.e.c. (31),46968.82008541378
PL,"Radio, television and communication equipment and apparatus (32)",20499.596594418854
PL,"Medical, precision and optical instruments, watches and clocks (33)",26909.726630923837
PL,"Motor vehicles, trailers and semi-trailers (34)",15254.470494244673
PL,Other transport equipment (35),31049.808224358952
PL,Furniture; other manufactured goods n.e.c. (36),69146.34974334804
PL,Secondary raw materials,323386.4954527016
PL,"Bottles for treatment, Recycling of bottles by direct reuse",0.0
PL,Electricity by coal,18272680.270109244
PL,Electricity by gas,3231169.948816501
PL,Electricity by nuclear,92981.03907863366
PL,Electricity by hydro,12240.714138819176
PL,Electricity by wind,399.3171196388247
PL,Electricity by petroleum and other oil derivatives,1741939.5621881725
PL,Electricity by biomass and waste,378422.96311751555
PL,Electricity by solar photovoltaic,69175.48875069007
PL,Electricity by solar thermal,0.0
PL,"Electricity by tide, wave, ocean",0.0
PL,Electricity by Geothermal,0.0
PL,Electricity nec,167299.57932044414
PL,Transmission services of electricity,1595.1568378783963
PL,Distribution and trade services of electricity,1.5656765279103837
PL,Coke oven gas,8644.549667828964
PL,Blast Furnace Gas,30954.604505847212
PL,Oxygen Steel Furnace Gas,0.0
PL,Gas Works Gas,26981.945275109385
PL,Biogas,20187.061251372194
PL,Distribution services of gaseous fuels through mains,34154.38824603053
PL,Steam and hot water supply services,16804717.270693865
PL,"Collected and purified water, distribution services of water (41)",150161.21048021398
PL,Construction work (45),142920.92005404175
PL,"Secondary construction material for treatment, Re-processing of secondary construction material into aggregates",0.0
PL,"Sale, maintenance, repair of motor vehicles, motor vehicles parts, motorcycles, motor cycles parts and accessoiries",54129.621377190015
PL,Retail trade services of motor fuel,123471.53649735951
PL,"Wholesale trade and commission trade services, except of motor vehicles and motorcycles (51)",105414.92869896437
PL,"Retail  trade services, except of motor vehicles and motorcycles; repair services of personal and household goods (52)",73749.52914002522
PL,Hotel and restaurant services (55),32592.784067851935
PL,Railway transportation services,454473.4223008286
PL,Other land transportation services,115883.54074979234
PL,Transportation services via pipelines,276383.9005261897
PL,Sea and coastal water transportation services,842244.3517296306
PL,Inland water transportation services,69293.34731859803
PL,Air transport services (62),704058.038046548
PL,Supporting and auxiliary transport services; travel agency services (63),62980.12585883565
PL,Post and telecommunication services (64),17312.88844732791
PL,"Financial intermediation services, except insurance and pension funding services (65)",35964.62984814475
PL,"Insurance and pension funding services, except compulsory social security services (66)",256641.4478632181
PL,Services auxiliary to financial intermediation (67),74206.67353018199
PL,Real estate services (70),52029.87241505624
PL,Renting services of machinery and equipment without operator and of personal and household goods (71),107802.5244623756
PL,Computer and related services (72),15805.6350462493
PL,Research and development services (73),66373.32174941324
PL,Other business services (74),93721.41673297177
PL,Public administration and defence services; compulsory social security services (75),46560.74348065972
PL,Education services (80),13037.080572902303
PL,Health and social work services (85),16447.702772538814
PL,Food waste for treatment: incineration,1516087.2728615685
PL,Paper waste for treatment: incineration,718043.1068209149
PL,Plastic waste for treatment: incineration,161788.43993064473
PL,Intert/metal waste for treatment: incineration,219290.97294338848
PL,Textiles waste for treatment: incineration,1389591.120812707
PL,Wood waste for treatment: incineration,498625.1013371412
PL,Oil/hazardous waste for treatment: incineration,172298.52079663257
PL,Food waste for treatment: biogasification and land application,545796.3305937417
PL,Paper waste for treatment: biogasification and land application,606422.681306027
PL,Sewage sludge for treatment: biogasification and land application,162918.02045311325
PL,Food waste for treatment: composting and land application,299769.9720147292
PL,Paper and wood waste for treatment: composting and land application,184734.87502961373
PL,Food waste for treatment: waste water treatment,1025020.4842889016
PL,Other waste for treatment: waste water treatment,793742.701342672
PL,Food waste for treatment: landfill,387365.93890739075
PL,Paper for treatment: landfill,256051.28523313985
PL,Plastic waste for treatment: landfill,239534.75909771494
PL,Inert/metal/hazardous waste for treatment: landfill,222240.31757047639
PL,Textiles waste for treatment: landfill,175545.78498481223
PL,Wood waste for treatment: landfill,183127.49611729992
PL,Membership organisation services n.e.c. (91),52072.717406096766
PL,"Recreational, cultural and sporting services (92)",16706.140494203708
PL,Other services (93),59296.15362952088
PL,Private households with employed persons (95),0.4644472453352169
PL,Extra-territorial organizations and bodies,0.0
PT,Paddy rice,93056.08546873399
PT,Wheat,810136.0774389775
PT,Cereal grains nec,932672.6240865772
PT,"Vegetables, fruit, nuts",218879.2163105758
PT,Oil seeds,207442.12246412705
PT,"Sugar cane, sugar beet",593209.479101916
PT,Plant-based fibers,25563.481964196177
PT,Crops nec,65140.7188785102
PT,Cattle,2919564.7934481753
PT,Pigs,487917.5052710227
PT,Poultry,626096.1796946877
PT,Meat animals nec,861917.7114862691
PT,Animal products nec,661849.523187422
PT,Raw milk,2338220.033868891
PT,"Wool, silk-worm cocoons",31456.26674546817
PT,Manure (conventional treatment),0.0
PT,Manure (biogas treatment),0.0
PT,"Products of forestry, logging and related services (02)",241561.21394692067
PT,Fish and other fishing products; services incidental of fishing (05),561660.5704305948
PT,Anthracite,409488.06213671895
PT,Coking Coal,347425.1779510483
PT,Other Bituminous Coal,282707.8024771144
PT,Sub-Bituminous Coal,409328.0048198433
PT,Patent Fuel,151087.03465879228
PT,Lignite/Brown Coal,380535.203105991
PT,BKB/Peat Briquettes,2243.7524344776575
PT,Peat,409328.33765157434
PT,"Crude petroleum and services related to crude oil extraction, excluding surveying",404062.85705282143
PT,"Natural gas and services related to natural gas extraction, excluding surveying",402701.9464556993
PT,Natural Gas Liquids,405139.91287610796
PT,Other Hydrocarbons,55641.60116235046
PT,Uranium and thorium ores (12),149024.77465141454
PT,Iron ores,404100.189441906
PT,Copper ores and concentrates,21404.65348027645
PT,Nickel ores and concentrates,0.0
PT,Aluminium ores and concentrates,0.0
PT,Precious metal ores and concentrates,97437.35066747587
PT,"Lead, zinc and tin ores and concentrates",76429.99917396676
PT,Other non-ferrous metal ores and concentrates,71518.50014358253
PT,Stone,837143.3243075141
PT,Sand and clay,1237324.866452267
PT,"Chemical and fertilizer minerals, salt and other mining and quarrying products n.e.c.",418859.9140258476
PT,Products of meat cattle,27470.775281306036
PT,Products of meat pigs,23467.278534841866
PT,Products of meat poultry,31010.841945890046
PT,Meat products nec,23009.68242437386
PT,products of Vegetable oils and fats,26408.649910611395
PT,Dairy products,40067.55578960718
PT,Processed rice,66505.52276800055
PT,Sugar,85170.41017533359
PT,Food products nec,27021.035589468785
PT,Beverages,73053.15885095658
PT,Fish products,36636.77990452724
PT,Tobacco products (16),421033.1689209254
PT,Textiles (17),32917.66546413262
PT,Wearing apparel; furs (18),37780.44095221038
PT,Leather and leather products (19),34710.67382463459
PT,Wood and products of wood and cork (except furniture); articles of straw and plaiting materials (20),57485.325825836066
PT,"Wood material for treatment, Re-processing of secondary wood material into new wood material",0.0
PT,Pulp,74518.20982244042
PT,"Secondary paper for treatment, Re-processing of secondary paper into new pulp",0.0
PT,Paper and paper products,63329.04537398878
PT,Printed matter and recorded media (22),24582.253291961446
PT,Coke Oven Coke,272222.9326856266
PT,Gas Coke,0.0
PT,Coal Tar,99228.36472241186
PT,Motor Gasoline,403971.13054889004
PT,Aviation Gasoline,221604.67392532027
PT,Gasoline Type Jet Fuel,0.0
PT,Kerosene Type Jet Fuel,398346.1738159749
PT,Kerosene,229298.90726000565
PT,Gas/Diesel Oil,405929.9804259128
PT,Heavy Fuel Oil,407862.4259026492
PT,Refinery Gas,210416.30797822727
PT,Liquefied Petroleum Gases (LPG),402883.8183586596
PT,Refinery Feedstocks,676523.516503429
PT,Ethane,149024.77255936534
PT,Naphtha,376509.2257009847
PT,White Spirit & SBP,1086129.665251653
PT,Lubricants,394340.3450105453
PT,Bitumen,390533.3575964948
PT,Paraffin Waxes,359246.27034395694
PT,Petroleum Coke,32948.96775266379
PT,Non-specified Petroleum Products,116622.32802265318
PT,Nuclear fuel,110415.72810247705
PT,"Plastics, basic",139763.96008585553
PT,"Secondary plastic for treatment, Re-processing of secondary plastic into new plastic",0.0
PT,N-fertiliser,120450.55744295593
PT,P- and other fertiliser,97908.10767001305
PT,Chemicals nec,46143.26294714821
PT,Charcoal,69364.036994378
PT,Additives/Blending Components,368394.60993012274
PT,Biogasoline,87556.72357780908
PT,Biodiesels,87861.20503058695
PT,Other Liquid Biofuels,86998.0786112973
PT,Rubber and plastic products (25),37966.31918221999
PT,Glass and glass products,538909.0229596052
PT,"Secondary glass for treatment, Re-processing of secondary glass into new glass",0.0
PT,Ceramic goods,769834.7287337318
PT,"Bricks, tiles and construction products, in baked clay",1045575.8491703781
PT,"Cement, lime and plaster",754084.4440577858
PT,"Ash for treatment, Re-processing of ash into clinker",0.0
PT,Other non-metallic mineral products,699138.6706488002
PT,Basic iron and steel and of ferro-alloys and first products thereof,44419.7740799354
PT,"Secondary steel for treatment, Re-processing of secondary steel into new steel",0.0
PT,Precious metals,307724.28233486466
PT,"Secondary preciuos metals for treatment, Re-processing of secondary preciuos metals into new preciuos metals",0.0
PT,Aluminium and aluminium products,35267.832611269434
PT,"Secondary aluminium for treatment, Re-processing of secondary aluminium into new aluminium",0.0
PT,"Lead, zinc and tin and products thereof",25132.257726863463
PT,"Secondary lead for treatment, Re-processing of secondary lead into new lead",0.0
PT,Copper products,26592.707003447587
PT,"Secondary copper for treatment, Re-processing of secondary copper into new copper",0.0
PT,Other non-ferrous metal products,68293.4590298363
PT,"Secondary other non-ferrous metals for treatment, Re-processing of secondary other non-ferrous metals into new other non-ferrous metals",0.0
PT,Foundry work services,300361.5586238137
PT,"Fabricated metal products, except machinery and equipment (28)",32064.002551319816
PT,Machinery and equipment n.e.c. (29),20491.17168179989
PT,Office machinery and computers (30),56316.64811525065
PT,Electrical machinery and apparatus n.e.c. (31),19342.06028430524
PT,"Radio, television and communication equipment and apparatus (32)",14852.755816376459
PT,"Medical, precision and optical instruments, watches and clocks (33)",15876.974365640184
PT,"Motor vehicles, trailers and semi-trailers (34)",7783.644174652286
PT,Other transport equipment (35),20280.38055888176
PT,Furniture; other manufactured goods n.e.c. (36),282024.48634396534
PT,Secondary raw materials,66589.39025205102
PT,"Bottles for treatment, Recycling of bottles by direct reuse",0.0
PT,Electricity by coal,10018150.738500774
PT,Electricity by gas,3515560.5372531964
PT,Electricity by nuclear,55632.38140925695
PT,Electricity by hydro,311.74387970424226
PT,Electricity by wind,75.55239472460764
PT,Electricity by petroleum and other oil derivatives,3530784.6419328577
PT,Electricity by biomass and waste,331904.207909415
PT,Electricity by solar photovoltaic,5135.754588460637
PT,Electricity by solar thermal,0.0
PT,"Electricity by tide, wave, ocean",0.0
PT,Electricity by Geothermal,8169.209147595748
PT,Electricity nec,170533.60302902764
PT,Transmission services of electricity,90883.12625811329
PT,Distribution and trade services of electricity,21177.605402217843
PT,Coke oven gas,67287.58494755068
PT,Blast Furnace Gas,80113.09186169664
PT,Oxygen Steel Furnace Gas,0.0
PT,Gas Works Gas,0.0
PT,Biogas,327837.46509876894
PT,Distribution services of gaseous fuels through mains,334292.86091757606
PT,Steam and hot water supply services,85840.59403953438
PT,"Collected and purified water, distribution services of water (41)",61417.16719107364
PT,Construction work (45),65734.20098149992
PT,"Secondary construction material for treatment, Re-processing of secondary construction material into aggregates",0.0
PT,"Sale, maintenance, repair of motor vehicles, motor vehicles parts, motorcycles, motor cycles parts and accessoiries",45406.83621788242
PT,Retail trade services of motor fuel,34652.97622786085
PT,"Wholesale trade and commission trade services, except of motor vehicles and motorcycles (51)",69137.56896753244
PT,"Retail  trade services, except of motor vehicles and motorcycles; repair services of personal and household goods (52)",40549.56871741575
PT,Hotel and restaurant services (55),83686.20092232838
PT,Railway transportation services,268822.2168761263
PT,Other land transportation services,424390.5800717524
PT,Transportation services via pipelines,4912.102462889978
PT,Sea and coastal water transportation services,1040061.1475996369
PT,Inland water transportation services,238508.74089813046
PT,Air transport services (62),589686.195891212
PT,Supporting and auxiliary transport services; travel agency services (63),7350.6203891715095
PT,Post and telecommunication services (64),3174.9229600156536
PT,"Financial intermediation services, except insurance and pension funding services (65)",1232.4948212676743
PT,"Insurance and pension funding services, except compulsory social security services (66)",4155.052384040587
PT,Services auxiliary to financial intermediation (67),5721.066910905583
PT,Real estate services (70),2106.0248526291266
PT,Renting services of machinery and equipment without operator and of personal and household goods (71),56314.9052409322
PT,Computer and related services (72),15741.487988106062
PT,Research and development services (73),53428.2946766047
PT,Other business services (74),26376.09644469973
PT,Public administration and defence services; compulsory social security services (75),27668.761230480115
PT,Education services (80),15815.954512424192
PT,Health and social work services (85),31243.594108937003
PT,Food waste for treatment: incineration,102475.49693348118
PT,Paper waste for treatment: incineration,145420.33349931551
PT,Plastic waste for treatment: incineration,1595713.369776443
PT,Intert/metal waste for treatment: incineration,102203.44627809446
PT,Textiles waste for treatment: incineration,87652.32722551892
PT,Wood waste for treatment: incineration,142059.44473288185
PT,Oil/hazardous waste for treatment: incineration,85521.80287963308
PT,Food waste for treatment: biogasification and land application,77321.82273380252
PT,Paper waste for treatment: biogasification and land application,55757.23057935753
PT,Sewage sludge for treatment: biogasification and land application,427951.2149891136
PT,Food waste for treatment: composting and land application,145081.8512218082
PT,Paper and wood waste for treatment: composting and land application,326491.01259783894
PT,Food waste for treatment: waste water treatment,1164193.412221217
PT,Other waste for treatment: waste water treatment,1194594.8832701484
PT,Food waste for treatment: landfill,328218.07115900115
PT,Paper for treatment: landfill,117682.02813656926
PT,Plastic waste for treatment: landfill,94001.6025662306
PT,Inert/metal/hazardous waste for treatment: landfill,101655.82037616703
PT,Textiles waste for treatment: landfill,86309.64201911623
PT,Wood waste for treatment: landfill,88369.19386205747
PT,Membership organisation services n.e.c. (91),14171.254140347333
PT,"Recreational, cultural and sporting services (92)",14938.612343097944
PT,Other services (93),13048.704532745081
PT,Private households with employed persons (95),111.3780766758642
PT,Extra-territorial organizations and bodies,0.0
RO,Paddy rice,2844814.2471316447
RO,Wheat,841687.7687293092
RO,Cereal grains nec,759474.644870426
RO,"Vegetables, fruit, nuts",207901.20034457528
RO,Oil seeds,951950.8806294162
RO,"Sugar cane, sugar beet",649213.8068268766
RO,Plant-based fibers,6169816.068480482
RO,Crops nec,803421.3696799111
RO,Cattle,3567864.469426869
RO,Pigs,914129.3462678064
RO,Poultry,511401.38482098875
RO,Meat animals nec,2370640.1290513943
RO,Animal products nec,2323708.5079176496
RO,Raw milk,3197641.5721593536
RO,"Wool, silk-worm cocoons",20838.974053094902
RO,Manure (conventional treatment),0.0
RO,Manure (biogas treatment),0.0
RO,"Products of forestry, logging and related services (02)",91274.78651306461
RO,Fish and other fishing products; services incidental of fishing (05),7852.587455980731
RO,Anthracite,2199590.2621695995
RO,Coking Coal,0.0
RO,Other Bituminous Coal,0.0
RO,Sub-Bituminous Coal,2199588.49206203
RO,Patent Fuel,0.0
RO,Lignite/Brown Coal,2199588.3421216044
RO,BKB/Peat Briquettes,0.0
RO,Peat,2199432.879129755
RO,"Crude petroleum and services related to crude oil extraction, excluding surveying",307178.19517108623
RO,"Natural gas and services related to natural gas extraction, excluding surveying",380557.81777421257
RO,Natural Gas Liquids,380557.8090469996
RO,Other Hydrocarbons,236945.22981518705
RO,Uranium and thorium ores (12),28120.562472104793
RO,Iron ores,0.0
RO,Copper ores and concentrates,3473.9676473225036
RO,Nickel ores and concentrates,0.0
RO,Aluminium ores and concentrates,0.0
RO,Precious metal ores and concentrates,7711.669903067169
RO,"Lead, zinc and tin ores and concentrates",13580.456351302902
RO,Other non-ferrous metal ores and concentrates,44605.46109517494
RO,Stone,200569.7275619539
RO,Sand and clay,631099.6408833847
RO,"Chemical and fertilizer minerals, salt and other mining and quarrying products n.e.c.",86243.1993584724
RO,Products of meat cattle,36752.63626751004
RO,Products of meat pigs,37466.70429701831
RO,Products of meat poultry,38342.986508421534
RO,Meat products nec,8088.343774252988
RO,products of Vegetable oils and fats,43941.92991705165
RO,Dairy products,64499.774079199255
RO,Processed rice,40267.28232608974
RO,Sugar,49593.201777151
RO,Food products nec,43227.83809911024
RO,Beverages,44019.995575676316
RO,Fish products,11746.206787809806
RO,Tobacco products (16),50507.754487279875
RO,Textiles (17),484372.4933250075
RO,Wearing apparel; furs (18),42944.83438949809
RO,Leather and leather products (19),41883.53673871681
RO,Wood and products of wood and cork (except furniture); articles of straw and plaiting materials (20),156508.92911191672
RO,"Wood material for treatment, Re-processing of secondary wood material into new wood material",0.0
RO,Pulp,138356.68798312516
RO,"Secondary paper for treatment, Re-processing of secondary paper into new pulp",0.0
RO,Paper and paper products,59734.53394170725
RO,Printed matter and recorded media (22),15067.47921037731
RO,Coke Oven Coke,0.0
RO,Gas Coke,0.0
RO,Coal Tar,0.0
RO,Motor Gasoline,251252.53856417973
RO,Aviation Gasoline,251252.5639688376
RO,Gasoline Type Jet Fuel,0.0
RO,Kerosene Type Jet Fuel,251252.5152373249
RO,Kerosene,251253.77111668963
RO,Gas/Diesel Oil,251252.55571802196
RO,Heavy Fuel Oil,251252.51240443595
RO,Refinery Gas,251252.52700177475
RO,Liquefied Petroleum Gases (LPG),251252.53947279757
RO,Refinery Feedstocks,251252.55326734763
RO,Ethane,0.0
RO,Naphtha,251252.55612072293
RO,White Spirit & SBP,251252.5694350073
RO,Lubricants,251274.33739921483
RO,Bitumen,251252.53861575926
RO,Paraffin Waxes,251257.26023232806
RO,Petroleum Coke,251252.54677617087
RO,Non-specified Petroleum Products,251252.57989988287
RO,Nuclear fuel,0.0
RO,"Plastics, basic",903764.5536131652
RO,"Secondary plastic for treatment, Re-processing of secondary plastic into new plastic",0.0
RO,N-fertiliser,516500.60524980735
RO,P- and other fertiliser,779398.3700743032
RO,Chemicals nec,126979.49004504629
RO,Charcoal,0.0
RO,Additives/Blending Components,126979.48448058561
RO,Biogasoline,126979.47978894824
RO,Biodiesels,126979.48597144411
RO,Other Liquid Biofuels,0.0
RO,Rubber and plastic products (25),32210.41275883549
RO,Glass and glass products,1006271.7264772785
RO,"Secondary glass for treatment, Re-processing of secondary glass into new glass",0.0
RO,Ceramic goods,1478645.2404026806
RO,"Bricks, tiles and construction products, in baked clay",1752284.710618942
RO,"Cement, lime and plaster",765347.1375722978
RO,"Ash for treatment, Re-processing of ash into clinker",0.0
RO,Other non-metallic mineral products,4081327.703526753
RO,Basic iron and steel and of ferro-alloys and first products thereof,1068045.0587547396
RO,"Secondary steel for treatment, Re-processing of secondary steel into new steel",0.0
RO,Precious metals,252075.54565513067
RO,"Secondary preciuos metals for treatment, Re-processing of secondary preciuos metals into new preciuos metals",0.0
RO,Aluminium and aluminium products,1814902.4126312549
RO,"Secondary aluminium for treatment, Re-processing of secondary aluminium into new aluminium",0.0
RO,"Lead, zinc and tin and products thereof",207391.4817703522
RO,"Secondary lead for treatment, Re-processing of secondary lead into new lead",0.0
RO,Copper products,206361.2986867166
RO,"Secondary copper for treatment, Re-processing of secondary copper into new copper",0.0
RO,Other non-ferrous metal products,130898.33879993335
RO,"Secondary other non-ferrous metals for treatment, Re-processing of secondary other non-ferrous metals into new other non-ferrous metals",0.0
RO,Foundry work services,3897293.2206994137
RO,"Fabricated metal products, except machinery and equipment (28)",18238.179288629104
RO,Machinery and equipment n.e.c. (29),8216.093376413139
RO,Office machinery and computers (30),21220.499342712894
RO,Electrical machinery and apparatus n.e.c. (31),2226402.1778945336
RO,"Radio, television and communication equipment and apparatus (32)",0.0
RO,"Medical, precision and optical instruments, watches and clocks (33)",0.0
RO,"Motor vehicles, trailers and semi-trailers (34)",22024.536294824164
RO,Other transport equipment (35),43341.78964669755
RO,Furniture; other manufactured goods n.e.c. (36),50480.92684648172
RO,Secondary raw materials,1708514.1372702224
RO,"Bottles for treatment, Recycling of bottles by direct reuse",0.0
RO,Electricity by coal,15636290.68432937
RO,Electricity by gas,3930586.2718840046
RO,Electricity by nuclear,123.96671934378483
RO,Electricity by hydro,935.0158239824099
RO,Electricity by wind,0.0
RO,Electricity by petroleum and other oil derivatives,2595975.5814056713
RO,Electricity by biomass and waste,22288.055711040863
RO,Electricity by solar photovoltaic,4763.482566754895
RO,Electricity by solar thermal,0.0
RO,"Electricity by tide, wave, ocean",0.0
RO,Electricity by Geothermal,0.0
RO,Electricity nec,0.0
RO,Transmission services of electricity,79.27367764716692
RO,Distribution and trade services of electricity,85.61248541357425
RO,Coke oven gas,0.0
RO,Blast Furnace Gas,80651.12949337625
RO,Oxygen Steel Furnace Gas,0.0
RO,Gas Works Gas,0.0
RO,Biogas,80651.1296385436
RO,Distribution services of gaseous fuels through mains,80651.12948744779
RO,Steam and hot water supply services,1544131.996267238
RO,"Collected and purified water, distribution services of water (41)",15297.982238102359
RO,Construction work (45),33069.48255643211
RO,"Secondary construction material for treatment, Re-processing of secondary construction material into aggregates",0.0
RO,"Sale, maintenance, repair of motor vehicles, motor vehicles parts, motorcycles, motor cycles parts and accessoiries",83823.97842131346
RO,Retail trade services of motor fuel,5911.371421141661
RO,"Wholesale trade and commission trade services, except of motor vehicles and motorcycles (51)",43800.06176092056
RO,"Retail  trade services, except of motor vehicles and motorcycles; repair services of personal and household goods (52)",70097.6249470696
RO,Hotel and restaurant services (55),3013.5997786797834
RO,Railway transportation services,511859.5969474121
RO,Other land transportation services,12776.795546996322
RO,Transportation services via pipelines,258.8222454260754
RO,Sea and coastal water transportation services,786972.5045603858
RO,Inland water transportation services,354460.25766751537
RO,Air transport services (62),656471.2236873738
RO,Supporting and auxiliary transport services; travel agency services (63),19870.25138443623
RO,Post and telecommunication services (64),7605.465155631382
RO,"Financial intermediation services, except insurance and pension funding services (65)",7469.760389451929
RO,"Insurance and pension funding services, except compulsory social security services (66)",9694.585074560071
RO,Services auxiliary to financial intermediation (67),5434.29104402595
RO,Real estate services (70),3177.7672635507365
RO,Renting services of machinery and equipment without operator and of personal and household goods (71),16023.452634304236
RO,Computer and related services (72),14018.461308611704
RO,Research and development services (73),3643.936406832034
RO,Other business services (74),22356.869840435258
RO,Public administration and defence services; compulsory social security services (75),42977.52363294628
RO,Education services (80),1124.7439829253478
RO,Health and social work services (85),38010.36317440229
RO,Food waste for treatment: incineration,76442.79599443174
RO,Paper waste for treatment: incineration,58051.31330275955
RO,Plastic waste for treatment: incineration,346.3638605968617
RO,Intert/metal waste for treatment: incineration,10764.375860675942
RO,Textiles waste for treatment: incineration,887.0756494335179
RO,Wood waste for treatment: incineration,767.3784998818765
RO,Oil/hazardous waste for treatment: incineration,9601.326918623017
RO,Food waste for treatment: biogasification and land application,0.0
RO,Paper waste for treatment: biogasification and land application,0.0
RO,Sewage sludge for treatment: biogasification and land application,0.0
RO,Food waste for treatment: composting and land application,26502.282562817654
RO,Paper and wood waste for treatment: composting and land application,0.0
RO,Food waste for treatment: waste water treatment,499711.9431649271
RO,Other waste for treatment: waste water treatment,510152.0232852446
RO,Food waste for treatment: landfill,1041698.4735914823
RO,Paper for treatment: landfill,16053.952518908309
RO,Plastic waste for treatment: landfill,7350.571672786816
RO,Inert/metal/hazardous waste for treatment: landfill,12765.743076462215
RO,Textiles waste for treatment: landfill,5913.741082769112
RO,Wood waste for treatment: landfill,6584.670588461762
RO,Membership organisation services n.e.c. (91),26529.97572462254
RO,"Recreational, cultural and sporting services (92)",6604.858554846947
RO,Other services (93),22938.95393200703
RO,Private households with employed persons (95),0.0
RO,Extra-territorial organizations and bodies,0.0
SE,Paddy rice,5460.309162893373
SE,Wheat,1280080.7592474578
SE,Cereal grains nec,739309.5343047736
SE,"Vegetables, fruit, nuts",132220.6538128097
SE,Oil seeds,487869.5011698224
SE,"Sugar cane, sugar beet",368058.4648483925
SE,Plant-based fibers,0.0
SE,Crops nec,140041.4213406344
SE,Cattle,3744917.905455676
SE,Pigs,348067.42878485913
SE,Poultry,283186.7874954841
SE,Meat animals nec,3369791.445809769
SE,Animal products nec,202014.86777981016
SE,Raw milk,1361318.8848084677
SE,"Wool, silk-worm cocoons",224888.37010158444
SE,Manure (conventional treatment),0.0
SE,Manure (biogas treatment),0.0
SE,"Products of forestry, logging and related services (02)",71212.0153407916
SE,Fish and other fishing products; services incidental of fishing (05),88273.23174432566
SE,Anthracite,261160.12169773402
SE,Coking Coal,114060.5577727171
SE,Other Bituminous Coal,27582.095843854266
SE,Sub-Bituminous Coal,53905.284943072504
SE,Patent Fuel,97124.03208662392
SE,Lignite/Brown Coal,98227.80680447225
SE,BKB/Peat Briquettes,135229.74276526598
SE,Peat,89146.19028943122
SE,"Crude petroleum and services related to crude oil extraction, excluding surveying",93845.31279147376
SE,"Natural gas and services related to natural gas extraction, excluding surveying",20353.648913428762
SE,Natural Gas Liquids,128414.22143211344
SE,Other Hydrocarbons,73873.04689239805
SE,Uranium and thorium ores (12),97824.10599227685
SE,Iron ores,233489.69218950433
SE,Copper ores and concentrates,189040.45245770583
SE,Nickel ores and concentrates,208559.33366578363
SE,Aluminium ores and concentrates,205322.58085923156
SE,Precious metal ores and concentrates,218315.46667130812
SE,"Lead, zinc and tin ores and concentrates",80796.69752052403
SE,Other non-ferrous metal ores and concentrates,185214.09286652628
SE,Stone,87545.39140224227
SE,Sand and clay,182090.51240723016
SE,"Chemical and fertilizer minerals, salt and other mining and quarrying products n.e.c.",58535.28124188468
SE,Products of meat cattle,52914.5260294726
SE,Products of meat pigs,90969.05242378371
SE,Products of meat poultry,296592.2229151195
SE,Meat products nec,190170.748081184
SE,products of Vegetable oils and fats,47589.72598557078
SE,Dairy products,29803.135214421003
SE,Processed rice,360005.24355179374
SE,Sugar,27642.167618722804
SE,Food products nec,41090.840714532875
SE,Beverages,43116.31043326833
SE,Fish products,142185.13082498647
SE,Tobacco products (16),291037.6165396632
SE,Textiles (17),31801.523675730903
SE,Wearing apparel; furs (18),8673.845380567815
SE,Leather and leather products (19),46782.13988431581
SE,Wood and products of wood and cork (except furniture); articles of straw and plaiting materials (20),48298.17123142742
SE,"Wood material for treatment, Re-processing of secondary wood material into new wood material",0.0
SE,Pulp,45859.80199497004
SE,"Secondary paper for treatment, Re-processing of secondary paper into new pulp",0.0
SE,Paper and paper products,52741.83290241462
SE,Printed matter and recorded media (22),2479.311717062415
SE,Coke Oven Coke,4688412.347116036
SE,Gas Coke,0.0
SE,Coal Tar,0.0
SE,Motor Gasoline,141474.65863906004
SE,Aviation Gasoline,177242.5342063203
SE,Gasoline Type Jet Fuel,6952.589825835042
SE,Kerosene Type Jet Fuel,143870.64273935166
SE,Kerosene,131417.24461202967
SE,Gas/Diesel Oil,141443.65088217563
SE,Heavy Fuel Oil,128165.10150307127
SE,Refinery Gas,139587.36739328827
SE,Liquefied Petroleum Gases (LPG),141629.02957035514
SE,Refinery Feedstocks,141880.31518996917
SE,Ethane,0.0
SE,Naphtha,156404.12061463826
SE,White Spirit & SBP,0.0
SE,Lubricants,141836.37438259952
SE,Bitumen,220794.0300110675
SE,Paraffin Waxes,0.0
SE,Petroleum Coke,181706.3955730633
SE,Non-specified Petroleum Products,153541.29221194875
SE,Nuclear fuel,1908.4704956010787
SE,"Plastics, basic",59427.81386459161
SE,"Secondary plastic for treatment, Re-processing of secondary plastic into new plastic",0.0
SE,N-fertiliser,1389448.4840490385
SE,P- and other fertiliser,233687.12331319076
SE,Chemicals nec,33374.02856750059
SE,Charcoal,191140.48140863582
SE,Additives/Blending Components,184768.59279062433
SE,Biogasoline,15236.316186215861
SE,Biodiesels,15249.816191973123
SE,Other Liquid Biofuels,15287.11608461189
SE,Rubber and plastic products (25),13065.945083649985
SE,Glass and glass products,322129.26495733217
SE,"Secondary glass for treatment, Re-processing of secondary glass into new glass",0.0
SE,Ceramic goods,204016.4368220088
SE,"Bricks, tiles and construction products, in baked clay",140987.6207872732
SE,"Cement, lime and plaster",216895.65567480738
SE,"Ash for treatment, Re-processing of ash into clinker",0.0
SE,Other non-metallic mineral products,75354.94593320305
SE,Basic iron and steel and of ferro-alloys and first products thereof,381614.6446279629
SE,"Secondary steel for treatment, Re-processing of secondary steel into new steel",0.0
SE,Precious metals,93978.75685654616
SE,"Secondary preciuos metals for treatment, Re-processing of secondary preciuos metals into new preciuos metals",0.0
SE,Aluminium and aluminium products,139833.7584507853
SE,"Secondary aluminium for treatment, Re-processing of secondary aluminium into new aluminium",0.0
SE,"Lead, zinc and tin and products thereof",126184.78492513132
SE,"Secondary lead for treatment, Re-processing of secondary lead into new lead",0.0
SE,Copper products,8326.409425730364
SE,"Secondary copper for treatment, Re-processing of secondary copper into new copper",0.0
SE,Other non-ferrous metal products,101225.33527292158
SE,"Secondary other non-ferrous metals for treatment, Re-processing of secondary other non-ferrous metals into new other non-ferrous metals",0.0
SE,Foundry work services,306025.18995840556
SE,"Fabricated metal products, except machinery and equipment (28)",17980.489910659555
SE,Machinery and equipment n.e.c. (29),5407.72685451667
SE,Office machinery and computers (30),10509.589302854074
SE,Electrical machinery and apparatus n.e.c. (31),21729.10926116704
SE,"Radio, television and communication equipment and apparatus (32)",210556.36268982122
SE,"Medical, precision and optical instruments, watches and clocks (33)",239012.37866199014
SE,"Motor vehicles, trailers and semi-trailers (34)",5870.625505576167
SE,Other transport equipment (35),8257.149496713802
SE,Furniture; other manufactured goods n.e.c. (36),26495.081700008603
SE,Secondary raw materials,1293685.6119881198
SE,"Bottles for treatment, Recycling of bottles by direct reuse",0.0
SE,Electricity by coal,3922528.8041411648
SE,Electricity by gas,6707163.87691878
SE,Electricity by nuclear,1510.7197198615243
SE,Electricity by hydro,189.3172232422397
SE,Electricity by wind,3690.525822385775
SE,Electricity by petroleum and other oil derivatives,246082.20502274638
SE,Electricity by biomass and waste,87169.87449318414
SE,Electricity by solar photovoltaic,49578.86384373212
SE,Electricity by solar thermal,0.0
SE,"Electricity by tide, wave, ocean",0.0
SE,Electricity by Geothermal,0.0
SE,Electricity nec,1182815.313320804
SE,Transmission services of electricity,5249.583015921137
SE,Distribution and trade services of electricity,5742.611263723461
SE,Coke oven gas,332572.5165266801
SE,Blast Furnace Gas,276963.05969874567
SE,Oxygen Steel Furnace Gas,179392.0151642524
SE,Gas Works Gas,173036.8431129844
SE,Biogas,256294.27144020505
SE,Distribution services of gaseous fuels through mains,181819.15717538606
SE,Steam and hot water supply services,2510319.6667665443
SE,"Collected and purified water, distribution services of water (41)",15928.317619102896
SE,Construction work (45),34245.72183634188
SE,"Secondary construction material for treatment, Re-processing of secondary construction material into aggregates",0.0
SE,"Sale, maintenance, repair of motor vehicles, motor vehicles parts, motorcycles, motor cycles parts and accessoiries",37612.142397966294
SE,Retail trade services of motor fuel,10272.77582405832
SE,"Wholesale trade and commission trade services, except of motor vehicles and motorcycles (51)",12578.012786424024
SE,"Retail  trade services, except of motor vehicles and motorcycles; repair services of personal and household goods (52)",56389.20115147577
SE,Hotel and restaurant services (55),14006.689825200856
SE,Railway transportation services,157382.13561326097
SE,Other land transportation services,72247.29196701164
SE,Transportation services via pipelines,13359.386845592306
SE,Sea and coastal water transportation services,290886.9375509179
SE,Inland water transportation services,155422.9637942473
SE,Air transport services (62),412027.5380255159
SE,Supporting and auxiliary transport services; travel agency services (63),12312.468285784698
SE,Post and telecommunication services (64),19289.322145236885
SE,"Financial intermediation services, except insurance and pension funding services (65)",2520.2979735587546
SE,"Insurance and pension funding services, except compulsory social security services (66)",1667.966612859474
SE,Services auxiliary to financial intermediation (67),1570.873779784539
SE,Real estate services (70),10218.601904601126
SE,Renting services of machinery and equipment without operator and of personal and household goods (71),19807.322742586213
SE,Computer and related services (72),5519.130826128816
SE,Research and development services (73),12372.337362597009
SE,Other business services (74),17216.189758316643
SE,Public administration and defence services; compulsory social security services (75),12514.278297631996
SE,Education services (80),2807.1245874385886
SE,Health and social work services (85),456.02940234478564
SE,Food waste for treatment: incineration,44373.486453668695
SE,Paper waste for treatment: incineration,42977.737359163875
SE,Plastic waste for treatment: incineration,28645.543136782348
SE,Intert/metal waste for treatment: incineration,38535.04965586781
SE,Textiles waste for treatment: incineration,648537.1802827723
SE,Wood waste for treatment: incineration,35436.04445234895
SE,Oil/hazardous waste for treatment: incineration,737619.0362005045
SE,Food waste for treatment: biogasification and land application,2376503.052761809
SE,Paper waste for treatment: biogasification and land application,141413.3788490395
SE,Sewage sludge for treatment: biogasification and land application,22300.458046793996
SE,Food waste for treatment: composting and land application,123615.34180578824
SE,Paper and wood waste for treatment: composting and land application,33786.868488147324
SE,Food waste for treatment: waste water treatment,183923.96465619447
SE,Other waste for treatment: waste water treatment,226254.97339779994
SE,Food waste for treatment: landfill,1740245.4276818093
SE,Paper for treatment: landfill,117167.91955034946
SE,Plastic waste for treatment: landfill,668758.0244723145
SE,Inert/metal/hazardous waste for treatment: landfill,203492.5978712951
SE,Textiles waste for treatment: landfill,744493.639079984
SE,Wood waste for treatment: landfill,574987.4925089134
SE,Membership organisation services n.e.c. (91),7670.023386168849
SE,"Recreational, cultural and sporting services (92)",9673.534118543312
SE,Other services (93),14390.405373787895
SE,Private households with employed persons (95),0.0
SE,Extra-territorial organizations and bodies,0.0
SI,Paddy rice,569428.8640287643
SI,Wheat,1539819.6881085164
SI,Cereal grains nec,867223.6509788708
SI,"Vegetables, fruit, nuts",177378.673615411
SI,Oil seeds,564497.6831675792
SI,"Sugar cane, sugar beet",372960.9646147649
SI,Plant-based fibers,569428.9591477314
SI,Crops nec,730864.2481604994
SI,Cattle,3763110.365352168
SI,Pigs,968275.4398466491
SI,Poultry,349597.6490675282
SI,Meat animals nec,109826.45583447318
SI,Animal products nec,130975.97861425176
SI,Raw milk,1619498.1611071576
SI,"Wool, silk-worm cocoons",591472.6630046701
SI,Manure (conventional treatment),0.0
SI,Manure (biogas treatment),0.0
SI,"Products of forestry, logging and related services (02)",218353.19142981656
SI,Fish and other fishing products; services incidental of fishing (05),7519.682457860109
SI,Anthracite,0.0
SI,Coking Coal,1864.066137575458
SI,Other Bituminous Coal,304053.72116219276
SI,Sub-Bituminous Coal,1214.792885985254
SI,Patent Fuel,12657.642840839515
SI,Lignite/Brown Coal,103112.00308846709
SI,BKB/Peat Briquettes,0.0
SI,Peat,0.0
SI,"Crude petroleum and services related to crude oil extraction, excluding surveying",162224.33869540243
SI,"Natural gas and services related to natural gas extraction, excluding surveying",171788.05343424945
SI,Natural Gas Liquids,137607.35600838656
SI,Other Hydrocarbons,13052.730957801125
SI,Uranium and thorium ores (12),0.0
SI,Iron ores,1274.891441618558
SI,Copper ores and concentrates,17257.785227887853
SI,Nickel ores and concentrates,0.0
SI,Aluminium ores and concentrates,0.0
SI,Precious metal ores and concentrates,9784.21067770296
SI,"Lead, zinc and tin ores and concentrates",15361.082500027042
SI,Other non-ferrous metal ores and concentrates,13052.631971229453
SI,Stone,258507.35318835903
SI,Sand and clay,667645.9343097577
SI,"Chemical and fertilizer minerals, salt and other mining and quarrying products n.e.c.",304462.5958795414
SI,Products of meat cattle,21282.138441005896
SI,Products of meat pigs,18507.417425677875
SI,Products of meat poultry,13113.895857848238
SI,Meat products nec,51927.13939934041
SI,products of Vegetable oils and fats,60111.988437467415
SI,Dairy products,36438.46487171302
SI,Processed rice,5305.0127992805865
SI,Sugar,25230.58739923485
SI,Food products nec,101095.90535762564
SI,Beverages,80870.90808722959
SI,Fish products,34773.0710191214
SI,Tobacco products (16),0.0
SI,Textiles (17),88231.98104396871
SI,Wearing apparel; furs (18),16041.837629347532
SI,Leather and leather products (19),81635.41945352065
SI,Wood and products of wood and cork (except furniture); articles of straw and plaiting materials (20),89145.45080396022
SI,"Wood material for treatment, Re-processing of secondary wood material into new wood material",0.0
SI,Pulp,129687.78669685751
SI,"Secondary paper for treatment, Re-processing of secondary paper into new pulp",0.0
SI,Paper and paper products,83028.7361062428
SI,Printed matter and recorded media (22),8363.38817920908
SI,Coke Oven Coke,0.0
SI,Gas Coke,0.0
SI,Coal Tar,0.0
SI,Motor Gasoline,0.0
SI,Aviation Gasoline,0.0002550083821076652
SI,Gasoline Type Jet Fuel,0.0
SI,Kerosene Type Jet Fuel,0.0002548870746573651
SI,Kerosene,0.0
SI,Gas/Diesel Oil,0.0
SI,Heavy Fuel Oil,0.00025488717491538624
SI,Refinery Gas,0.0
SI,Liquefied Petroleum Gases (LPG),0.0
SI,Refinery Feedstocks,0.0
SI,Ethane,0.0
SI,Naphtha,0.0
SI,White Spirit & SBP,0.0
SI,Lubricants,0.0
SI,Bitumen,0.0
SI,Paraffin Waxes,0.0
SI,Petroleum Coke,0.0
SI,Non-specified Petroleum Products,0.0
SI,Nuclear fuel,2.8403480406714144e-05
SI,"Plastics, basic",81623.0538362689
SI,"Secondary plastic for treatment, Re-processing of secondary plastic into new plastic",0.0
SI,N-fertiliser,43887.29581388681
SI,P- and other fertiliser,107458.56882782787
SI,Chemicals nec,28111.344448796997
SI,Charcoal,566799.4795890423
SI,Additives/Blending Components,159293.5861921471
SI,Biogasoline,62932.5318177673
SI,Biodiesels,28909.823600576605
SI,Other Liquid Biofuels,463271.16108473
SI,Rubber and plastic products (25),18170.524783970155
SI,Glass and glass products,720647.8309157041
SI,"Secondary glass for treatment, Re-processing of secondary glass into new glass",0.0
SI,Ceramic goods,1103878.5081792474
SI,"Bricks, tiles and construction products, in baked clay",1025516.0689244265
SI,"Cement, lime and plaster",393236.97718488716
SI,"Ash for treatment, Re-processing of ash into clinker",0.0
SI,Other non-metallic mineral products,725151.4766348302
SI,Basic iron and steel and of ferro-alloys and first products thereof,36498.27020623443
SI,"Secondary steel for treatment, Re-processing of secondary steel into new steel",0.0
SI,Precious metals,43020.013988967636
SI,"Secondary preciuos metals for treatment, Re-processing of secondary preciuos metals into new preciuos metals",0.0
SI,Aluminium and aluminium products,112065.39683013472
SI,"Secondary aluminium for treatment, Re-processing of secondary aluminium into new aluminium",0.0
SI,"Lead, zinc and tin and products thereof",25787.626805091615
SI,"Secondary lead for treatment, Re-processing of secondary lead into new lead",0.0
SI,Copper products,23840.334958476822
SI,"Secondary copper for treatment, Re-processing of secondary copper into new copper",0.0
SI,Other non-ferrous metal products,22177.171592047074
SI,"Secondary other non-ferrous metals for treatment, Re-processing of secondary other non-ferrous metals into new other non-ferrous metals",0.0
SI,Foundry work services,625926.7208125162
SI,"Fabricated metal products, except machinery and equipment (28)",42848.94575166808
SI,Machinery and equipment n.e.c. (29),19738.402743725626
SI,Office machinery and computers (30),8881.884616966254
SI,Electrical machinery and apparatus n.e.c. (31),27023.97273436113
SI,"Radio, television and communication equipment and apparatus (32)",23926.52117890027
SI,"Medical, precision and optical instruments, watches and clocks (33)",19613.221495801045
SI,"Motor vehicles, trailers and semi-trailers (34)",11395.624485087399
SI,Other transport equipment (35),21552.304999524356
SI,Furniture; other manufactured goods n.e.c. (36),31293.611524921875
SI,Secondary raw materials,37823.57645073893
SI,"Bottles for treatment, Recycling of bottles by direct reuse",0.0
SI,Electricity by coal,16900389.227845974
SI,Electricity by gas,828094.2873276657
SI,Electricity by nuclear,1205.554314453282
SI,Electricity by hydro,8023.3316771790405
SI,Electricity by wind,2521.387617473201
SI,Electricity by petroleum and other oil derivatives,1336654.2650282874
SI,Electricity by biomass and waste,159033.66276388642
SI,Electricity by solar photovoltaic,8267.991027314523
SI,Electricity by solar thermal,0.0
SI,"Electricity by tide, wave, ocean",0.0
SI,Electricity by Geothermal,16829.401961724154
SI,Electricity nec,17546.122199627272
SI,Transmission services of electricity,4559.406713029098
SI,Distribution and trade services of electricity,130.34625004528337
SI,Coke oven gas,12668.060720180225
SI,Blast Furnace Gas,17297.11018875962
SI,Oxygen Steel Furnace Gas,16260.35446223326
SI,Gas Works Gas,16078.690168270541
SI,Biogas,3357.808350027191
SI,Distribution services of gaseous fuels through mains,7118.485782453215
SI,Steam and hot water supply services,1678908.0060127552
SI,"Collected and purified water, distribution services of water (41)",34160.4607780328
SI,Construction work (45),34389.1681692456
SI,"Secondary construction material for treatment, Re-processing of secondary construction material into aggregates",0.0
SI,"Sale, maintenance, repair of motor vehicles, motor vehicles parts, motorcycles, motor cycles parts and accessoiries",105441.24417490914
SI,Retail trade services of motor fuel,22231.488328981668
SI,"Wholesale trade and commission trade services, except of motor vehicles and motorcycles (51)",25849.017338194426
SI,"Retail  trade services, except of motor vehicles and motorcycles; repair services of personal and household goods (52)",24972.220427740696
SI,Hotel and restaurant services (55),26509.328699375765
SI,Railway transportation services,72733.23865390538
SI,Other land transportation services,593101.0602542098
SI,Transportation services via pipelines,179302.09677449733
SI,Sea and coastal water transportation services,58633.91469410435
SI,Inland water transportation services,43907.00982168358
SI,Air transport services (62),200035.3680455434
SI,Supporting and auxiliary transport services; travel agency services (63),17301.27390111977
SI,Post and telecommunication services (64),286451.1995547054
SI,"Financial intermediation services, except insurance and pension funding services (65)",15916.68367773473
SI,"Insurance and pension funding services, except compulsory social security services (66)",1146.8976184411606
SI,Services auxiliary to financial intermediation (67),8037.135246304438
SI,Real estate services (70),52339.560706490345
SI,Renting services of machinery and equipment without operator and of personal and household goods (71),93761.11372065193
SI,Computer and related services (72),12722.973963695298
SI,Research and development services (73),36722.88943942298
SI,Other business services (74),23907.93729371101
SI,Public administration and defence services; compulsory social security services (75),16256.748562455668
SI,Education services (80),13236.391738008226
SI,Health and social work services (85),6087.983342567956
SI,Food waste for treatment: incineration,3584425.000516946
SI,Paper waste for treatment: incineration,683839.6157349607
SI,Plastic waste for treatment: incineration,451639.99101496144
SI,Intert/metal waste for treatment: incineration,43179.58792376795
SI,Textiles waste for treatment: incineration,3604393.9383854284
SI,Wood waste for treatment: incineration,471441.30458644684
SI,Oil/hazardous waste for treatment: incineration,34253.138061444486
SI,Food waste for treatment: biogasification and land application,2550297.1792538804
SI,Paper waste for treatment: biogasification and land application,2556223.5415754383
SI,Sewage sludge for treatment: biogasification and land application,191729.44920290605
SI,Food waste for treatment: composting and land application,511409.44318133965
SI,Paper and wood waste for treatment: composting and land application,715795.1243795614
SI,Food waste for treatment: waste water treatment,251551.88703466798
SI,Other waste for treatment: waste water treatment,221505.962335815
SI,Food waste for treatment: landfill,259589.84152062476
SI,Paper for treatment: landfill,69644.05267140406
SI,Plastic waste for treatment: landfill,383238.95196449535
SI,Inert/metal/hazardous waste for treatment: landfill,65527.51193966725
SI,Textiles waste for treatment: landfill,63766.523532400504
SI,Wood waste for treatment: landfill,37070.18151651902
SI,Membership organisation services n.e.c. (91),14881.01056707101
SI,"Recreational, cultural and sporting services (92)",10389.780314725249
SI,Other services (93),18500.53551491983
SI,Private households with employed persons (95),0.0
SI,Extra-territorial organizations and bodies,0.0
SK,Paddy rice,55879.232875307134
SK,Wheat,905013.8287148427
SK,Cereal grains nec,1001884.6125780065
SK,"Vegetables, fruit, nuts",95734.70464267788
SK,Oil seeds,815245.267441409
SK,"Sugar cane, sugar beet",475918.2506144852
SK,Plant-based fibers,92883.14860098324
SK,Crops nec,85803.5917596112
SK,Cattle,5727188.838373626
SK,Pigs,720796.788292384
SK,Poultry,410897.28552870936
SK,Meat animals nec,86105.92528658055
SK,Animal products nec,328051.86399984127
SK,Raw milk,1551875.8670919505
SK,"Wool, silk-worm cocoons",58149.02076880243
SK,Manure (conventional treatment),56363.545276729725
SK,Manure (biogas treatment),56363.545276729725
SK,"Products of forestry, logging and related services (02)",45463.90290343114
SK,Fish and other fishing products; services incidental of fishing (05),29317.353416451188
SK,Anthracite,2984.872404594964
SK,Coking Coal,3125.615503407833
SK,Other Bituminous Coal,3575.2742377195273
SK,Sub-Bituminous Coal,3016.3899884571038
SK,Patent Fuel,2977.0456206496615
SK,Lignite/Brown Coal,508866.5287892056
SK,BKB/Peat Briquettes,2992.127934880683
SK,Peat,16714.60785444641
SK,"Crude petroleum and services related to crude oil extraction, excluding surveying",1090075.4147445846
SK,"Natural gas and services related to natural gas extraction, excluding surveying",1410762.1061224178
SK,Natural Gas Liquids,665312.0335770565
SK,Other Hydrocarbons,36744.29278631343
SK,Uranium and thorium ores (12),3356.012931083662
SK,Iron ores,26992.776189369186
SK,Copper ores and concentrates,17186.56586909391
SK,Nickel ores and concentrates,3339.912484714255
SK,Aluminium ores and concentrates,7582.300755364635
SK,Precious metal ores and concentrates,33289.150254538064
SK,"Lead, zinc and tin ores and concentrates",10380.691333373254
SK,Other non-ferrous metal ores and concentrates,4927.4052860828215
SK,Stone,416043.0208264187
SK,Sand and clay,439837.0267833413
SK,"Chemical and fertilizer minerals, salt and other mining and quarrying products n.e.c.",485351.63939274417
SK,Products of meat cattle,47256.90028135772
SK,Products of meat pigs,66022.39910572392
SK,Products of meat poultry,1267487.0857542094
SK,Meat products nec,1546042.5340074934
SK,products of Vegetable oils and fats,34026.21166542367
SK,Dairy products,55918.704665329125
SK,Processed rice,92326.26749455441
SK,Sugar,41078.205723176085
SK,Food products nec,133141.6583796911
SK,Beverages,147124.922650119
SK,Fish products,92865.77974945494
SK,Tobacco products (16),3534769.244743166
SK,Textiles (17),35801.67570567708
SK,Wearing apparel; furs (18),4442.639806178618
SK,Leather and leather products (19),14480.956935741991
SK,Wood and products of wood and cork (except furniture); articles of straw and plaiting materials (20),73690.38761222371
SK,"Wood material for treatment, Re-processing of secondary wood material into new wood material",54765.93614627236
SK,Pulp,59468.27715034676
SK,"Secondary paper for treatment, Re-processing of secondary paper into new pulp",55960.69558254685
SK,Paper and paper products,52005.7287325229
SK,Printed matter and recorded media (22),162988.05110048936
SK,Coke Oven Coke,3863060.6076759147
SK,Gas Coke,37657.179801024
SK,Coal Tar,1660726.753088388
SK,Motor Gasoline,556468.1229387176
SK,Aviation Gasoline,37657.09371787276
SK,Gasoline Type Jet Fuel,37657.17959899519
SK,Kerosene Type Jet Fuel,152172.09127870388
SK,Kerosene,37657.28999506215
SK,Gas/Diesel Oil,556338.0941556315
SK,Heavy Fuel Oil,553153.4331180523
SK,Refinery Gas,560218.0553728053
SK,Liquefied Petroleum Gases (LPG),547239.8829809154
SK,Refinery Feedstocks,556692.7909169811
SK,Ethane,37657.10612421914
SK,Naphtha,559387.4067539987
SK,White Spirit & SBP,37657.15006961979
SK,Lubricants,37657.65650662272
SK,Bitumen,37657.51271646369
SK,Paraffin Waxes,37657.14447196007
SK,Petroleum Coke,537051.2799872407
SK,Non-specified Petroleum Products,554574.5923098266
SK,Nuclear fuel,543.3742613220762
SK,"Plastics, basic",481117.91636694496
SK,"Secondary plastic for treatment, Re-processing of secondary plastic into new plastic",55960.695299675834
SK,N-fertiliser,12192478.033455238
SK,P- and other fertiliser,459810.20817394776
SK,Chemicals nec,403742.9802251554
SK,Charcoal,593732.8912916001
SK,Additives/Blending Components,1747959.0787156727
SK,Biogasoline,1960305.1220034952
SK,Biodiesels,1959709.3230223919
SK,Other Liquid Biofuels,634607.4141709734
SK,Rubber and plastic products (25),44628.83036418771
SK,Glass and glass products,251475.6002840595
SK,"Secondary glass for treatment, Re-processing of secondary glass into new glass",55960.694151695345
SK,Ceramic goods,974282.6356779891
SK,"Bricks, tiles and construction products, in baked clay",1075408.1589137567
SK,"Cement, lime and plaster",698974.1737613782
SK,"Ash for treatment, Re-processing of ash into clinker",55960.694151695345
SK,Other non-metallic mineral products,505236.51235168776
SK,Basic iron and steel and of ferro-alloys and first products thereof,2602834.2860723236
SK,"Secondary steel for treatment, Re-processing of secondary steel into new steel",55886.32358988022
SK,Precious metals,129835.44248363608
SK,"Secondary preciuos metals for treatment, Re-processing of secondary preciuos metals into new preciuos metals",55886.323576026225
SK,Aluminium and aluminium products,49366.659897421865
SK,"Secondary aluminium for treatment, Re-processing of secondary aluminium into new aluminium",55886.323576040864
SK,"Lead, zinc and tin and products thereof",41506.09569280136
SK,"Secondary lead for treatment, Re-processing of secondary lead into new lead",55886.323576040864
SK,Copper products,441858.7278708735
SK,"Secondary copper for treatment, Re-processing of secondary copper into new copper",55886.323576040864
SK,Other non-ferrous metal products,17333.001018814288
SK,"Secondary other non-ferrous metals for treatment, Re-processing of secondary other non-ferrous metals into new other non-ferrous metals",55886.32358988022
SK,Foundry work services,201893.58931104268
SK,"Fabricated metal products, except machinery and equipment (28)",64550.916409218546
SK,Machinery and equipment n.e.c. (29),21511.11933247398
SK,Office machinery and computers (30),28907.135450908034
SK,Electrical machinery and apparatus n.e.c. (31),1562876.4015107243
SK,"Radio, television and communication equipment and apparatus (32)",11895.70490871351
SK,"Medical, precision and optical instruments, watches and clocks (33)",47895.77783339838
SK,"Motor vehicles, trailers and semi-trailers (34)",14828.752820121577
SK,Other transport equipment (35),207356.64859949864
SK,Furniture; other manufactured goods n.e.c. (36),113278.71693685351
SK,Secondary raw materials,41156.35115235928
SK,"Bottles for treatment, Recycling of bottles by direct reuse",55960.69534860299
SK,Electricity by coal,12831387.477841657
SK,Electricity by gas,1663528.169387012
SK,Electricity by nuclear,2558.539710138482
SK,Electricity by hydro,10801.701296541267
SK,Electricity by wind,71415.66457920353
SK,Electricity by petroleum and other oil derivatives,215644.54257606683
SK,Electricity by biomass and waste,537317.5252538852
SK,Electricity by solar photovoltaic,7012.638879930727
SK,Electricity by solar thermal,55960.694153245735
SK,"Electricity by tide, wave, ocean",55960.69415790866
SK,Electricity by Geothermal,55960.69417858909
SK,Electricity nec,235786.99643101796
SK,Transmission services of electricity,8316.146718840915
SK,Distribution and trade services of electricity,12313.329892279087
SK,Coke oven gas,38733.179310565814
SK,Blast Furnace Gas,200216.20085894683
SK,Oxygen Steel Furnace Gas,234731.49949410127
SK,Gas Works Gas,166100.97353173944
SK,Biogas,291032.9355266425
SK,Distribution services of gaseous fuels through mains,307543.2893888492
SK,Steam and hot water supply services,1800690.7738158829
SK,"Collected and purified water, distribution services of water (41)",30965.63002783624
SK,Construction work (45),29590.826321039305
SK,"Secondary construction material for treatment, Re-processing of secondary construction material into aggregates",55960.6941516055
SK,"Sale, maintenance, repair of motor vehicles, motor vehicles parts, motorcycles, motor cycles parts and accessoiries",22582.54605478079
SK,Retail trade services of motor fuel,202684.81819530562
SK,"Wholesale trade and commission trade services, except of motor vehicles and motorcycles (51)",40706.528507555384
SK,"Retail  trade services, except of motor vehicles and motorcycles; repair services of personal and household goods (52)",35452.90221240907
SK,Hotel and restaurant services (55),37659.052870346815
SK,Railway transportation services,85554.2434567586
SK,Other land transportation services,69540.74294004831
SK,Transportation services via pipelines,1249552.7422771398
SK,Sea and coastal water transportation services,74932.8567264153
SK,Inland water transportation services,12691.002413427022
SK,Air transport services (62),88975.58704495871
SK,Supporting and auxiliary transport services; travel agency services (63),24831.517198012432
SK,Post and telecommunication services (64),2089.2564426166628
SK,"Financial intermediation services, except insurance and pension funding services (65)",1778.1877292405145
SK,"Insurance and pension funding services, except compulsory social security services (66)",4611.057133137272
SK,Services auxiliary to financial intermediation (67),45225.891726974245
SK,Real estate services (70),57888.62832840459
SK,Renting services of machinery and equipment without operator and of personal and household goods (71),21285.89452907662
SK,Computer and related services (72),17270.793618198997
SK,Research and development services (73),36447.937679062255
SK,Other business services (74),21076.968741277542
SK,Public administration and defence services; compulsory social security services (75),5937.217471468929
SK,Education services (80),5317.413975949159
SK,Health and social work services (85),14186.113947823811
SK,Food waste for treatment: incineration,808497.1834840038
SK,Paper waste for treatment: incineration,1669481.8739221166
SK,Plastic waste for treatment: incineration,544380.6587330528
SK,Intert/metal waste for treatment: incineration,79685.45591107954
SK,Textiles waste for treatment: incineration,1695864.3085211173
SK,Wood waste for treatment: incineration,54214.31691360111
SK,Oil/hazardous waste for treatment: incineration,389873.6649487637
SK,Food waste for treatment: biogasification and land application,37466.96652577444
SK,Paper waste for treatment: biogasification and land application,55960.01768825481
SK,Sewage sludge for treatment: biogasification and land application,69399.34442843408
SK,Food waste for treatment: composting and land application,122002.69309344424
SK,Paper and wood waste for treatment: composting and land application,37468.64846778746
SK,Food waste for treatment: waste water treatment,864577.1881497696
SK,Other waste for treatment: waste water treatment,902854.301055649
SK,Food waste for treatment: landfill,157404.24424345297
SK,Paper for treatment: landfill,82000.57177291729
SK,Plastic waste for treatment: landfill,51929.54245809065
SK,Inert/metal/hazardous waste for treatment: landfill,68275.61162664524
SK,Textiles waste for treatment: landfill,56495.696801894046
SK,Wood waste for treatment: landfill,57475.99810629948
SK,Membership organisation services n.e.c. (91),8805.667010931133
SK,"Recreational, cultural and sporting services (92)",4537.58685059527
SK,Other services (93),17466.034179619128
SK,Private households with employed persons (95),1.0411143309647943
SK,Extra-territorial organizations and bodies,0.0
GB,Paddy rice,0.0
GB,Wheat,655179.3330989938
GB,Cereal grains nec,1043449.9350181461
GB,"Vegetables, fruit, nuts",291845.96928797604
GB,Oil seeds,1090998.8799168651
GB,"Sugar cane, sugar beet",1064228.339596229
GB,Plant-based fibers,3901787.9414600665
GB,Crops nec,19901.759086731956
GB,Cattle,3861783.337737692
GB,Pigs,1842531.285119595
GB,Poultry,661465.2527463925
GB,Meat animals nec,2424068.979975612
GB,Animal products nec,2824691.990065474
GB,Raw milk,2545400.3453638023
GB,"Wool, silk-worm cocoons",22183.102308793495
GB,Manure (conventional treatment),0.0
GB,Manure (biogas treatment),0.0
GB,"Products of forestry, logging and related services (02)",119539.279944526
GB,Fish and other fishing products; services incidental of fishing (05),235689.835811378
GB,Anthracite,0.0
GB,Coking Coal,81885.09348258955
GB,Other Bituminous Coal,81717.41658644397
GB,Sub-Bituminous Coal,0.0
GB,Patent Fuel,81576.4034575001
GB,Lignite/Brown Coal,187675.45745879711
GB,BKB/Peat Briquettes,298622.3613821211
GB,Peat,251502.25466604787
GB,"Crude petroleum and services related to crude oil extraction, excluding surveying",321714.12629431055
GB,"Natural gas and services related to natural gas extraction, excluding surveying",1026699.5002114157
GB,Natural Gas Liquids,1026204.2855848719
GB,Other Hydrocarbons,1822236.3436592843
GB,Uranium and thorium ores (12),580251.511199808
GB,Iron ores,7475.587567449871
GB,Copper ores and concentrates,41299.90114709333
GB,Nickel ores and concentrates,0.0
GB,Aluminium ores and concentrates,949498.7360572354
GB,Precious metal ores and concentrates,7611.806425740204
GB,"Lead, zinc and tin ores and concentrates",7504.0049576178935
GB,Other non-ferrous metal ores and concentrates,12677.989228329656
GB,Stone,38174.423064716124
GB,Sand and clay,75974.49750581972
GB,"Chemical and fertilizer minerals, salt and other mining and quarrying products n.e.c.",843973.3108098705
GB,Products of meat cattle,43686.854780479334
GB,Products of meat pigs,38766.29710650489
GB,Products of meat poultry,34919.713694194244
GB,Meat products nec,28170.23864142776
GB,products of Vegetable oils and fats,65012.08005038719
GB,Dairy products,51457.880691779625
GB,Processed rice,19042.765303299195
GB,Sugar,41687.710023126056
GB,Food products nec,49715.02894517099
GB,Beverages,63180.779889373036
GB,Fish products,61063.09986355546
GB,Tobacco products (16),292175.49295397516
GB,Textiles (17),34047.83661877267
GB,Wearing apparel; furs (18),42098.22986740654
GB,Leather and leather products (19),6989.457145288723
GB,Wood and products of wood and cork (except furniture); articles of straw and plaiting materials (20),140244.88286614217
GB,"Wood material for treatment, Re-processing of secondary wood material into new wood material",0.0
GB,Pulp,44668.478469660244
GB,"Secondary paper for treatment, Re-processing of secondary paper into new pulp",0.0
GB,Paper and paper products,31146.91562894024
GB,Printed matter and recorded media (22),20234.17277873801
GB,Coke Oven Coke,17396530.18917692
GB,Gas Coke,0.0
GB,Coal Tar,13055076.036870196
GB,Motor Gasoline,442354.8779172801
GB,Aviation Gasoline,444856.86599446257
GB,Gasoline Type Jet Fuel,0.0
GB,Kerosene Type Jet Fuel,445303.9766831231
GB,Kerosene,445092.07396206615
GB,Gas/Diesel Oil,444914.4089620698
GB,Heavy Fuel Oil,310871.00462843804
GB,Refinery Gas,255284.6636332862
GB,Liquefied Petroleum Gases (LPG),445295.13977321814
GB,Refinery Feedstocks,444507.73031143285
GB,Ethane,444582.35575506836
GB,Naphtha,399274.6838458718
GB,White Spirit & SBP,305600.81926759274
GB,Lubricants,226661.5901016257
GB,Bitumen,344989.8290927853
GB,Paraffin Waxes,298458.13568843703
GB,Petroleum Coke,350488.4842881731
GB,Non-specified Petroleum Products,310392.6363174423
GB,Nuclear fuel,4498.472618643037
GB,"Plastics, basic",172208.55453058306
GB,"Secondary plastic for treatment, Re-processing of secondary plastic into new plastic",0.0
GB,N-fertiliser,146498.92799563185
GB,P- and other fertiliser,44168.61092585815
GB,Chemicals nec,65900.70829198822
GB,Charcoal,165896.69152368343
GB,Additives/Blending Components,326236.1901763729
GB,Biogasoline,65013.29745801338
GB,Biodiesels,78374.65875188354
GB,Other Liquid Biofuels,174394.38174308088
GB,Rubber and plastic products (25),45943.32671368707
GB,Glass and glass products,166279.01197905178
GB,"Secondary glass for treatment, Re-processing of secondary glass into new glass",0.0
GB,Ceramic goods,312539.60167295666
GB,"Bricks, tiles and construction products, in baked clay",235155.8970285144
GB,"Cement, lime and plaster",425875.87995789904
GB,"Ash for treatment, Re-processing of ash into clinker",0.0
GB,Other non-metallic mineral products,223224.72865406144
GB,Basic iron and steel and of ferro-alloys and first products thereof,137229.73751968244
GB,"Secondary steel for treatment, Re-processing of secondary steel into new steel",0.0
GB,Precious metals,11344.595480772658
GB,"Secondary preciuos metals for treatment, Re-processing of secondary preciuos metals into new preciuos metals",0.0
GB,Aluminium and aluminium products,49810.90769134258
GB,"Secondary aluminium for treatment, Re-processing of secondary aluminium into new aluminium",0.0
GB,"Lead, zinc and tin and products thereof",11047.214289367834
GB,"Secondary lead for treatment, Re-processing of secondary lead into new lead",0.0
GB,Copper products,7685.686411890696
GB,"Secondary copper for treatment, Re-processing of secondary copper into new copper",0.0
GB,Other non-ferrous metal products,17442.096233782428
GB,"Secondary other non-ferrous metals for treatment, Re-processing of secondary other non-ferrous metals into new other non-ferrous metals",0.0
GB,Foundry work services,1058659.4063433986
GB,"Fabricated metal products, except machinery and equipment (28)",83665.32529469776
GB,Machinery and equipment n.e.c. (29),18039.704606036627
GB,Office machinery and computers (30),1923.3927474130132
GB,Electrical machinery and apparatus n.e.c. (31),17350.37807863064
GB,"Radio, television and communication equipment and apparatus (32)",22905.24027855766
GB,"Medical, precision and optical instruments, watches and clocks (33)",6184.808863000192
GB,"Motor vehicles, trailers and semi-trailers (34)",13238.90632093119
GB,Other transport equipment (35),15409.486949166092
GB,Furniture; other manufactured goods n.e.c. (36),233324.09031257083
GB,Secondary raw materials,29148.508000419286
GB,"Bottles for treatment, Recycling of bottles by direct reuse",0.0
GB,Electricity by coal,9858267.287897164
GB,Electricity by gas,3223337.945875967
GB,Electricity by nuclear,207.4068459823648
GB,Electricity by hydro,2305.7453572301256
GB,Electricity by wind,4.417565211954541
GB,Electricity by petroleum and other oil derivatives,2155857.0641112505
GB,Electricity by biomass and waste,935924.2120535091
GB,Electricity by solar photovoltaic,0.6896697227742671
GB,Electricity by solar thermal,0.0
GB,"Electricity by tide, wave, ocean",58.04015043374326
GB,Electricity by Geothermal,765959.7622013609
GB,Electricity nec,56350.50308152376
GB,Transmission services of electricity,28.087621433770664
GB,Distribution and trade services of electricity,22.26364142144947
GB,Coke oven gas,87069.36041757664
GB,Blast Furnace Gas,87498.26857074999
GB,Oxygen Steel Furnace Gas,0.0
GB,Gas Works Gas,525903.3915009169
GB,Biogas,86467.84863839451
GB,Distribution services of gaseous fuels through mains,86788.31047521782
GB,Steam and hot water supply services,84675.6953413404
GB,"Collected and purified water, distribution services of water (41)",10032.501897949518
GB,Construction work (45),25896.963195517837
GB,"Secondary construction material for treatment, Re-processing of secondary construction material into aggregates",0.0
GB,"Sale, maintenance, repair of motor vehicles, motor vehicles parts, motorcycles, motor cycles parts and accessoiries",20307.40932309706
GB,Retail trade services of motor fuel,4189.592649317758
GB,"Wholesale trade and commission trade services, except of motor vehicles and motorcycles (51)",58345.65172580969
GB,"Retail  trade services, except of motor vehicles and motorcycles; repair services of personal and household goods (52)",14905.910047579651
GB,Hotel and restaurant services (55),17350.178713983412
GB,Railway transportation services,324647.5247098282
GB,Other land transportation services,181903.87681081574
GB,Transportation services via pipelines,21920.265810775905
GB,Sea and coastal water transportation services,1317995.6651612604
GB,Inland water transportation services,579575.7586329816
GB,Air transport services (62),840764.3204165499
GB,Supporting and auxiliary transport services; travel agency services (63),25373.546557910846
GB,Post and telecommunication services (64),13237.124048147696
GB,"Financial intermediation services, except insurance and pension funding services (65)",7427.850217274562
GB,"Insurance and pension funding services, except compulsory social security services (66)",4957.11250385936
GB,Services auxiliary to financial intermediation (67),14018.387708862656
GB,Real estate services (70),38891.15015780274
GB,Renting services of machinery and equipment without operator and of personal and household goods (71),27081.936580565514
GB,Computer and related services (72),8584.40157218385
GB,Research and development services (73),23247.738390313345
GB,Other business services (74),13675.041685178641
GB,Public administration and defence services; compulsory social security services (75),18532.527126688085
GB,Education services (80),7659.1602781731535
GB,Health and social work services (85),7787.012381019468
GB,Food waste for treatment: incineration,45489.5925597768
GB,Paper waste for treatment: incineration,40727.14444310857
GB,Plastic waste for treatment: incineration,18098.44293010386
GB,Intert/metal waste for treatment: incineration,48838.5426084636
GB,Textiles waste for treatment: incineration,37542.66654548517
GB,Wood waste for treatment: incineration,34059.8864058062
GB,Oil/hazardous waste for treatment: incineration,45028.553956849166
GB,Food waste for treatment: biogasification and land application,41765.41678024948
GB,Paper waste for treatment: biogasification and land application,29832.426861710854
GB,Sewage sludge for treatment: biogasification and land application,47688.16786478814
GB,Food waste for treatment: composting and land application,63275.84791829316
GB,Paper and wood waste for treatment: composting and land application,58439.366984412125
GB,Food waste for treatment: waste water treatment,862222.036499468
GB,Other waste for treatment: waste water treatment,881133.2829979949
GB,Food waste for treatment: landfill,416996.3743534669
GB,Paper for treatment: landfill,41341.33911880007
GB,Plastic waste for treatment: landfill,37705.83037608259
GB,Inert/metal/hazardous waste for treatment: landfill,45860.17736266312
GB,Textiles waste for treatment: landfill,34817.705946950504
GB,Wood waste for treatment: landfill,35618.49470406221
GB,Membership organisation services n.e.c. (91),11704.502757586177
GB,"Recreational, cultural and sporting services (92)",4930.7251782435615
GB,Other services (93),7381.584892286552
GB,Private households with employed persons (95),0.0
GB,Extra-territorial organizations and bodies,0.0
US,Paddy rice,2256142.573425887
US,Wheat,796367.7892118024
US,Cereal grains nec,621012.6253630527
US,"Vegetables, fruit, nuts",100485.27722606479
US,Oil seeds,442520.0282778759
US,"Sugar cane, sugar beet",420570.5218580174
US,Plant-based fibers,427379.571569111
US,Crops nec,901227.5089288591
US,Cattle,4296496.869726817
US,Pigs,460725.6193022306
US,Poultry,374733.7372955893
US,Meat animals nec,24231327.98458273
US,Animal products nec,434780.5593732537
US,Raw milk,2078149.5481504698
US,"Wool, silk-worm cocoons",7815.805121585452
US,Manure (conventional treatment),0.0
US,Manure (biogas treatment),0.0
US,"Products of forestry, logging and related services (02)",196331.2487793119
US,Fish and other fishing products; services incidental of fishing (05),296573.754372829
US,Anthracite,489170.8538713573
US,Coking Coal,489170.76655560714
US,Other Bituminous Coal,478466.075367151
US,Sub-Bituminous Coal,489171.1381920932
US,Patent Fuel,48955.43941968751
US,Lignite/Brown Coal,6587840.115558263
US,BKB/Peat Briquettes,5816637.580034847
US,Peat,7294624.397605869
US,"Crude petroleum and services related to crude oil extraction, excluding surveying",334358.1182018879
US,"Natural gas and services related to natural gas extraction, excluding surveying",319081.7904148204
US,Natural Gas Liquids,318555.6547198736
US,Other Hydrocarbons,525722.1630943331
US,Uranium and thorium ores (12),27288.49935381499
US,Iron ores,583634.5401493935
US,Copper ores and concentrates,172989.18879820805
US,Nickel ores and concentrates,0.0
US,Aluminium ores and concentrates,40944.852526973875
US,Precious metal ores and concentrates,35617.97983821816
US,"Lead, zinc and tin ores and concentrates",21199393.723715812
US,Other non-ferrous metal ores and concentrates,35436.20600168494
US,Stone,756636.3074932828
US,Sand and clay,285252.94817126467
US,"Chemical and fertilizer minerals, salt and other mining and quarrying products n.e.c.",312186.3369189115
US,Products of meat cattle,22602.16179658899
US,Products of meat pigs,45385.964385285806
US,Products of meat poultry,31202.150511682856
US,Meat products nec,16964.67351700782
US,products of Vegetable oils and fats,109409.26408796945
US,Dairy products,49917.23584355217
US,Processed rice,2099071.7396581015
US,Sugar,68030.15356577125
US,Food products nec,96510.86962433698
US,Beverages,63330.132419221525
US,Fish products,96066.44925844585
US,Tobacco products (16),96952.37149324421
US,Textiles (17),43908.810848026566
US,Wearing apparel; furs (18),63358.48979274429
US,Leather and leather products (19),632.3318880027286
US,Wood and products of wood and cork (except furniture); articles of straw and plaiting materials (20),676457.9154310795
US,"Wood material for treatment, Re-processing of secondary wood material into new wood material",0.0
US,Pulp,244569.7353986082
US,"Secondary paper for treatment, Re-processing of secondary paper into new pulp",0.0
US,Paper and paper products,126425.42685107011
US,Printed matter and recorded media (22),15349.82032139521
US,Coke Oven Coke,989787.7627217909
US,Gas Coke,0.0
US,Coal Tar,51064.52864618848
US,Motor Gasoline,332677.6173968401
US,Aviation Gasoline,332445.49071764795
US,Gasoline Type Jet Fuel,0.0
US,Kerosene Type Jet Fuel,332961.5096659391
US,Kerosene,236130.30064415777
US,Gas/Diesel Oil,332889.70415588253
US,Heavy Fuel Oil,332020.724721188
US,Refinery Gas,329492.3410506505
US,Liquefied Petroleum Gases (LPG),331931.48603158514
US,Refinery Feedstocks,93025.94884459092
US,Ethane,331432.03302880353
US,Naphtha,331339.10073708644
US,White Spirit & SBP,329323.2033512806
US,Lubricants,305302.64261296147
US,Bitumen,283406.3027318716
US,Paraffin Waxes,266309.40018974757
US,Petroleum Coke,332449.684328867
US,Non-specified Petroleum Products,333159.3076895061
US,Nuclear fuel,43429.06724009785
US,"Plastics, basic",317279.78102038766
US,"Secondary plastic for treatment, Re-processing of secondary plastic into new plastic",0.0
US,N-fertiliser,172095.65691476528
US,P- and other fertiliser,688213.1570463262
US,Chemicals nec,152865.08846533322
US,Charcoal,180643.69075519042
US,Additives/Blending Components,124852.64934216128
US,Biogasoline,124855.38383901067
US,Biodiesels,124850.26753900482
US,Other Liquid Biofuels,124877.31849108888
US,Rubber and plastic products (25),93359.3715372038
US,Glass and glass products,449723.0155684535
US,"Secondary glass for treatment, Re-processing of secondary glass into new glass",0.0
US,Ceramic goods,987010.2646851817
US,"Bricks, tiles and construction products, in baked clay",337691.9540930746
US,"Cement, lime and plaster",567320.2773579704
US,"Ash for treatment, Re-processing of ash into clinker",0.0
US,Other non-metallic mineral products,312492.6988300691
US,Basic iron and steel and of ferro-alloys and first products thereof,238564.21408063898
US,"Secondary steel for treatment, Re-processing of secondary steel into new steel",0.0
US,Precious metals,7974.72942041046
US,"Secondary preciuos metals for treatment, Re-processing of secondary preciuos metals into new preciuos metals",0.0
US,Aluminium and aluminium products,48422.19587264873
US,"Secondary aluminium for treatment, Re-processing of secondary aluminium into new aluminium",0.0
US,"Lead, zinc and tin and products thereof",40203.646130391135
US,"Secondary lead for treatment, Re-processing of secondary lead into new lead",0.0
US,Copper products,8813.937754818166
US,"Secondary copper for treatment, Re-processing of secondary copper into new copper",0.0
US,Other non-ferrous metal products,10258.115123957536
US,"Secondary other non-ferrous metals for treatment, Re-processing of secondary other non-ferrous metals into new other non-ferrous metals",0.0
US,Foundry work services,759236.051930697
US,"Fabricated metal products, except machinery and equipment (28)",54014.86581277366
US,Machinery and equipment n.e.c. (29),32675.72574364532
US,Office machinery and computers (30),963.3454090246186
US,Electrical machinery and apparatus n.e.c. (31),22201.017694832743
US,"Radio, television and communication equipment and apparatus (32)",12062.970201756389
US,"Medical, precision and optical instruments, watches and clocks (33)",11450.335420332352
US,"Motor vehicles, trailers and semi-trailers (34)",4760.008270761729
US,Other transport equipment (35),28858.49505734607
US,Furniture; other manufactured goods n.e.c. (36),149519.71004192228
US,Secondary raw materials,538368.2711986137
US,"Bottles for treatment, Recycling of bottles by direct reuse",0.0
US,Electricity by coal,22282715.817175344
US,Electricity by gas,10709136.999122534
US,Electricity by nuclear,33236.51452676446
US,Electricity by hydro,52140.10239101386
US,Electricity by wind,14312.756608424123
US,Electricity by petroleum and other oil derivatives,12154169.508632313
US,Electricity by biomass and waste,15733180.716032509
US,Electricity by solar photovoltaic,15708.181854180495
US,Electricity by solar thermal,13786.119902911872
US,"Electricity by tide, wave, ocean",0.0
US,Electricity by Geothermal,40939.54366766191
US,Electricity nec,27433.90696643747
US,Transmission services of electricity,27643.535921533028
US,Distribution and trade services of electricity,36730.746525836905
US,Coke oven gas,431602.12230601173
US,Blast Furnace Gas,231348.3590068024
US,Oxygen Steel Furnace Gas,0.0
US,Gas Works Gas,206024.51738314133
US,Biogas,157912.47126352318
US,Distribution services of gaseous fuels through mains,250590.2313641664
US,Steam and hot water supply services,937328.2882352975
US,"Collected and purified water, distribution services of water (41)",49589.06917576412
US,Construction work (45),87246.54443023779
US,"Secondary construction material for treatment, Re-processing of secondary construction material into aggregates",0.0
US,"Sale, maintenance, repair of motor vehicles, motor vehicles parts, motorcycles, motor cycles parts and accessoiries",17124.537448893312
US,Retail trade services of motor fuel,19662.94393226032
US,"Wholesale trade and commission trade services, except of motor vehicles and motorcycles (51)",17311.05419923443
US,"Retail  trade services, except of motor vehicles and motorcycles; repair services of personal and household goods (52)",8803.553015168602
US,Hotel and restaurant services (55),26367.706347617615
US,Railway transportation services,599844.3160937016
US,Other land transportation services,14729.403590196009
US,Transportation services via pipelines,517925.2141822345
US,Sea and coastal water transportation services,3563255.2539865123
US,Inland water transportation services,347529.66207147343
US,Air transport services (62),1142632.4404374019
US,Supporting and auxiliary transport services; travel agency services (63),33842.46233152744
US,Post and telecommunication services (64),34771.161870726144
US,"Financial intermediation services, except insurance and pension funding services (65)",32777.97803938675
US,"Insurance and pension funding services, except compulsory social security services (66)",5550.833297487935
US,Services auxiliary to financial intermediation (67),1030.8080278333518
US,Real estate services (70),9965.169934377436
US,Renting services of machinery and equipment without operator and of personal and household goods (71),29162.665370885185
US,Computer and related services (72),15136.27975924973
US,Research and development services (73),95797.16905758851
US,Other business services (74),20623.525586188338
US,Public administration and defence services; compulsory social security services (75),48277.396874320155
US,Education services (80),114824.49021655714
US,Health and social work services (85),17037.248948941473
US,Food waste for treatment: incineration,47580.384377483504
US,Paper waste for treatment: incineration,30344.54909112362
US,Plastic waste for treatment: incineration,19567.108650453363
US,Intert/metal waste for treatment: incineration,324176.13748332707
US,Textiles waste for treatment: incineration,13676.10310438958
US,Wood waste for treatment: incineration,15174.19271102047
US,Oil/hazardous waste for treatment: incineration,7059.789949095866
US,Food waste for treatment: biogasification and land application,55170.38909977593
US,Paper waste for treatment: biogasification and land application,55170.389062492104
US,Sewage sludge for treatment: biogasification and land application,2067176.481875637
US,Food waste for treatment: composting and land application,6824.764503443551
US,Paper and wood waste for treatment: composting and land application,45627.91719685959
US,Food waste for treatment: waste water treatment,2508661.061323835
US,Other waste for treatment: waste water treatment,286531.9857572112
US,Food waste for treatment: landfill,174941.17927968808
US,Paper for treatment: landfill,62182.88769662062
US,Plastic waste for treatment: landfill,50937.63286856959
US,Inert/metal/hazardous waste for treatment: landfill,55249.342931948464
US,Textiles waste for treatment: landfill,19455.014435258236
US,Wood waste for treatment: landfill,22520.236819879483
US,Membership organisation services n.e.c. (91),72155.65103805959
US,"Recreational, cultural and sporting services (92)",35185.14587384635
US,Other services (93),16178.488430515617
US,Private households with employed persons (95),0.0
US,Extra-territorial organizations and bodies,0.0
JP,Paddy rice,758901.611800286
JP,Wheat,583024.1816331642
JP,Cereal grains nec,241444.77946692935
JP,"Vegetables, fruit, nuts",163474.14115414472
JP,Oil seeds,224953.00847353056
JP,"Sugar cane, sugar beet",760002.6201604886
JP,Plant-based fibers,263.19829832363024
JP,Crops nec,164557.7917159541
JP,Cattle,724809.3826771765
JP,Pigs,351038.3345840313
JP,Poultry,352573.61851974035
JP,Meat animals nec,117403.79214285323
JP,Animal products nec,101567.58889181697
JP,Raw milk,537730.2277645728
JP,"Wool, silk-worm cocoons",27440.63482317172
JP,Manure (conventional treatment),0.0
JP,Manure (biogas treatment),0.0
JP,"Products of forestry, logging and related services (02)",319525.67797828704
JP,Fish and other fishing products; services incidental of fishing (05),348057.55988493096
JP,Anthracite,0.0
JP,Coking Coal,0.0
JP,Other Bituminous Coal,7236.661695959569
JP,Sub-Bituminous Coal,0.0
JP,Patent Fuel,0.0
JP,Lignite/Brown Coal,0.0
JP,BKB/Peat Briquettes,0.0
JP,Peat,0.0
JP,"Crude petroleum and services related to crude oil extraction, excluding surveying",112365.72963215203
JP,"Natural gas and services related to natural gas extraction, excluding surveying",81088.5124875296
JP,Natural Gas Liquids,81088.36122494354
JP,Other Hydrocarbons,0.0
JP,Uranium and thorium ores (12),178867.70055208873
JP,Iron ores,206006.8098137409
JP,Copper ores and concentrates,179335.4574169148
JP,Nickel ores and concentrates,188996.62499182657
JP,Aluminium ores and concentrates,190912.46835377874
JP,Precious metal ores and concentrates,40628.7781458737
JP,"Lead, zinc and tin ores and concentrates",179772.05760579286
JP,Other non-ferrous metal ores and concentrates,49785.47224279735
JP,Stone,1146508.4869706081
JP,Sand and clay,1752283.2836716059
JP,"Chemical and fertilizer minerals, salt and other mining and quarrying products n.e.c.",332680.43322074553
JP,Products of meat cattle,17954.095809822018
JP,Products of meat pigs,17286.002922551088
JP,Products of meat poultry,157394.17925112325
JP,Meat products nec,95285.97749169447
JP,products of Vegetable oils and fats,89158.37691153648
JP,Dairy products,38630.087505154195
JP,Processed rice,24584.73737470021
JP,Sugar,120736.89470352503
JP,Food products nec,40887.21757779229
JP,Beverages,31432.522926067166
JP,Fish products,28112.692801314275
JP,Tobacco products (16),66390.81787819056
JP,Textiles (17),77587.81654752184
JP,Wearing apparel; furs (18),38833.21713835778
JP,Leather and leather products (19),44498.887509414446
JP,Wood and products of wood and cork (except furniture); articles of straw and plaiting materials (20),99024.79691966041
JP,"Wood material for treatment, Re-processing of secondary wood material into new wood material",0.0
JP,Pulp,217116.51255132424
JP,"Secondary paper for treatment, Re-processing of secondary paper into new pulp",0.0
JP,Paper and paper products,176898.45163841566
JP,Printed matter and recorded media (22),23810.019918206995
JP,Coke Oven Coke,2361173.7061225115
JP,Gas Coke,0.0
JP,Coal Tar,186889.38847341892
JP,Motor Gasoline,154878.6406513978
JP,Aviation Gasoline,123735.28580770861
JP,Gasoline Type Jet Fuel,0.0
JP,Kerosene Type Jet Fuel,156274.44661362286
JP,Kerosene,156610.4228965666
JP,Gas/Diesel Oil,157318.9404760884
JP,Heavy Fuel Oil,153988.43596505708
JP,Refinery Gas,89532.78196371697
JP,Liquefied Petroleum Gases (LPG),145259.08790170713
JP,Refinery Feedstocks,156436.17140470364
JP,Ethane,22546.396201091215
JP,Naphtha,154012.1661715451
JP,White Spirit & SBP,611166.4032198457
JP,Lubricants,145839.69303038472
JP,Bitumen,157050.75136015043
JP,Paraffin Waxes,253424.8736026562
JP,Petroleum Coke,91700.24618422911
JP,Non-specified Petroleum Products,118413.23307370965
JP,Nuclear fuel,21920.75039827862
JP,"Plastics, basic",548687.9497711862
JP,"Secondary plastic for treatment, Re-processing of secondary plastic into new plastic",0.0
JP,N-fertiliser,1001416.4114756363
JP,P- and other fertiliser,1329644.081473885
JP,Chemicals nec,132538.99796479824
JP,Charcoal,72408.60324134161
JP,Additives/Blending Components,36974.78109318509
JP,Biogasoline,37694.39107303779
JP,Biodiesels,113291.99903741744
JP,Other Liquid Biofuels,31895.393776500616
JP,Rubber and plastic products (25),24207.327594209048
JP,Glass and glass products,1195047.464623361
JP,"Secondary glass for treatment, Re-processing of secondary glass into new glass",0.0
JP,Ceramic goods,575692.9455132049
JP,"Bricks, tiles and construction products, in baked clay",373805.6269112426
JP,"Cement, lime and plaster",414501.0826575669
JP,"Ash for treatment, Re-processing of ash into clinker",0.0
JP,Other non-metallic mineral products,270772.37217234855
JP,Basic iron and steel and of ferro-alloys and first products thereof,338100.80693558423
JP,"Secondary steel for treatment, Re-processing of secondary steel into new steel",0.0
JP,Precious metals,40116.896960110666
JP,"Secondary preciuos metals for treatment, Re-processing of secondary preciuos metals into new preciuos metals",0.0
JP,Aluminium and aluminium products,27374.027760058412
JP,"Secondary aluminium for treatment, Re-processing of secondary aluminium into new aluminium",0.0
JP,"Lead, zinc and tin and products thereof",169878.79342365076
JP,"Secondary lead for treatment, Re-processing of secondary lead into new lead",0.0
JP,Copper products,21441.34492355211
JP,"Secondary copper for treatment, Re-processing of secondary copper into new copper",0.0
JP,Other non-ferrous metal products,42828.38739896414
JP,"Secondary other non-ferrous metals for treatment, Re-processing of secondary other non-ferrous metals into new other non-ferrous metals",0.0
JP,Foundry work services,811339.3530449251
JP,"Fabricated metal products, except machinery and equipment (28)",37181.06412373436
JP,Machinery and equipment n.e.c. (29),28849.784466615256
JP,Office machinery and computers (30),14627.817375567914
JP,Electrical machinery and apparatus n.e.c. (31),39909.385109054914
JP,"Radio, television and communication equipment and apparatus (32)",27368.70642970448
JP,"Medical, precision and optical instruments, watches and clocks (33)",37621.53710942186
JP,"Motor vehicles, trailers and semi-trailers (34)",6487.731081850691
JP,Other transport equipment (35),29249.815820100725
JP,Furniture; other manufactured goods n.e.c. (36),12390.841741589895
JP,Secondary raw materials,584939.8517784044
JP,"Bottles for treatment, Recycling of bottles by direct reuse",0.0
JP,Electricity by coal,7295454.106935868
JP,Electricity by gas,4116363.0388721777
JP,Electricity by nuclear,9051.078813303078
JP,Electricity by hydro,4176.433517835293
JP,Electricity by wind,11936.894193479162
JP,Electricity by petroleum and other oil derivatives,7018007.645969194
JP,Electricity by biomass and waste,279768.4021769402
JP,Electricity by solar photovoltaic,56.88149486461363
JP,Electricity by solar thermal,178129.83284585283
JP,"Electricity by tide, wave, ocean",152413.65284671946
JP,Electricity by Geothermal,267.51075827289696
JP,Electricity nec,2430.554165038371
JP,Transmission services of electricity,15185.940081220748
JP,Distribution and trade services of electricity,6871.182176514359
JP,Coke oven gas,56054.193005616864
JP,Blast Furnace Gas,58356.57779322837
JP,Oxygen Steel Furnace Gas,55770.43888436031
JP,Gas Works Gas,55650.70916656724
JP,Biogas,692987.2752522827
JP,Distribution services of gaseous fuels through mains,56622.32919987964
JP,Steam and hot water supply services,372306.6437621823
JP,"Collected and purified water, distribution services of water (41)",23710.688951476175
JP,Construction work (45),54920.397716948384
JP,"Secondary construction material for treatment, Re-processing of secondary construction material into aggregates",0.0
JP,"Sale, maintenance, repair of motor vehicles, motor vehicles parts, motorcycles, motor cycles parts and accessoiries",51894.88957591562
JP,Retail trade services of motor fuel,9819.485640126984
JP,"Wholesale trade and commission trade services, except of motor vehicles and motorcycles (51)",21185.859560309797
JP,"Retail  trade services, except of motor vehicles and motorcycles; repair services of personal and household goods (52)",27248.743170660244
JP,Hotel and restaurant services (55),21240.984429557902
JP,Railway transportation services,16799.68462685255
JP,Other land transportation services,80673.6593466611
JP,Transportation services via pipelines,31194.264830969118
JP,Sea and coastal water transportation services,1108517.2738049035
JP,Inland water transportation services,45104.23115780473
JP,Air transport services (62),864792.5329195285
JP,Supporting and auxiliary transport services; travel agency services (63),32917.59697256228
JP,Post and telecommunication services (64),10787.233102040362
JP,"Financial intermediation services, except insurance and pension funding services (65)",8313.28386255733
JP,"Insurance and pension funding services, except compulsory social security services (66)",9257.965511269387
JP,Services auxiliary to financial intermediation (67),14089.537955544825
JP,Real estate services (70),7695.971526678824
JP,Renting services of machinery and equipment without operator and of personal and household goods (71),56684.04605271321
JP,Computer and related services (72),12937.671173000579
JP,Research and development services (73),28122.662398912853
JP,Other business services (74),15310.643560903236
JP,Public administration and defence services; compulsory social security services (75),15698.033946986912
JP,Education services (80),18750.94818717586
JP,Health and social work services (85),17293.683394900036
JP,Food waste for treatment: incineration,131607.47651000714
JP,Paper waste for treatment: incineration,51197.08025585839
JP,Plastic waste for treatment: incineration,40166.548279298855
JP,Intert/metal waste for treatment: incineration,41211.98243729832
JP,Textiles waste for treatment: incineration,43780.7293936749
JP,Wood waste for treatment: incineration,43666.44986009328
JP,Oil/hazardous waste for treatment: incineration,42206.1714897475
JP,Food waste for treatment: biogasification and land application,230072.35584491087
JP,Paper waste for treatment: biogasification and land application,66120.33869307078
JP,Sewage sludge for treatment: biogasification and land application,28931.892427704548
JP,Food waste for treatment: composting and land application,54352.79793668969
JP,Paper and wood waste for treatment: composting and land application,229893.94569793573
JP,Food waste for treatment: waste water treatment,2198621.496744134
JP,Other waste for treatment: waste water treatment,3420126.7972501554
JP,Food waste for treatment: landfill,603034.758147623
JP,Paper for treatment: landfill,64935.51788323421
JP,Plastic waste for treatment: landfill,71964.96235236175
JP,Inert/metal/hazardous waste for treatment: landfill,57356.36981313846
JP,Textiles waste for treatment: landfill,67664.52790574949
JP,Wood waste for treatment: landfill,64538.924741388284
JP,Membership organisation services n.e.c. (91),51485.52325106261
JP,"Recreational, cultural and sporting services (92)",15934.263060111216
JP,Other services (93),37853.05949554498
JP,Private households with employed persons (95),0.0
JP,Extra-territorial organizations and bodies,0.0
CN,Paddy rice,1625899.4941699253
CN,Wheat,350437.6297472842
CN,Cereal grains nec,367967.7513453296
CN,"Vegetables, fruit, nuts",336712.78717416234
CN,Oil seeds,193664.57839300242
CN,"Sugar cane, sugar beet",154806.54592530348
CN,Plant-based fibers,69487.94737293792
CN,Crops nec,86797.1285480431
CN,Cattle,1614446.0255300377
CN,Pigs,506534.7079081587
CN,Poultry,159564.7842391623
CN,Meat animals nec,1031174.0179059483
CN,Animal products nec,18014.643744151803
CN,Raw milk,587785.9059020339
CN,"Wool, silk-worm cocoons",13261.933492534308
CN,Manure (conventional treatment),0.0
CN,Manure (biogas treatment),0.0
CN,"Products of forestry, logging and related services (02)",82517.60190793127
CN,Fish and other fishing products; services incidental of fishing (05),67379.17592934766
CN,Anthracite,0.0
CN,Coking Coal,0.0
CN,Other Bituminous Coal,304282.9527096899
CN,Sub-Bituminous Coal,0.0
CN,Patent Fuel,304282.9186526461
CN,Lignite/Brown Coal,0.0
CN,BKB/Peat Briquettes,0.0
CN,Peat,0.0
CN,"Crude petroleum and services related to crude oil extraction, excluding surveying",320083.66985726263
CN,"Natural gas and services related to natural gas extraction, excluding surveying",436125.1711236798
CN,Natural Gas Liquids,436125.2656401908
CN,Other Hydrocarbons,95300.13417446951
CN,Uranium and thorium ores (12),5624.09391777122
CN,Iron ores,401456.8536759613
CN,Copper ores and concentrates,50589.285564631864
CN,Nickel ores and concentrates,41670.3578715713
CN,Aluminium ores and concentrates,40257.02836820462
CN,Precious metal ores and concentrates,43671.82312881566
CN,"Lead, zinc and tin ores and concentrates",29161.163477728394
CN,Other non-ferrous metal ores and concentrates,24098.53934509481
CN,Stone,673334.7840077394
CN,Sand and clay,5092663.46558994
CN,"Chemical and fertilizer minerals, salt and other mining and quarrying products n.e.c.",238292.63042571401
CN,Products of meat cattle,19770.25662873803
CN,Products of meat pigs,9539.021140807788
CN,Products of meat poultry,39082.950986438074
CN,Meat products nec,17925.010030466183
CN,products of Vegetable oils and fats,101530.41224481768
CN,Dairy products,30886.13938160237
CN,Processed rice,1727089.8510573816
CN,Sugar,29058.841851724894
CN,Food products nec,8099.341098203969
CN,Beverages,44573.55910596919
CN,Fish products,33886.910676503045
CN,Tobacco products (16),59578.628167219205
CN,Textiles (17),20476.88475340858
CN,Wearing apparel; furs (18),22506.865346948423
CN,Leather and leather products (19),63111.172142037336
CN,Wood and products of wood and cork (except furniture); articles of straw and plaiting materials (20),46890.51517197519
CN,"Wood material for treatment, Re-processing of secondary wood material into new wood material",0.0
CN,Pulp,169101.32249141717
CN,"Secondary paper for treatment, Re-processing of secondary paper into new pulp",0.0
CN,Paper and paper products,42054.16292050917
CN,Printed matter and recorded media (22),33801.83173314709
CN,Coke Oven Coke,1537216.3730409348
CN,Gas Coke,0.0
CN,Coal Tar,288054.8222745049
CN,Motor Gasoline,288054.81750681833
CN,Aviation Gasoline,288054.8279010243
CN,Gasoline Type Jet Fuel,0.0
CN,Kerosene Type Jet Fuel,288054.8275732889
CN,Kerosene,288054.82133218885
CN,Gas/Diesel Oil,288054.819502049
CN,Heavy Fuel Oil,288054.8244594979
CN,Refinery Gas,288054.82691804424
CN,Liquefied Petroleum Gases (LPG),288054.82208129246
CN,Refinery Feedstocks,288054.81585633365
CN,Ethane,0.0
CN,Naphtha,288054.8195371309
CN,White Spirit & SBP,288054.81397322513
CN,Lubricants,288054.81897750206
CN,Bitumen,288054.8195980608
CN,Paraffin Waxes,288054.8211604017
CN,Petroleum Coke,288054.8231708243
CN,Non-specified Petroleum Products,288054.81743515824
CN,Nuclear fuel,339.8012653351753
CN,"Plastics, basic",575852.6768890432
CN,"Secondary plastic for treatment, Re-processing of secondary plastic into new plastic",0.0
CN,N-fertiliser,500080.40868823
CN,P- and other fertiliser,560137.2681238244
CN,Chemicals nec,603753.413469631
CN,Charcoal,92647.79526924767
CN,Additives/Blending Components,1630877.5334012578
CN,Biogasoline,597177.5913903293
CN,Biodiesels,725514.2209480415
CN,Other Liquid Biofuels,586042.5100740863
CN,Rubber and plastic products (25),181160.35413012313
CN,Glass and glass products,96621.47356237129
CN,"Secondary glass for treatment, Re-processing of secondary glass into new glass",0.0
CN,Ceramic goods,335418.06735590304
CN,"Bricks, tiles and construction products, in baked clay",404799.0951112753
CN,"Cement, lime and plaster",2240957.8774186475
CN,"Ash for treatment, Re-processing of ash into clinker",0.0
CN,Other non-metallic mineral products,937179.7883141632
CN,Basic iron and steel and of ferro-alloys and first products thereof,1158170.6498211366
CN,"Secondary steel for treatment, Re-processing of secondary steel into new steel",0.0
CN,Precious metals,68985.04611767032
CN,"Secondary preciuos metals for treatment, Re-processing of secondary preciuos metals into new preciuos metals",0.0
CN,Aluminium and aluminium products,138319.99916893616
CN,"Secondary aluminium for treatment, Re-processing of secondary aluminium into new aluminium",0.0
CN,"Lead, zinc and tin and products thereof",206010.77937925677
CN,"Secondary lead for treatment, Re-processing of secondary lead into new lead",0.0
CN,Copper products,452076.3337020958
CN,"Secondary copper for treatment, Re-processing of secondary copper into new copper",0.0
CN,Other non-ferrous metal products,174151.46703591422
CN,"Secondary other non-ferrous metals for treatment, Re-processing of secondary other non-ferrous metals into new other non-ferrous metals",0.0
CN,Foundry work services,705274.0009771441
CN,"Fabricated metal products, except machinery and equipment (28)",96281.28121798787
CN,Machinery and equipment n.e.c. (29),57631.57990112352
CN,Office machinery and computers (30),6767.48939256781
CN,Electrical machinery and apparatus n.e.c. (31),38292.14890864354
CN,"Radio, television and communication equipment and apparatus (32)",15663.374072106253
CN,"Medical, precision and optical instruments, watches and clocks (33)",199016.23283922346
CN,"Motor vehicles, trailers and semi-trailers (34)",15087.82739403713
CN,Other transport equipment (35),15155.669699780825
CN,Furniture; other manufactured goods n.e.c. (36),339966.2018770748
CN,Secondary raw materials,998080.5483723563
CN,"Bottles for treatment, Recycling of bottles by direct reuse",0.0
CN,Electricity by coal,16750063.251377365
CN,Electricity by gas,6054159.728925923
CN,Electricity by nuclear,189969.7263542817
CN,Electricity by hydro,375698.96988658526
CN,Electricity by wind,204763.54932078748
CN,Electricity by petroleum and other oil derivatives,3324088.172089134
CN,Electricity by biomass and waste,500501.32742175774
CN,Electricity by solar photovoltaic,1122.0026149941116
CN,Electricity by solar thermal,528.7726566851671
CN,"Electricity by tide, wave, ocean",57703.231004433845
CN,Electricity by Geothermal,426151.0588712538
CN,Electricity nec,391888.8582721215
CN,Transmission services of electricity,13852.48818057237
CN,Distribution and trade services of electricity,17114.480794184354
CN,Coke oven gas,230819.51716319853
CN,Blast Furnace Gas,236256.09680498362
CN,Oxygen Steel Furnace Gas,218855.89726876852
CN,Gas Works Gas,220110.97062115395
CN,Biogas,241123.36842530518
CN,Distribution services of gaseous fuels through mains,297237.8848009968
CN,Steam and hot water supply services,530416.2890560578
CN,"Collected and purified water, distribution services of water (41)",96125.41370888728
CN,Construction work (45),28695.78278859411
CN,"Secondary construction material for treatment, Re-processing of secondary construction material into aggregates",0.0
CN,"Sale, maintenance, repair of motor vehicles, motor vehicles parts, motorcycles, motor cycles parts and accessoiries",20820.810138815006
CN,Retail trade services of motor fuel,110703.88622916206
CN,"Wholesale trade and commission trade services, except of motor vehicles and motorcycles (51)",18149.830173441143
CN,"Retail  trade services, except of motor vehicles and motorcycles; repair services of personal and household goods (52)",16442.00214026981
CN,Hotel and restaurant services (55),21524.651029341603
CN,Railway transportation services,168252.9208071894
CN,Other land transportation services,226792.01838138173
CN,Transportation services via pipelines,56803.65557311037
CN,Sea and coastal water transportation services,571129.2789639779
CN,Inland water transportation services,319518.1406606443
CN,Air transport services (62),1489656.012851963
CN,Supporting and auxiliary transport services; travel agency services (63),53445.168048566746
CN,Post and telecommunication services (64),16131.546697646594
CN,"Financial intermediation services, except insurance and pension funding services (65)",2340.1179919094175
CN,"Insurance and pension funding services, except compulsory social security services (66)",13119.470995989672
CN,Services auxiliary to financial intermediation (67),10998.769212805304
CN,Real estate services (70),15506.099396517331
CN,Renting services of machinery and equipment without operator and of personal and household goods (71),71023.15457887031
CN,Computer and related services (72),15899.82436454503
CN,Research and development services (73),10545.040138382348
CN,Other business services (74),24786.958925761446
CN,Public administration and defence services; compulsory social security services (75),30535.986787861297
CN,Education services (80),33391.654894184874
CN,Health and social work services (85),17337.312008676792
CN,Food waste for treatment: incineration,1050148.96528136
CN,Paper waste for treatment: incineration,59567.215851083674
CN,Plastic waste for treatment: incineration,59996.310577892415
CN,Intert/metal waste for treatment: incineration,2761339.1489226553
CN,Textiles waste for treatment: incineration,60283.66870930508
CN,Wood waste for treatment: incineration,60161.01085797067
CN,Oil/hazardous waste for treatment: incineration,60185.72517521809
CN,Food waste for treatment: biogasification and land application,0.0
CN,Paper waste for treatment: biogasification and land application,0.0
CN,Sewage sludge for treatment: biogasification and land application,0.0
CN,Food waste for treatment: composting and land application,606401.8968424497
CN,Paper and wood waste for treatment: composting and land application,1956255.4959353346
CN,Food waste for treatment: waste water treatment,28804175.815989487
CN,Other waste for treatment: waste water treatment,28766173.411765963
CN,Food waste for treatment: landfill,1760246.2118613254
CN,Paper for treatment: landfill,53608.82768074905
CN,Plastic waste for treatment: landfill,54041.538505727265
CN,Inert/metal/hazardous waste for treatment: landfill,54448.31675982355
CN,Textiles waste for treatment: landfill,55801.018830701054
CN,Wood waste for treatment: landfill,55774.41698352504
CN,Membership organisation services n.e.c. (91),28499.269943758816
CN,"Recreational, cultural and sporting services (92)",30213.646502462892
CN,Other services (93),16075.85467574152
CN,Private households with employed persons (95),0.4027962940484937
CN,Extra-territorial organizations and bodies,0.0
CA,Paddy rice,346251.97946721816
CA,Wheat,910022.0361227831
CA,Cereal grains nec,820583.0633520888
CA,"Vegetables, fruit, nuts",407054.1465717765
CA,Oil seeds,999273.0778199551
CA,"Sugar cane, sugar beet",263339.21681926446
CA,Plant-based fibers,132985.39383436576
CA,Crops nec,1034938.223764303
CA,Cattle,3834969.481274659
CA,Pigs,481497.9830013915
CA,Poultry,728888.7780804912
CA,Meat animals nec,4915131.8333279
CA,Animal products nec,129112.216532977
CA,Raw milk,1963638.5063400993
CA,"Wool, silk-worm cocoons",44373.10217158706
CA,Manure (conventional treatment),0.0
CA,Manure (biogas treatment),0.0
CA,"Products of forestry, logging and related services (02)",464569.6491742714
CA,Fish and other fishing products; services incidental of fishing (05),154328.95777452225
CA,Anthracite,26530.161294664485
CA,Coking Coal,1326357.7441765857
CA,Other Bituminous Coal,1324352.3412028528
CA,Sub-Bituminous Coal,1329345.961872274
CA,Patent Fuel,21442212.72642418
CA,Lignite/Brown Coal,1248927.0095982566
CA,BKB/Peat Briquettes,628174.901856227
CA,Peat,259212.12148083418
CA,"Crude petroleum and services related to crude oil extraction, excluding surveying",389486.1634438464
CA,"Natural gas and services related to natural gas extraction, excluding surveying",12393410.651421253
CA,Natural Gas Liquids,5990733.711080716
CA,Other Hydrocarbons,29150.133416312903
CA,Uranium and thorium ores (12),5418.423553101613
CA,Iron ores,3216888.5143587003
CA,Copper ores and concentrates,566281.4716255201
CA,Nickel ores and concentrates,32862.20660348142
CA,Aluminium ores and concentrates,141207.795588479
CA,Precious metal ores and concentrates,271566.9148744382
CA,"Lead, zinc and tin ores and concentrates",404563.2952740238
CA,Other non-ferrous metal ores and concentrates,143714.95896412825
CA,Stone,406092.4184950519
CA,Sand and clay,185752.57752256034
CA,"Chemical and fertilizer minerals, salt and other mining and quarrying products n.e.c.",316715.4621911575
CA,Products of meat cattle,33822.28438974238
CA,Products of meat pigs,35413.09178913494
CA,Products of meat poultry,81681.88391940144
CA,Meat products nec,295975.795922521
CA,products of Vegetable oils and fats,59310.82632080507
CA,Dairy products,55479.36971510605
CA,Processed rice,44664.18318061827
CA,Sugar,378121.89525926294
CA,Food products nec,70501.29349071738
CA,Beverages,100587.89142812672
CA,Fish products,13489.4470072969
CA,Tobacco products (16),16808.579846235927
CA,Textiles (17),96132.7004106622
CA,Wearing apparel; furs (18),21309.38054401037
CA,Leather and leather products (19),26575.41849011578
CA,Wood and products of wood and cork (except furniture); articles of straw and plaiting materials (20),280875.4114752095
CA,"Wood material for treatment, Re-processing of secondary wood material into new wood material",0.0
CA,Pulp,145311.40522862363
CA,"Secondary paper for treatment, Re-processing of secondary paper into new pulp",0.0
CA,Paper and paper products,147693.76458025383
CA,Printed matter and recorded media (22),55711.93115606874
CA,Coke Oven Coke,254197.2945785822
CA,Gas Coke,479679.09889257245
CA,Coal Tar,20086790.358049385
CA,Motor Gasoline,262307.2327732687
CA,Aviation Gasoline,254337.6701181448
CA,Gasoline Type Jet Fuel,69259.86355752923
CA,Kerosene Type Jet Fuel,256159.6284758473
CA,Kerosene,250476.45319166064
CA,Gas/Diesel Oil,267879.09965613106
CA,Heavy Fuel Oil,261211.44376510143
CA,Refinery Gas,285031.60151145764
CA,Liquefied Petroleum Gases (LPG),337349.0163685999
CA,Refinery Feedstocks,260939.48413128406
CA,Ethane,277350.057026849
CA,Naphtha,256808.9544485701
CA,White Spirit & SBP,381380.83185434
CA,Lubricants,434168.0368599205
CA,Bitumen,305440.9677390726
CA,Paraffin Waxes,17624194.911715493
CA,Petroleum Coke,333051.4827065488
CA,Non-specified Petroleum Products,284896.3850891981
CA,Nuclear fuel,46602.05878865709
CA,"Plastics, basic",150919.1507210341
CA,"Secondary plastic for treatment, Re-processing of secondary plastic into new plastic",0.0
CA,N-fertiliser,15228245.583483268
CA,P- and other fertiliser,325271.0997584899
CA,Chemicals nec,336293.77783718443
CA,Charcoal,753929.647200114
CA,Additives/Blending Components,781651.5784833098
CA,Biogasoline,437005.9480404425
CA,Biodiesels,435850.00425831275
CA,Other Liquid Biofuels,752744.1408672682
CA,Rubber and plastic products (25),209582.78175515516
CA,Glass and glass products,439252.7738168632
CA,"Secondary glass for treatment, Re-processing of secondary glass into new glass",0.0
CA,Ceramic goods,759774.5311721698
CA,"Bricks, tiles and construction products, in baked clay",624875.4293942775
CA,"Cement, lime and plaster",857394.6923907235
CA,"Ash for treatment, Re-processing of ash into clinker",0.0
CA,Other non-metallic mineral products,445076.1737082245
CA,Basic iron and steel and of ferro-alloys and first products thereof,755209.7368352036
CA,"Secondary steel for treatment, Re-processing of secondary steel into new steel",0.0
CA,Precious metals,286529.7426944853
CA,"Secondary preciuos metals for treatment, Re-processing of secondary preciuos metals into new preciuos metals",0.0
CA,Aluminium and aluminium products,503188.7685279256
CA,"Secondary aluminium for treatment, Re-processing of secondary aluminium into new aluminium",0.0
CA,"Lead, zinc and tin and products thereof",207213.50701128738
CA,"Secondary lead for treatment, Re-processing of secondary lead into new lead",0.0
CA,Copper products,207670.32134057733
CA,"Secondary copper for treatment, Re-processing of secondary copper into new copper",0.0
CA,Other non-ferrous metal products,120897.85278222256
CA,"Secondary other non-ferrous metals for treatment, Re-processing of secondary other non-ferrous metals into new other non-ferrous metals",0.0
CA,Foundry work services,475746.46499472694
CA,"Fabricated metal products, except machinery and equipment (28)",54397.89856809093
CA,Machinery and equipment n.e.c. (29),48075.0777051686
CA,Office machinery and computers (30),3766.2941251308293
CA,Electrical machinery and apparatus n.e.c. (31),31696.231087876575
CA,"Radio, television and communication equipment and apparatus (32)",6690.183248771778
CA,"Medical, precision and optical instruments, watches and clocks (33)",33576.252647513895
CA,"Motor vehicles, trailers and semi-trailers (34)",45814.98427797465
CA,Other transport equipment (35),38304.79607753595
CA,Furniture; other manufactured goods n.e.c. (36),305564.85042690486
CA,Secondary raw materials,192406.11916614513
CA,"Bottles for treatment, Recycling of bottles by direct reuse",0.0
CA,Electricity by coal,20057510.29112744
CA,Electricity by gas,9909221.058250805
CA,Electricity by nuclear,12230.893621585743
CA,Electricity by hydro,27650.56266749678
CA,Electricity by wind,43744.86352127848
CA,Electricity by petroleum and other oil derivatives,196877.7091114549
CA,Electricity by biomass and waste,4554563.96433328
CA,Electricity by solar photovoltaic,87690.64378739712
CA,Electricity by solar thermal,259471.75748445347
CA,"Electricity by tide, wave, ocean",2109.7523576228295
CA,Electricity by Geothermal,136335.90179715687
CA,Electricity nec,157213.00551065622
CA,Transmission services of electricity,15017.081259001689
CA,Distribution and trade services of electricity,18554.834885362132
CA,Coke oven gas,16101.240446450443
CA,Blast Furnace Gas,110828.09297141244
CA,Oxygen Steel Furnace Gas,134921.22655464336
CA,Gas Works Gas,136668.76427384652
CA,Biogas,26859.181182653185
CA,Distribution services of gaseous fuels through mains,27898.45819957586
CA,Steam and hot water supply services,4842635.88046483
CA,"Collected and purified water, distribution services of water (41)",33428.92473122941
CA,Construction work (45),85937.25465014992
CA,"Secondary construction material for treatment, Re-processing of secondary construction material into aggregates",0.0
CA,"Sale, maintenance, repair of motor vehicles, motor vehicles parts, motorcycles, motor cycles parts and accessoiries",91213.41206805082
CA,Retail trade services of motor fuel,64097.24813596986
CA,"Wholesale trade and commission trade services, except of motor vehicles and motorcycles (51)",75322.63744813073
CA,"Retail  trade services, except of motor vehicles and motorcycles; repair services of personal and household goods (52)",34213.00206243861
CA,Hotel and restaurant services (55),47817.6647275298
CA,Railway transportation services,1265830.3078253644
CA,Other land transportation services,172206.12209482142
CA,Transportation services via pipelines,1495052.2598696323
CA,Sea and coastal water transportation services,1388444.6595744472
CA,Inland water transportation services,2050794.9038517834
CA,Air transport services (62),1607081.1199264366
CA,Supporting and auxiliary transport services; travel agency services (63),97204.07744942259
CA,Post and telecommunication services (64),95291.19595175057
CA,"Financial intermediation services, except insurance and pension funding services (65)",14997.087012901027
CA,"Insurance and pension funding services, except compulsory social security services (66)",11152.227574512623
CA,Services auxiliary to financial intermediation (67),39670.45602929047
CA,Real estate services (70),57829.623740653864
CA,Renting services of machinery and equipment without operator and of personal and household goods (71),117832.4647190332
CA,Computer and related services (72),41707.83605345896
CA,Research and development services (73),128878.86189899546
CA,Other business services (74),95028.9535598029
CA,Public administration and defence services; compulsory social security services (75),53171.06414474207
CA,Education services (80),64537.56358265922
CA,Health and social work services (85),18252.210303671727
CA,Food waste for treatment: incineration,7979914.265435973
CA,Paper waste for treatment: incineration,14153037.555595202
CA,Plastic waste for treatment: incineration,6201866.129306401
CA,Intert/metal waste for treatment: incineration,16981450.974244237
CA,Textiles waste for treatment: incineration,35430893.20718076
CA,Wood waste for treatment: incineration,40270800.33605125
CA,Oil/hazardous waste for treatment: incineration,21540491.26172392
CA,Food waste for treatment: biogasification and land application,21385072.227350924
CA,Paper waste for treatment: biogasification and land application,21661620.251519747
CA,Sewage sludge for treatment: biogasification and land application,41081470.13046294
CA,Food waste for treatment: composting and land application,100164.46805025473
CA,Paper and wood waste for treatment: composting and land application,100324.55647653888
CA,Food waste for treatment: waste water treatment,1802642.6002796495
CA,Other waste for treatment: waste water treatment,1756557.8386034167
CA,Food waste for treatment: landfill,153769.9730312011
CA,Paper for treatment: landfill,31439.81991774816
CA,Plastic waste for treatment: landfill,26129.93018609373
CA,Inert/metal/hazardous waste for treatment: landfill,25631.10477373909
CA,Textiles waste for treatment: landfill,17303.935370035157
CA,Wood waste for treatment: landfill,18237.146196052818
CA,Membership organisation services n.e.c. (91),126695.16184089628
CA,"Recreational, cultural and sporting services (92)",33944.01641204026
CA,Other services (93),152488.23029305876
CA,Private households with employed persons (95),0.0
CA,Extra-territorial organizations and bodies,0.0
KR,Paddy rice,1232145.243335381
KR,Wheat,35090.35334245676
KR,Cereal grains nec,379861.1738023795
KR,"Vegetables, fruit, nuts",124556.33236051002
KR,Oil seeds,239913.13395238423
KR,"Sugar cane, sugar beet",37299.2046112982
KR,Plant-based fibers,640279.5118966292
KR,Crops nec,49342.05942397808
KR,Cattle,1644327.54620432
KR,Pigs,225530.57532446296
KR,Poultry,196892.13616434758
KR,Meat animals nec,463918.1826532828
KR,Animal products nec,190251.96186006223
KR,Raw milk,240872.1374311488
KR,"Wool, silk-worm cocoons",650461.4615485648
KR,Manure (conventional treatment),0.0
KR,Manure (biogas treatment),0.0
KR,"Products of forestry, logging and related services (02)",71186.74816613113
KR,Fish and other fishing products; services incidental of fishing (05),511811.3265228809
KR,Anthracite,58716.86377065705
KR,Coking Coal,69198.1286013304
KR,Other Bituminous Coal,248472.79870846387
KR,Sub-Bituminous Coal,674027.9069138573
KR,Patent Fuel,58719.24196198706
KR,Lignite/Brown Coal,629472.9517430004
KR,BKB/Peat Briquettes,212197.8320999574
KR,Peat,210835.89407415417
KR,"Crude petroleum and services related to crude oil extraction, excluding surveying",1347815.9710265663
KR,"Natural gas and services related to natural gas extraction, excluding surveying",5364348.960155963
KR,Natural Gas Liquids,211789.42718032488
KR,Other Hydrocarbons,705258.4738032806
KR,Uranium and thorium ores (12),632560.9395899071
KR,Iron ores,657305.1404177858
KR,Copper ores and concentrates,257163.42023373488
KR,Nickel ores and concentrates,274409.21865029325
KR,Aluminium ores and concentrates,457139.69702457474
KR,Precious metal ores and concentrates,151466.10652623177
KR,"Lead, zinc and tin ores and concentrates",200036.38674824184
KR,Other non-ferrous metal ores and concentrates,509746.67629732686
KR,Stone,2005983.5768656028
KR,Sand and clay,3227104.2304956466
KR,"Chemical and fertilizer minerals, salt and other mining and quarrying products n.e.c.",123655.4229258665
KR,Products of meat cattle,18602.27816573539
KR,Products of meat pigs,14122.460033378957
KR,Products of meat poultry,10391.197545794632
KR,Meat products nec,15500.426220044032
KR,products of Vegetable oils and fats,15127.468754476813
KR,Dairy products,35526.23392074708
KR,Processed rice,152887.58823179532
KR,Sugar,114222.54712057597
KR,Food products nec,32861.86017743629
KR,Beverages,26370.203510326635
KR,Fish products,26113.736687056873
KR,Tobacco products (16),24186.451197824696
KR,Textiles (17),25301.374105401424
KR,Wearing apparel; furs (18),21518.749941337202
KR,Leather and leather products (19),13433.086361298523
KR,Wood and products of wood and cork (except furniture); articles of straw and plaiting materials (20),54021.93698503352
KR,"Wood material for treatment, Re-processing of secondary wood material into new wood material",0.0
KR,Pulp,120450.06919194438
KR,"Secondary paper for treatment, Re-processing of secondary paper into new pulp",0.0
KR,Paper and paper products,108971.61810165373
KR,Printed matter and recorded media (22),27930.83308103092
KR,Coke Oven Coke,10510887.562844822
KR,Gas Coke,0.0
KR,Coal Tar,305239.519844696
KR,Motor Gasoline,301617.8654015555
KR,Aviation Gasoline,320778.4146212859
KR,Gasoline Type Jet Fuel,0.0
KR,Kerosene Type Jet Fuel,354234.19972318795
KR,Kerosene,330350.47178456374
KR,Gas/Diesel Oil,341564.5388049224
KR,Heavy Fuel Oil,283017.71230509883
KR,Refinery Gas,323194.05461726006
KR,Liquefied Petroleum Gases (LPG),280981.63136958727
KR,Refinery Feedstocks,351410.69055783446
KR,Ethane,229849.86132947443
KR,Naphtha,352629.12809195183
KR,White Spirit & SBP,129100.32386330253
KR,Lubricants,275083.70891082875
KR,Bitumen,651895.619298381
KR,Paraffin Waxes,216282.16841074167
KR,Petroleum Coke,257273.93689103
KR,Non-specified Petroleum Products,307346.8182309651
KR,Nuclear fuel,275646.44850105693
KR,"Plastics, basic",242563.6983392991
KR,"Secondary plastic for treatment, Re-processing of secondary plastic into new plastic",0.0
KR,N-fertiliser,67046.29065702192
KR,P- and other fertiliser,28108.01215418884
KR,Chemicals nec,301022.8574624282
KR,Charcoal,241806.94577721556
KR,Additives/Blending Components,242785.67282337547
KR,Biogasoline,228394.21569103812
KR,Biodiesels,244209.2867942735
KR,Other Liquid Biofuels,241376.78864204368
KR,Rubber and plastic products (25),38634.31736819011
KR,Glass and glass products,192042.4140435623
KR,"Secondary glass for treatment, Re-processing of secondary glass into new glass",0.0
KR,Ceramic goods,315291.3584917647
KR,"Bricks, tiles and construction products, in baked clay",380578.82279348874
KR,"Cement, lime and plaster",1692979.1631338205
KR,"Ash for treatment, Re-processing of ash into clinker",0.0
KR,Other non-metallic mineral products,699072.6351293605
KR,Basic iron and steel and of ferro-alloys and first products thereof,218542.19903425244
KR,"Secondary steel for treatment, Re-processing of secondary steel into new steel",0.0
KR,Precious metals,13613.777712444184
KR,"Secondary preciuos metals for treatment, Re-processing of secondary preciuos metals into new preciuos metals",0.0
KR,Aluminium and aluminium products,24809.330405542976
KR,"Secondary aluminium for treatment, Re-processing of secondary aluminium into new aluminium",0.0
KR,"Lead, zinc and tin and products thereof",33303.034702224104
KR,"Secondary lead for treatment, Re-processing of secondary lead into new lead",0.0
KR,Copper products,138424.35204745966
KR,"Secondary copper for treatment, Re-processing of secondary copper into new copper",0.0
KR,Other non-ferrous metal products,13392.674166504477
KR,"Secondary other non-ferrous metals for treatment, Re-processing of secondary other non-ferrous metals into new other non-ferrous metals",0.0
KR,Foundry work services,1555558.5594191984
KR,"Fabricated metal products, except machinery and equipment (28)",23413.74991774153
KR,Machinery and equipment n.e.c. (29),32397.79266454935
KR,Office machinery and computers (30),4529.977998585018
KR,Electrical machinery and apparatus n.e.c. (31),53505.785423503374
KR,"Radio, television and communication equipment and apparatus (32)",6938.131318047667
KR,"Medical, precision and optical instruments, watches and clocks (33)",65034.57657830857
KR,"Motor vehicles, trailers and semi-trailers (34)",8689.46958094452
KR,Other transport equipment (35),28240.804961828304
KR,Furniture; other manufactured goods n.e.c. (36),127562.5400689671
KR,Secondary raw materials,167615.9800217064
KR,"Bottles for treatment, Recycling of bottles by direct reuse",487189.95304468845
KR,Electricity by coal,14296175.201664427
KR,Electricity by gas,13936178.660425585
KR,Electricity by nuclear,3631.7970911865405
KR,Electricity by hydro,29809.670500993096
KR,Electricity by wind,13888.610949312706
KR,Electricity by petroleum and other oil derivatives,4103750.9764324133
KR,Electricity by biomass and waste,297608.73397399846
KR,Electricity by solar photovoltaic,215.48366859851964
KR,Electricity by solar thermal,361702.21969879494
KR,"Electricity by tide, wave, ocean",2069458.1362733191
KR,Electricity by Geothermal,13696589.453221906
KR,Electricity nec,3006.146906578553
KR,Transmission services of electricity,1295.8860530134586
KR,Distribution and trade services of electricity,1390.974622211182
KR,Coke oven gas,7319443.215343945
KR,Blast Furnace Gas,7243939.772696884
KR,Oxygen Steel Furnace Gas,13906492.13203544
KR,Gas Works Gas,7326973.284007143
KR,Biogas,2617778.95541992
KR,Distribution services of gaseous fuels through mains,73004.53486570582
KR,Steam and hot water supply services,282893.6016588983
KR,"Collected and purified water, distribution services of water (41)",487189.95304126263
KR,Construction work (45),45604.41797293271
KR,"Secondary construction material for treatment, Re-processing of secondary construction material into aggregates",0.0
KR,"Sale, maintenance, repair of motor vehicles, motor vehicles parts, motorcycles, motor cycles parts and accessoiries",27614.116100941006
KR,Retail trade services of motor fuel,27631.353002746822
KR,"Wholesale trade and commission trade services, except of motor vehicles and motorcycles (51)",46095.45336919062
KR,"Retail  trade services, except of motor vehicles and motorcycles; repair services of personal and household goods (52)",53354.696351097205
KR,Hotel and restaurant services (55),16928.389227451196
KR,Railway transportation services,158873.38377106297
KR,Other land transportation services,40252.30480103365
KR,Transportation services via pipelines,27818.67146128512
KR,Sea and coastal water transportation services,1477404.6881392354
KR,Inland water transportation services,155572.40535188478
KR,Air transport services (62),1212397.159585049
KR,Supporting and auxiliary transport services; travel agency services (63),39322.06603442915
KR,Post and telecommunication services (64),6585.793148757645
KR,"Financial intermediation services, except insurance and pension funding services (65)",7275.645085766165
KR,"Insurance and pension funding services, except compulsory social security services (66)",19674.02123015097
KR,Services auxiliary to financial intermediation (67),16973.434196753118
KR,Real estate services (70),13109.017939608857
KR,Renting services of machinery and equipment without operator and of personal and household goods (71),34686.56685892856
KR,Computer and related services (72),19923.125386116324
KR,Research and development services (73),7992.202988421567
KR,Other business services (74),25984.82585626877
KR,Public administration and defence services; compulsory social security services (75),20658.92182744042
KR,Education services (80),31588.46131723451
KR,Health and social work services (85),19483.10544353296
KR,Food waste for treatment: incineration,1598.945053373533
KR,Paper waste for treatment: incineration,420.61566730996435
KR,Plastic waste for treatment: incineration,4081.6341072500045
KR,Intert/metal waste for treatment: incineration,294793.484492632
KR,Textiles waste for treatment: incineration,341.51461797372065
KR,Wood waste for treatment: incineration,673.711703464639
KR,Oil/hazardous waste for treatment: incineration,2450.2897232187916
KR,Food waste for treatment: biogasification and land application,36447.950522359606
KR,Paper waste for treatment: biogasification and land application,519012.3763257798
KR,Sewage sludge for treatment: biogasification and land application,87282.21949975182
KR,Food waste for treatment: composting and land application,179624.83274301386
KR,Paper and wood waste for treatment: composting and land application,437844.17872585385
KR,Food waste for treatment: waste water treatment,161918.4820094479
KR,Other waste for treatment: waste water treatment,319834.5991691282
KR,Food waste for treatment: landfill,100938.36429827525
KR,Paper for treatment: landfill,121562.9535919621
KR,Plastic waste for treatment: landfill,56737.98434430648
KR,Inert/metal/hazardous waste for treatment: landfill,127747.39016601491
KR,Textiles waste for treatment: landfill,55054.691633999864
KR,Wood waste for treatment: landfill,488698.7597501698
KR,Membership organisation services n.e.c. (91),54396.05516624708
KR,"Recreational, cultural and sporting services (92)",9649.92433397427
KR,Other services (93),37496.50563000771
KR,Private households with employed persons (95),49144.06169538681
KR,Extra-territorial organizations and bodies,0.0
BR,Paddy rice,2688475.4055316667
BR,Wheat,1310012.861034232
BR,Cereal grains nec,1747617.918618676
BR,"Vegetables, fruit, nuts",958196.9732604297
BR,Oil seeds,1125421.046952683
BR,"Sugar cane, sugar beet",6151744.24844728
BR,Plant-based fibers,765176.7095064346
BR,Crops nec,1043922.425123524
BR,Cattle,21302980.517175745
BR,Pigs,1869431.0100519785
BR,Poultry,612313.6320322888
BR,Meat animals nec,35439816.7650216
BR,Animal products nec,706492.9011159651
BR,Raw milk,9697152.804040976
BR,"Wool, silk-worm cocoons",774016.8223076125
BR,Manure (conventional treatment),0.0
BR,Manure (biogas treatment),0.0
BR,"Products of forestry, logging and related services (02)",764722.3385053934
BR,Fish and other fishing products; services incidental of fishing (05),32438.157811840083
BR,Anthracite,15077.170737883327
BR,Coking Coal,16551.091664999138
BR,Other Bituminous Coal,186339.61798598332
BR,Sub-Bituminous Coal,251985.8102108811
BR,Patent Fuel,17742.22969061853
BR,Lignite/Brown Coal,343017.63395273883
BR,BKB/Peat Briquettes,12636.636439806649
BR,Peat,17591.107125240174
BR,"Crude petroleum and services related to crude oil extraction, excluding surveying",272281.1278374712
BR,"Natural gas and services related to natural gas extraction, excluding surveying",845971.9457338345
BR,Natural Gas Liquids,887185.6452175674
BR,Other Hydrocarbons,2819.154802217948
BR,Uranium and thorium ores (12),1295148.5098900397
BR,Iron ores,1029741.6873949791
BR,Copper ores and concentrates,3271871.2644682196
BR,Nickel ores and concentrates,5051444.806834206
BR,Aluminium ores and concentrates,310292.7361254845
BR,Precious metal ores and concentrates,6978016.1151345745
BR,"Lead, zinc and tin ores and concentrates",11804347.500431633
BR,Other non-ferrous metal ores and concentrates,766088.5442247947
BR,Stone,85864.69386260914
BR,Sand and clay,1092271.2768554268
BR,"Chemical and fertilizer minerals, salt and other mining and quarrying products n.e.c.",1612266.0482060704
BR,Products of meat cattle,58694.782898677215
BR,Products of meat pigs,101758.22245601483
BR,Products of meat poultry,62726.9828718208
BR,Meat products nec,234632.37038039722
BR,products of Vegetable oils and fats,678008.2896978258
BR,Dairy products,97458.53505494236
BR,Processed rice,62075.06551819833
BR,Sugar,72561.13259152698
BR,Food products nec,70755.07675940805
BR,Beverages,73734.97889540366
BR,Fish products,499570.1626794577
BR,Tobacco products (16),37181.26201507163
BR,Textiles (17),25134.141228419907
BR,Wearing apparel; furs (18),14043.954867242926
BR,Leather and leather products (19),16296.552913708534
BR,Wood and products of wood and cork (except furniture); articles of straw and plaiting materials (20),70169.9567338274
BR,"Wood material for treatment, Re-processing of secondary wood material into new wood material",0.0
BR,Pulp,257016.9723727926
BR,"Secondary paper for treatment, Re-processing of secondary paper into new pulp",16936.243486146424
BR,Paper and paper products,195823.9685393357
BR,Printed matter and recorded media (22),22306.95125260716
BR,Coke Oven Coke,1367550.0500094222
BR,Gas Coke,20689.765761186358
BR,Coal Tar,900776.8999310173
BR,Motor Gasoline,670253.6319214606
BR,Aviation Gasoline,8159341.021483761
BR,Gasoline Type Jet Fuel,20689.080126546476
BR,Kerosene Type Jet Fuel,614257.7965407153
BR,Kerosene,2568591.286775376
BR,Gas/Diesel Oil,686358.8616890225
BR,Heavy Fuel Oil,670001.9390623345
BR,Refinery Gas,459373.88437883626
BR,Liquefied Petroleum Gases (LPG),674206.6180637068
BR,Refinery Feedstocks,687860.390135544
BR,Ethane,21040.85861175856
BR,Naphtha,635093.5192793556
BR,White Spirit & SBP,17418.05876511435
BR,Lubricants,504637.046189844
BR,Bitumen,551081.5125276244
BR,Paraffin Waxes,19937.06558205739
BR,Petroleum Coke,607214.7612446996
BR,Non-specified Petroleum Products,458936.5613874957
BR,Nuclear fuel,9299.843634415074
BR,"Plastics, basic",860101.2406440545
BR,"Secondary plastic for treatment, Re-processing of secondary plastic into new plastic",1158038.6812629658
BR,N-fertiliser,65329.83504098016
BR,P- and other fertiliser,16653.44438928457
BR,Chemicals nec,123231.78658427516
BR,Charcoal,422571.72012864443
BR,Additives/Blending Components,37625.373062556755
BR,Biogasoline,137309.6789400073
BR,Biodiesels,109680.49339665836
BR,Other Liquid Biofuels,182159.57931390335
BR,Rubber and plastic products (25),103520.44156299958
BR,Glass and glass products,311151.24481659307
BR,"Secondary glass for treatment, Re-processing of secondary glass into new glass",0.0
BR,Ceramic goods,500822.18494630425
BR,"Bricks, tiles and construction products, in baked clay",861596.8562023911
BR,"Cement, lime and plaster",538620.7983470354
BR,"Ash for treatment, Re-processing of ash into clinker",0.0
BR,Other non-metallic mineral products,1107831.18045261
BR,Basic iron and steel and of ferro-alloys and first products thereof,953917.5258893556
BR,"Secondary steel for treatment, Re-processing of secondary steel into new steel",0.0
BR,Precious metals,155501.00992307975
BR,"Secondary preciuos metals for treatment, Re-processing of secondary preciuos metals into new preciuos metals",0.0
BR,Aluminium and aluminium products,1014049.7421081366
BR,"Secondary aluminium for treatment, Re-processing of secondary aluminium into new aluminium",0.0
BR,"Lead, zinc and tin and products thereof",1423684.7352537445
BR,"Secondary lead for treatment, Re-processing of secondary lead into new lead",0.0
BR,Copper products,76478.80929885578
BR,"Secondary copper for treatment, Re-processing of secondary copper into new copper",0.0
BR,Other non-ferrous metal products,237471.81806651954
BR,"Secondary other non-ferrous metals for treatment, Re-processing of secondary other non-ferrous metals into new other non-ferrous metals",0.0
BR,Foundry work services,18609296.96457957
BR,"Fabricated metal products, except machinery and equipment (28)",75352.20479056296
BR,Machinery and equipment n.e.c. (29),35217.63070696553
BR,Office machinery and computers (30),12521.08773456824
BR,Electrical machinery and apparatus n.e.c. (31),26240.779303440384
BR,"Radio, television and communication equipment and apparatus (32)",63977.10590598626
BR,"Medical, precision and optical instruments, watches and clocks (33)",89862.45406225626
BR,"Motor vehicles, trailers and semi-trailers (34)",14384.098608877088
BR,Other transport equipment (35),16903.926300316467
BR,Furniture; other manufactured goods n.e.c. (36),93855.99685091771
BR,Secondary raw materials,1158038.681822327
BR,"Bottles for treatment, Recycling of bottles by direct reuse",1158038.681261027
BR,Electricity by coal,12377879.0104906
BR,Electricity by gas,4516732.835860049
BR,Electricity by nuclear,0.010237698624883784
BR,Electricity by hydro,4.6133345009686
BR,Electricity by wind,0.11043771443439473
BR,Electricity by petroleum and other oil derivatives,8313386.1745436005
BR,Electricity by biomass and waste,56010.272090728104
BR,Electricity by solar photovoltaic,1190.368984948099
BR,Electricity by solar thermal,0.0
BR,"Electricity by tide, wave, ocean",0.0
BR,Electricity by Geothermal,0.0
BR,Electricity nec,0.0
BR,Transmission services of electricity,0.002783952883966107
BR,Distribution and trade services of electricity,0.002551307313157455
BR,Coke oven gas,85787.23960227639
BR,Blast Furnace Gas,85786.3672020864
BR,Oxygen Steel Furnace Gas,85787.13119595831
BR,Gas Works Gas,85787.23959961391
BR,Biogas,85787.23968527238
BR,Distribution services of gaseous fuels through mains,85787.23959402165
BR,Steam and hot water supply services,0.0
BR,"Collected and purified water, distribution services of water (41)",1158038.6811567848
BR,Construction work (45),57605.3973093907
BR,"Secondary construction material for treatment, Re-processing of secondary construction material into aggregates",0.0
BR,"Sale, maintenance, repair of motor vehicles, motor vehicles parts, motorcycles, motor cycles parts and accessoiries",16918.833589320555
BR,Retail trade services of motor fuel,13859.183108940708
BR,"Wholesale trade and commission trade services, except of motor vehicles and motorcycles (51)",19908.979098174306
BR,"Retail  trade services, except of motor vehicles and motorcycles; repair services of personal and household goods (52)",8406.60880519312
BR,Hotel and restaurant services (55),17136.737585741637
BR,Railway transportation services,1025560.6988931671
BR,Other land transportation services,301891.0973869583
BR,Transportation services via pipelines,885232.1488208208
BR,Sea and coastal water transportation services,1141971.0232055963
BR,Inland water transportation services,319549.88075921213
BR,Air transport services (62),1293165.210783193
BR,Supporting and auxiliary transport services; travel agency services (63),30025.512195793744
BR,Post and telecommunication services (64),2670.5743235493683
BR,"Financial intermediation services, except insurance and pension funding services (65)",7768.985999301585
BR,"Insurance and pension funding services, except compulsory social security services (66)",2334.09225194829
BR,Services auxiliary to financial intermediation (67),9653.581450641293
BR,Real estate services (70),6128.34636641428
BR,Renting services of machinery and equipment without operator and of personal and household goods (71),33872.59612303415
BR,Computer and related services (72),3124.8921398644434
BR,Research and development services (73),28216.084036090033
BR,Other business services (74),8714.573086716997
BR,Public administration and defence services; compulsory social security services (75),18952.610651793126
BR,Education services (80),3758.3292986782512
BR,Health and social work services (85),11462.094122711858
BR,Food waste for treatment: incineration,1158038.6813668772
BR,Paper waste for treatment: incineration,1158038.681365833
BR,Plastic waste for treatment: incineration,1158038.682115272
BR,Intert/metal waste for treatment: incineration,1158038.6813312157
BR,Textiles waste for treatment: incineration,1158038.6823795359
BR,Wood waste for treatment: incineration,1158038.683981971
BR,Oil/hazardous waste for treatment: incineration,1158038.6813290445
BR,Food waste for treatment: biogasification and land application,1158038.6821395017
BR,Paper waste for treatment: biogasification and land application,1158038.6817242485
BR,Sewage sludge for treatment: biogasification and land application,1158038.6817000257
BR,Food waste for treatment: composting and land application,223059.03879812034
BR,Paper and wood waste for treatment: composting and land application,20442.377928925074
BR,Food waste for treatment: waste water treatment,1112064.876006425
BR,Other waste for treatment: waste water treatment,1161800.322341503
BR,Food waste for treatment: landfill,157276.10657286932
BR,Paper for treatment: landfill,60676.46615425487
BR,Plastic waste for treatment: landfill,55381.29029753198
BR,Inert/metal/hazardous waste for treatment: landfill,55156.42304066191
BR,Textiles waste for treatment: landfill,48548.518582500255
BR,Wood waste for treatment: landfill,47825.788299191
BR,Membership organisation services n.e.c. (91),19161.086157003352
BR,"Recreational, cultural and sporting services (92)",6960.272677688087
BR,Other services (93),26991.349453530634
BR,Private households with employed persons (95),0.0
BR,Extra-territorial organizations and bodies,0.0
IN,Paddy rice,3623044.4214049494
IN,Wheat,778565.0148595553
IN,Cereal grains nec,818579.3542992111
IN,"Vegetables, fruit, nuts",467610.6605580682
IN,Oil seeds,852555.3042697449
IN,"Sugar cane, sugar beet",620656.3000094676
IN,Plant-based fibers,442986.40743770933
IN,Crops nec,192154.230216251
IN,Cattle,108932862.94254926
IN,Pigs,1627409.9747773777
IN,Poultry,363256.5525457669
IN,Meat animals nec,753389.2219194586
IN,Animal products nec,5822.058156532554
IN,Raw milk,1544283.637422339
IN,"Wool, silk-worm cocoons",6276.95144463355
IN,Manure (conventional treatment),0.0
IN,Manure (biogas treatment),0.0
IN,"Products of forestry, logging and related services (02)",72161.93104971419
IN,Fish and other fishing products; services incidental of fishing (05),54890.93766510491
IN,Anthracite,0.0
IN,Coking Coal,255811.55629882016
IN,Other Bituminous Coal,255811.58525315105
IN,Sub-Bituminous Coal,0.0
IN,Patent Fuel,0.0
IN,Lignite/Brown Coal,255811.61217333982
IN,BKB/Peat Briquettes,255811.58648394834
IN,Peat,0.0
IN,"Crude petroleum and services related to crude oil extraction, excluding surveying",292956.9412550439
IN,"Natural gas and services related to natural gas extraction, excluding surveying",1589125.8492015146
IN,Natural Gas Liquids,1589137.7445462444
IN,Other Hydrocarbons,0.0
IN,Uranium and thorium ores (12),115.55588463787356
IN,Iron ores,48918.677395630715
IN,Copper ores and concentrates,212518.0382612766
IN,Nickel ores and concentrates,0.0
IN,Aluminium ores and concentrates,88836.82201347408
IN,Precious metal ores and concentrates,70782.82586463387
IN,"Lead, zinc and tin ores and concentrates",17873.120063365302
IN,Other non-ferrous metal ores and concentrates,10170.895866909867
IN,Stone,288007.9009840231
IN,Sand and clay,1504101.0437064639
IN,"Chemical and fertilizer minerals, salt and other mining and quarrying products n.e.c.",22727.672236152197
IN,Products of meat cattle,37041.36207892288
IN,Products of meat pigs,271200.99724923377
IN,Products of meat poultry,66051.16800622798
IN,Meat products nec,26934.98266439293
IN,products of Vegetable oils and fats,11265.112884745922
IN,Dairy products,43511.467884573445
IN,Processed rice,74210.45412028393
IN,Sugar,34497.23825089785
IN,Food products nec,23835.27775636486
IN,Beverages,57818.53719665128
IN,Fish products,24952.741820719384
IN,Tobacco products (16),8702.964974640727
IN,Textiles (17),53945.41664840626
IN,Wearing apparel; furs (18),25416.590830788606
IN,Leather and leather products (19),41854.16016779356
IN,Wood and products of wood and cork (except furniture); articles of straw and plaiting materials (20),121724.22682120204
IN,"Wood material for treatment, Re-processing of secondary wood material into new wood material",0.0
IN,Pulp,465253.4836173902
IN,"Secondary paper for treatment, Re-processing of secondary paper into new pulp",0.0
IN,Paper and paper products,122688.85004015005
IN,Printed matter and recorded media (22),34081.80706003965
IN,Coke Oven Coke,1436440.9953143375
IN,Gas Coke,0.0
IN,Coal Tar,0.0
IN,Motor Gasoline,371082.63147654483
IN,Aviation Gasoline,368524.93965528265
IN,Gasoline Type Jet Fuel,0.0
IN,Kerosene Type Jet Fuel,374387.35331039206
IN,Kerosene,370818.6851613252
IN,Gas/Diesel Oil,371811.5567388995
IN,Heavy Fuel Oil,374310.4290250491
IN,Refinery Gas,374719.2663353801
IN,Liquefied Petroleum Gases (LPG),370832.5378814663
IN,Refinery Feedstocks,368524.93990516406
IN,Ethane,0.0
IN,Naphtha,372444.717637231
IN,White Spirit & SBP,0.0
IN,Lubricants,372619.0637572734
IN,Bitumen,373982.45341293793
IN,Paraffin Waxes,338995.71756643493
IN,Petroleum Coke,373663.8639979147
IN,Non-specified Petroleum Products,370220.8997995117
IN,Nuclear fuel,0.04646215940126505
IN,"Plastics, basic",535233.8687828078
IN,"Secondary plastic for treatment, Re-processing of secondary plastic into new plastic",0.0
IN,N-fertiliser,662240.1104204335
IN,P- and other fertiliser,163892.5504792725
IN,Chemicals nec,598905.7260210251
IN,Charcoal,781992.9939632863
IN,Additives/Blending Components,400494.1129063841
IN,Biogasoline,650221.1809945238
IN,Biodiesels,789886.7927269035
IN,Other Liquid Biofuels,414556.19065588387
IN,Rubber and plastic products (25),990504.0335578619
IN,Glass and glass products,276636.80556973664
IN,"Secondary glass for treatment, Re-processing of secondary glass into new glass",0.0
IN,Ceramic goods,325254.9512865258
IN,"Bricks, tiles and construction products, in baked clay",378243.6225427441
IN,"Cement, lime and plaster",2996653.9148827633
IN,"Ash for treatment, Re-processing of ash into clinker",0.0
IN,Other non-metallic mineral products,1416021.5586554606
IN,Basic iron and steel and of ferro-alloys and first products thereof,3310196.635741226
IN,"Secondary steel for treatment, Re-processing of secondary steel into new steel",0.0
IN,Precious metals,26268.56037847402
IN,"Secondary preciuos metals for treatment, Re-processing of secondary preciuos metals into new preciuos metals",0.0
IN,Aluminium and aluminium products,117981.28420617567
IN,"Secondary aluminium for treatment, Re-processing of secondary aluminium into new aluminium",0.0
IN,"Lead, zinc and tin and products thereof",1727294.3079203605
IN,"Secondary lead for treatment, Re-processing of secondary lead into new lead",0.0
IN,Copper products,21086.19754534282
IN,"Secondary copper for treatment, Re-processing of secondary copper into new copper",0.0
IN,Other non-ferrous metal products,57801.42179640137
IN,"Secondary other non-ferrous metals for treatment, Re-processing of secondary other non-ferrous metals into new other non-ferrous metals",0.0
IN,Foundry work services,1053858.9270127043
IN,"Fabricated metal products, except machinery and equipment (28)",321319.36900944257
IN,Machinery and equipment n.e.c. (29),100111.14962668026
IN,Office machinery and computers (30),1723.8183331652124
IN,Electrical machinery and apparatus n.e.c. (31),54203.97888600867
IN,"Radio, television and communication equipment and apparatus (32)",80206.40448065693
IN,"Medical, precision and optical instruments, watches and clocks (33)",463482.80380148813
IN,"Motor vehicles, trailers and semi-trailers (34)",10879.74983861678
IN,Other transport equipment (35),17831.69028871157
IN,Furniture; other manufactured goods n.e.c. (36),1115958.9474112247
IN,Secondary raw materials,5790.83507536322
IN,"Bottles for treatment, Recycling of bottles by direct reuse",0.0
IN,Electricity by coal,79966133.83577228
IN,Electricity by gas,12090197.709335556
IN,Electricity by nuclear,1637.1351745879397
IN,Electricity by hydro,40987.192113632766
IN,Electricity by wind,1254.156158011072
IN,Electricity by petroleum and other oil derivatives,18834383.760173477
IN,Electricity by biomass and waste,2510.8812248670965
IN,Electricity by solar photovoltaic,77.00906200346243
IN,Electricity by solar thermal,0.0
IN,"Electricity by tide, wave, ocean",0.0
IN,Electricity by Geothermal,0.0
IN,Electricity nec,0.0
IN,Transmission services of electricity,161542.36152198073
IN,Distribution and trade services of electricity,31501.50322096741
IN,Coke oven gas,439740.3805050025
IN,Blast Furnace Gas,439428.4965126517
IN,Oxygen Steel Furnace Gas,0.0
IN,Gas Works Gas,439733.5010316063
IN,Biogas,439740.4123351138
IN,Distribution services of gaseous fuels through mains,119508.40693918796
IN,Steam and hot water supply services,0.0
IN,"Collected and purified water, distribution services of water (41)",57300.02343723417
IN,Construction work (45),12107.043897479516
IN,"Secondary construction material for treatment, Re-processing of secondary construction material into aggregates",0.0
IN,"Sale, maintenance, repair of motor vehicles, motor vehicles parts, motorcycles, motor cycles parts and accessoiries",19285.19228086804
IN,Retail trade services of motor fuel,36622.391578611605
IN,"Wholesale trade and commission trade services, except of motor vehicles and motorcycles (51)",42741.56153681062
IN,"Retail  trade services, except of motor vehicles and motorcycles; repair services of personal and household goods (52)",36319.27072942316
IN,Hotel and restaurant services (55),82823.49245605915
IN,Railway transportation services,1428927.8372705034
IN,Other land transportation services,365356.9269943423
IN,Transportation services via pipelines,165110.76742444382
IN,Sea and coastal water transportation services,3860126.3975430853
IN,Inland water transportation services,774871.0894521134
IN,Air transport services (62),2166231.7978401654
IN,Supporting and auxiliary transport services; travel agency services (63),94459.8869284054
IN,Post and telecommunication services (64),38093.72482520669
IN,"Financial intermediation services, except insurance and pension funding services (65)",29155.962631562925
IN,"Insurance and pension funding services, except compulsory social security services (66)",16695.73430524283
IN,Services auxiliary to financial intermediation (67),5940.619167561396
IN,Real estate services (70),10132.980991284134
IN,Renting services of machinery and equipment without operator and of personal and household goods (71),98373.61341487023
IN,Computer and related services (72),37569.81309961942
IN,Research and development services (73),25423.490499721927
IN,Other business services (74),72790.05951679188
IN,Public administration and defence services; compulsory social security services (75),67966.04120804067
IN,Education services (80),42030.64284504119
IN,Health and social work services (85),35315.28757178913
IN,Food waste for treatment: incineration,0.0
IN,Paper waste for treatment: incineration,0.0
IN,Plastic waste for treatment: incineration,0.0
IN,Intert/metal waste for treatment: incineration,0.0
IN,Textiles waste for treatment: incineration,0.0
IN,Wood waste for treatment: incineration,0.0
IN,Oil/hazardous waste for treatment: incineration,0.0
IN,Food waste for treatment: biogasification and land application,0.0
IN,Paper waste for treatment: biogasification and land application,0.0
IN,Sewage sludge for treatment: biogasification and land application,0.0
IN,Food waste for treatment: composting and land application,0.0
IN,Paper and wood waste for treatment: composting and land application,0.0
IN,Food waste for treatment: waste water treatment,648433.8094924581
IN,Other waste for treatment: waste water treatment,676261.8979716087
IN,Food waste for treatment: landfill,0.0
IN,Paper for treatment: landfill,0.0
IN,Plastic waste for treatment: landfill,0.0
IN,Inert/metal/hazardous waste for treatment: landfill,0.0
IN,Textiles waste for treatment: landfill,0.0
IN,Wood waste for treatment: landfill,0.0
IN,Membership organisation services n.e.c. (91),70251.64187453456
IN,"Recreational, cultural and sporting services (92)",59750.1374984789
IN,Other services (93),77606.9538775459
IN,Private households with employed persons (95),0.0
IN,Extra-territorial organizations and bodies,0.0
MX,Paddy rice,570657.5607740142
MX,Wheat,518300.785540301
MX,Cereal grains nec,1325755.4102432106
MX,"Vegetables, fruit, nuts",175677.73512850353
MX,Oil seeds,543519.5333877704
MX,"Sugar cane, sugar beet",2362388.6535329022
MX,Plant-based fibers,254491.79328164944
MX,Crops nec,321522.37095225026
MX,Cattle,8726819.700671216
MX,Pigs,295029.9229515281
MX,Poultry,602463.724850306
MX,Meat animals nec,18205433.377511438
MX,Animal products nec,280576.504991447
MX,Raw milk,1307690.763526761
MX,"Wool, silk-worm cocoons",233115.54280194684
MX,Manure (conventional treatment),0.0
MX,Manure (biogas treatment),0.0
MX,"Products of forestry, logging and related services (02)",154370.9464409992
MX,Fish and other fishing products; services incidental of fishing (05),175122.5044329399
MX,Anthracite,823268.1373747732
MX,Coking Coal,110289.024683812
MX,Other Bituminous Coal,58102.60538447023
MX,Sub-Bituminous Coal,124283.08682859683
MX,Patent Fuel,58102.59127310213
MX,Lignite/Brown Coal,90705.64009451852
MX,BKB/Peat Briquettes,58102.59127578331
MX,Peat,58102.591333877244
MX,"Crude petroleum and services related to crude oil extraction, excluding surveying",241718.4490931131
MX,"Natural gas and services related to natural gas extraction, excluding surveying",4362358.173605118
MX,Natural Gas Liquids,4362157.922445962
MX,Other Hydrocarbons,60800.83969160975
MX,Uranium and thorium ores (12),58102.591274343344
MX,Iron ores,81977.74041878639
MX,Copper ores and concentrates,74328.15801945802
MX,Nickel ores and concentrates,58102.59133082259
MX,Aluminium ores and concentrates,201283.99049372773
MX,Precious metal ores and concentrates,79933.8261037633
MX,"Lead, zinc and tin ores and concentrates",77044.42052144273
MX,Other non-ferrous metal ores and concentrates,79120.16827082835
MX,Stone,79097.75279218324
MX,Sand and clay,79098.86551717608
MX,"Chemical and fertilizer minerals, salt and other mining and quarrying products n.e.c.",79888.0161933763
MX,Products of meat cattle,178180.56938722663
MX,Products of meat pigs,59082.04292297062
MX,Products of meat poultry,73033.7006692662
MX,Meat products nec,7828887.683568032
MX,products of Vegetable oils and fats,58357.389786858505
MX,Dairy products,35436.080195325696
MX,Processed rice,907068.0346925014
MX,Sugar,109881.04102796344
MX,Food products nec,72650.02910630684
MX,Beverages,59729.9328089371
MX,Fish products,17414.81677603704
MX,Tobacco products (16),64683.746300956045
MX,Textiles (17),10475.892124713235
MX,Wearing apparel; furs (18),9845.009857299923
MX,Leather and leather products (19),8535.578572934364
MX,Wood and products of wood and cork (except furniture); articles of straw and plaiting materials (20),32411.642074362382
MX,"Wood material for treatment, Re-processing of secondary wood material into new wood material",58102.59127290941
MX,Pulp,175432.6946451795
MX,"Secondary paper for treatment, Re-processing of secondary paper into new pulp",12655089.748813344
MX,Paper and paper products,124796.08270478186
MX,Printed matter and recorded media (22),58420.161677612865
MX,Coke Oven Coke,1648119.4717211036
MX,Gas Coke,0.0
MX,Coal Tar,280230.86610842857
MX,Motor Gasoline,531650.2426577319
MX,Aviation Gasoline,92514.12309059883
MX,Gasoline Type Jet Fuel,0.0
MX,Kerosene Type Jet Fuel,526792.0810817478
MX,Kerosene,1002349.7021672443
MX,Gas/Diesel Oil,531555.1366911291
MX,Heavy Fuel Oil,532565.5262503895
MX,Refinery Gas,531354.7895728436
MX,Liquefied Petroleum Gases (LPG),531489.4723664612
MX,Refinery Feedstocks,460582.7051787674
MX,Ethane,531613.496001229
MX,Naphtha,530226.0035256906
MX,White Spirit & SBP,39394.37312844968
MX,Lubricants,748758.896308969
MX,Bitumen,614596.663992169
MX,Paraffin Waxes,621197.3639542967
MX,Petroleum Coke,674258.9794207299
MX,Non-specified Petroleum Products,364715.9895685912
MX,Nuclear fuel,39959.529039366134
MX,"Plastics, basic",325097.0754430873
MX,"Secondary plastic for treatment, Re-processing of secondary plastic into new plastic",0.0
MX,N-fertiliser,4686.894332742889
MX,P- and other fertiliser,112164.73313242094
MX,Chemicals nec,574341.6756741896
MX,Charcoal,1127192.464183169
MX,Additives/Blending Components,577430.4373484636
MX,Biogasoline,627348.5457029532
MX,Biodiesels,627799.2892181595
MX,Other Liquid Biofuels,634014.744355176
MX,Rubber and plastic products (25),37826.32276515838
MX,Glass and glass products,628942.9735887652
MX,"Secondary glass for treatment, Re-processing of secondary glass into new glass",0.0
MX,Ceramic goods,2778638.559394876
MX,"Bricks, tiles and construction products, in baked clay",231459.6058440407
MX,"Cement, lime and plaster",562139.3995810789
MX,"Ash for treatment, Re-processing of ash into clinker",0.0
MX,Other non-metallic mineral products,436888.970118955
MX,Basic iron and steel and of ferro-alloys and first products thereof,1101232.5784688832
MX,"Secondary steel for treatment, Re-processing of secondary steel into new steel",0.0
MX,Precious metals,35148.69339386984
MX,"Secondary preciuos metals for treatment, Re-processing of secondary preciuos metals into new preciuos metals",0.0
MX,Aluminium and aluminium products,119580.64059973734
MX,"Secondary aluminium for treatment, Re-processing of secondary aluminium into new aluminium",0.0
MX,"Lead, zinc and tin and products thereof",58360.76417833745
MX,"Secondary lead for treatment, Re-processing of secondary lead into new lead",0.0
MX,Copper products,51475.19791554934
MX,"Secondary copper for treatment, Re-processing of secondary copper into new copper",0.0
MX,Other non-ferrous metal products,79097.75287526484
MX,"Secondary other non-ferrous metals for treatment, Re-processing of secondary other non-ferrous metals into new other non-ferrous metals",0.0
MX,Foundry work services,534446.9100388379
MX,"Fabricated metal products, except machinery and equipment (28)",40827.38371229201
MX,Machinery and equipment n.e.c. (29),51762.89215606761
MX,Office machinery and computers (30),2898.439157470153
MX,Electrical machinery and apparatus n.e.c. (31),14702.1248186731
MX,"Radio, television and communication equipment and apparatus (32)",11801.19742537881
MX,"Medical, precision and optical instruments, watches and clocks (33)",412607.09441669256
MX,"Motor vehicles, trailers and semi-trailers (34)",40926.53065127362
MX,Other transport equipment (35),81979.78829415208
MX,Furniture; other manufactured goods n.e.c. (36),61971.84945915186
MX,Secondary raw materials,12547143.527854789
MX,"Bottles for treatment, Recycling of bottles by direct reuse",12655089.315587182
MX,Electricity by coal,32290822.377113838
MX,Electricity by gas,6509973.779450447
MX,Electricity by nuclear,14.544699063283785
MX,Electricity by hydro,19.93044716796862
MX,Electricity by wind,1.1004926413054126
MX,Electricity by petroleum and other oil derivatives,12003301.438743465
MX,Electricity by biomass and waste,3567.893641644328
MX,Electricity by solar photovoltaic,43.85636387473055
MX,Electricity by solar thermal,0.0
MX,"Electricity by tide, wave, ocean",0.0
MX,Electricity by Geothermal,14.394328720354032
MX,Electricity nec,301.7951306006387
MX,Transmission services of electricity,40.04689516122518
MX,Distribution and trade services of electricity,8.001349212105715
MX,Coke oven gas,30970014.163024858
MX,Blast Furnace Gas,29384559.37071512
MX,Oxygen Steel Furnace Gas,39394.4504439388
MX,Gas Works Gas,39394.389931237194
MX,Biogas,30915804.33576853
MX,Distribution services of gaseous fuels through mains,6773987.010037973
MX,Steam and hot water supply services,39394.372753143805
MX,"Collected and purified water, distribution services of water (41)",80035.82863095372
MX,Construction work (45),79504.01175363426
MX,"Secondary construction material for treatment, Re-processing of secondary construction material into aggregates",89159.82856008365
MX,"Sale, maintenance, repair of motor vehicles, motor vehicles parts, motorcycles, motor cycles parts and accessoiries",100877.16009702893
MX,Retail trade services of motor fuel,12200.96642905149
MX,"Wholesale trade and commission trade services, except of motor vehicles and motorcycles (51)",27698.251044933833
MX,"Retail  trade services, except of motor vehicles and motorcycles; repair services of personal and household goods (52)",32865.51464112029
MX,Hotel and restaurant services (55),27172.776098833954
MX,Railway transportation services,1573283.213186562
MX,Other land transportation services,133808.25634584238
MX,Transportation services via pipelines,9122.182323782174
MX,Sea and coastal water transportation services,4376236.205210365
MX,Inland water transportation services,56873907.07559034
MX,Air transport services (62),725453.722112093
MX,Supporting and auxiliary transport services; travel agency services (63),189744.6841601622
MX,Post and telecommunication services (64),44787.14599687628
MX,"Financial intermediation services, except insurance and pension funding services (65)",29178.718223046166
MX,"Insurance and pension funding services, except compulsory social security services (66)",89529.42382097336
MX,Services auxiliary to financial intermediation (67),42363.994459121706
MX,Real estate services (70),16564.173105751106
MX,Renting services of machinery and equipment without operator and of personal and household goods (71),61843.166566794745
MX,Computer and related services (72),40958.02816169113
MX,Research and development services (73),43990.71653671932
MX,Other business services (74),33105.48919694904
MX,Public administration and defence services; compulsory social security services (75),178528.99197319476
MX,Education services (80),30917.105455236302
MX,Health and social work services (85),60755.21225058437
MX,Food waste for treatment: incineration,12648049.007629132
MX,Paper waste for treatment: incineration,12646863.629610406
MX,Plastic waste for treatment: incineration,12648004.743627595
MX,Intert/metal waste for treatment: incineration,12530586.056196993
MX,Textiles waste for treatment: incineration,12653464.980772777
MX,Wood waste for treatment: incineration,12650055.905012464
MX,Oil/hazardous waste for treatment: incineration,12638643.79751348
MX,Food waste for treatment: biogasification and land application,12654302.490507642
MX,Paper waste for treatment: biogasification and land application,12654995.334971005
MX,Sewage sludge for treatment: biogasification and land application,12616156.087049512
MX,Food waste for treatment: composting and land application,12424463.212960063
MX,Paper and wood waste for treatment: composting and land application,12654497.010325644
MX,Food waste for treatment: waste water treatment,6463962.659765342
MX,Other waste for treatment: waste water treatment,3699017.6695599486
MX,Food waste for treatment: landfill,4856283.390283496
MX,Paper for treatment: landfill,4689539.376796822
MX,Plastic waste for treatment: landfill,6459098.2406250285
MX,Inert/metal/hazardous waste for treatment: landfill,4252961.691516791
MX,Textiles waste for treatment: landfill,12629722.174241679
MX,Wood waste for treatment: landfill,12200475.563099695
MX,Membership organisation services n.e.c. (91),92727.93884633647
MX,"Recreational, cultural and sporting services (92)",52823.804382231734
MX,Other services (93),32866.16804604265
MX,Private households with employed persons (95),0.0
MX,Extra-territorial organizations and bodies,0.0
RU,Paddy rice,2048881.1166817385
RU,Wheat,930760.9561614974
RU,Cereal grains nec,745280.77084318
RU,"Vegetables, fruit, nuts",142788.8065696257
RU,Oil seeds,739782.8720007022
RU,"Sugar cane, sugar beet",4980905.306969515
RU,Plant-based fibers,53601.981101071746
RU,Crops nec,70952.70978306969
RU,Cattle,991179.0282848916
RU,Pigs,286602.9115956081
RU,Poultry,276557.42749865964
RU,Meat animals nec,3704325.2237563417
RU,Animal products nec,332497.0001237499
RU,Raw milk,3038538.532485972
RU,"Wool, silk-worm cocoons",13805.09254493454
RU,Manure (conventional treatment),0.0
RU,Manure (biogas treatment),0.0
RU,"Products of forestry, logging and related services (02)",1284292.0304505774
RU,Fish and other fishing products; services incidental of fishing (05),579421.6184739997
RU,Anthracite,416213.6745445133
RU,Coking Coal,753133.6739237938
RU,Other Bituminous Coal,681367.9667480576
RU,Sub-Bituminous Coal,47536.4802182481
RU,Patent Fuel,371089.3868906796
RU,Lignite/Brown Coal,1774380.2734226522
RU,BKB/Peat Briquettes,1857863.3288182595
RU,Peat,1037132.0255785653
RU,"Crude petroleum and services related to crude oil extraction, excluding surveying",71130.83539093717
RU,"Natural gas and services related to natural gas extraction, excluding surveying",1006022.9461662916
RU,Natural Gas Liquids,5552819.997804021
RU,Other Hydrocarbons,269338.5789269339
RU,Uranium and thorium ores (12),5805.683749182217
RU,Iron ores,162692.12727596518
RU,Copper ores and concentrates,235122.13419224112
RU,Nickel ores and concentrates,3906592.738089141
RU,Aluminium ores and concentrates,9023799.997044148
RU,Precious metal ores and concentrates,3900459.723257389
RU,"Lead, zinc and tin ores and concentrates",21122.27928008501
RU,Other non-ferrous metal ores and concentrates,14083141.968250584
RU,Stone,1639675.1604426017
RU,Sand and clay,234215.63526943285
RU,"Chemical and fertilizer minerals, salt and other mining and quarrying products n.e.c.",234753.8406204846
RU,Products of meat cattle,176447.80656523025
RU,Products of meat pigs,304633.5547907398
RU,Products of meat poultry,143322.84156705384
RU,Meat products nec,75740.81364131182
RU,products of Vegetable oils and fats,70966.44585103745
RU,Dairy products,84835.98950471584
RU,Processed rice,92864.00651664424
RU,Sugar,321013.92904273845
RU,Food products nec,135519.47813451418
RU,Beverages,73490.19627726737
RU,Fish products,810398.8767980421
RU,Tobacco products (16),81056.08679316925
RU,Textiles (17),313048.044511721
RU,Wearing apparel; furs (18),50687.91365342183
RU,Leather and leather products (19),48825.43056922869
RU,Wood and products of wood and cork (except furniture); articles of straw and plaiting materials (20),2067033.7407717232
RU,"Wood material for treatment, Re-processing of secondary wood material into new wood material",0.0
RU,Pulp,271114.2188354261
RU,"Secondary paper for treatment, Re-processing of secondary paper into new pulp",0.0
RU,Paper and paper products,141805.6002456692
RU,Printed matter and recorded media (22),19081.111386259712
RU,Coke Oven Coke,863676.1918851453
RU,Gas Coke,0.0
RU,Coal Tar,175885.3164727346
RU,Motor Gasoline,192704.79936053467
RU,Aviation Gasoline,82851.82434531036
RU,Gasoline Type Jet Fuel,0.0
RU,Kerosene Type Jet Fuel,118449.50866411108
RU,Kerosene,234772.23731922376
RU,Gas/Diesel Oil,134604.19138573273
RU,Heavy Fuel Oil,140708.52244548334
RU,Refinery Gas,21735.56656894296
RU,Liquefied Petroleum Gases (LPG),497394.535691565
RU,Refinery Feedstocks,25876.779648835178
RU,Ethane,48664.85305999511
RU,Naphtha,145913.46308369853
RU,White Spirit & SBP,82220.89785430071
RU,Lubricants,176506.12241726625
RU,Bitumen,516764.73611010466
RU,Paraffin Waxes,287696.6454975908
RU,Petroleum Coke,121529.22551743002
RU,Non-specified Petroleum Products,192571.1790758322
RU,Nuclear fuel,74557.87571805825
RU,"Plastics, basic",311991.731702395
RU,"Secondary plastic for treatment, Re-processing of secondary plastic into new plastic",630697.3681851058
RU,N-fertiliser,728849.4030282875
RU,P- and other fertiliser,776801.9386607199
RU,Chemicals nec,522529.98375565594
RU,Charcoal,1577675.7257301086
RU,Additives/Blending Components,213156.75339734435
RU,Biogasoline,696011.7231692793
RU,Biodiesels,539935.4177048428
RU,Other Liquid Biofuels,670723.3149797148
RU,Rubber and plastic products (25),133506.41148193352
RU,Glass and glass products,2467885.2510402757
RU,"Secondary glass for treatment, Re-processing of secondary glass into new glass",0.0
RU,Ceramic goods,1796722.723724331
RU,"Bricks, tiles and construction products, in baked clay",30104.177989633597
RU,"Cement, lime and plaster",592120.323451137
RU,"Ash for treatment, Re-processing of ash into clinker",0.0
RU,Other non-metallic mineral products,2063495.083951528
RU,Basic iron and steel and of ferro-alloys and first products thereof,3266941.547025598
RU,"Secondary steel for treatment, Re-processing of secondary steel into new steel",0.0
RU,Precious metals,64136.63375030483
RU,"Secondary preciuos metals for treatment, Re-processing of secondary preciuos metals into new preciuos metals",0.0
RU,Aluminium and aluminium products,308901.0879826614
RU,"Secondary aluminium for treatment, Re-processing of secondary aluminium into new aluminium",0.0
RU,"Lead, zinc and tin and products thereof",45667.50068239085
RU,"Secondary lead for treatment, Re-processing of secondary lead into new lead",0.0
RU,Copper products,39001.52192108977
RU,"Secondary copper for treatment, Re-processing of secondary copper into new copper",0.0
RU,Other non-ferrous metal products,116494.54363878233
RU,"Secondary other non-ferrous metals for treatment, Re-processing of secondary other non-ferrous metals into new other non-ferrous metals",0.0
RU,Foundry work services,1035386.9697338276
RU,"Fabricated metal products, except machinery and equipment (28)",81443.43176820752
RU,Machinery and equipment n.e.c. (29),646023.3884727566
RU,Office machinery and computers (30),94845.9872144927
RU,Electrical machinery and apparatus n.e.c. (31),83989.94463922098
RU,"Radio, television and communication equipment and apparatus (32)",73516.0135132119
RU,"Medical, precision and optical instruments, watches and clocks (33)",747063.0473573526
RU,"Motor vehicles, trailers and semi-trailers (34)",12358.342192540476
RU,Other transport equipment (35),102554.52090839541
RU,Furniture; other manufactured goods n.e.c. (36),111836.59825041554
RU,Secondary raw materials,1077171.0876421898
RU,"Bottles for treatment, Recycling of bottles by direct reuse",84467.66361087002
RU,Electricity by coal,13784391.110652177
RU,Electricity by gas,8518753.500342209
RU,Electricity by nuclear,605.2940487432663
RU,Electricity by hydro,5931.063029074198
RU,Electricity by wind,1239398.587893639
RU,Electricity by petroleum and other oil derivatives,790253.5134231031
RU,Electricity by biomass and waste,48736826.74963488
RU,Electricity by solar photovoltaic,264075.23881462496
RU,Electricity by solar thermal,84467.66297085062
RU,"Electricity by tide, wave, ocean",84625.9713901926
RU,Electricity by Geothermal,83044.82878450229
RU,Electricity nec,90657.44196535049
RU,Transmission services of electricity,1410.589617447265
RU,Distribution and trade services of electricity,1776.2177566131968
RU,Coke oven gas,3601.4960684856264
RU,Blast Furnace Gas,9114.788557383637
RU,Oxygen Steel Furnace Gas,84470.72181137941
RU,Gas Works Gas,84976.87957476394
RU,Biogas,87669.700687708
RU,Distribution services of gaseous fuels through mains,67640.6921614671
RU,Steam and hot water supply services,1711542.6294572502
RU,"Collected and purified water, distribution services of water (41)",560130.6621388638
RU,Construction work (45),240195.86958686088
RU,"Secondary construction material for treatment, Re-processing of secondary construction material into aggregates",0.0
RU,"Sale, maintenance, repair of motor vehicles, motor vehicles parts, motorcycles, motor cycles parts and accessoiries",65267.8911608809
RU,Retail trade services of motor fuel,452613.64914146095
RU,"Wholesale trade and commission trade services, except of motor vehicles and motorcycles (51)",58224.313372557735
RU,"Retail  trade services, except of motor vehicles and motorcycles; repair services of personal and household goods (52)",29854.907985140075
RU,Hotel and restaurant services (55),27433.68573571708
RU,Railway transportation services,372665.2693649833
RU,Other land transportation services,272106.7519074477
RU,Transportation services via pipelines,11078191.28905673
RU,Sea and coastal water transportation services,1273599.3564160687
RU,Inland water transportation services,812161.6735688979
RU,Air transport services (62),2448393.325485476
RU,Supporting and auxiliary transport services; travel agency services (63),239861.5311204587
RU,Post and telecommunication services (64),16986.652695866946
RU,"Financial intermediation services, except insurance and pension funding services (65)",6242.151177061507
RU,"Insurance and pension funding services, except compulsory social security services (66)",5543.30329458386
RU,Services auxiliary to financial intermediation (67),5194.778944219367
RU,Real estate services (70),368502.4706296297
RU,Renting services of machinery and equipment without operator and of personal and household goods (71),118291.76636382844
RU,Computer and related services (72),11509.99863025063
RU,Research and development services (73),17073.004652696116
RU,Other business services (74),48367.75114604821
RU,Public administration and defence services; compulsory social security services (75),64083.62721345559
RU,Education services (80),11522.864595088646
RU,Health and social work services (85),16786.74833628625
RU,Food waste for treatment: incineration,73765088.38270311
RU,Paper waste for treatment: incineration,289869.5746424683
RU,Plastic waste for treatment: incineration,273167.6988569095
RU,Intert/metal waste for treatment: incineration,829902.3235601109
RU,Textiles waste for treatment: incineration,137101.6094880031
RU,Wood waste for treatment: incineration,252809.2330964968
RU,Oil/hazardous waste for treatment: incineration,311790.753756752
RU,Food waste for treatment: biogasification and land application,98653.32371378831
RU,Paper waste for treatment: biogasification and land application,86172.8401307232
RU,Sewage sludge for treatment: biogasification and land application,326236.64019113284
RU,Food waste for treatment: composting and land application,440023.28051543806
RU,Paper and wood waste for treatment: composting and land application,91944.67686482308
RU,Food waste for treatment: waste water treatment,2698497.458061735
RU,Other waste for treatment: waste water treatment,4762400.756666279
RU,Food waste for treatment: landfill,1821234.322907848
RU,Paper for treatment: landfill,497898.8420788522
RU,Plastic waste for treatment: landfill,265225.3130160656
RU,Inert/metal/hazardous waste for treatment: landfill,308082.24000364146
RU,Textiles waste for treatment: landfill,238144.52966499864
RU,Wood waste for treatment: landfill,257971.48738954897
RU,Membership organisation services n.e.c. (91),12893.846106279263
RU,"Recreational, cultural and sporting services (92)",15008.12868389665
RU,Other services (93),375594.061399127
RU,Private households with employed persons (95),0.13528265162826242
RU,Extra-territorial organizations and bodies,0.0
AU,Paddy rice,1526134.7938257554
AU,Wheat,639739.6111926995
AU,Cereal grains nec,437257.8830028236
AU,"Vegetables, fruit, nuts",894348.9574775117
AU,Oil seeds,107398.24861890981
AU,"Sugar cane, sugar beet",456789.1546635654
AU,Plant-based fibers,72903.87659596805
AU,Crops nec,63544.57251707693
AU,Cattle,7655438.560260454
AU,Pigs,249196.10192414979
AU,Poultry,634791.6554386945
AU,Meat animals nec,286781.41657164186
AU,Animal products nec,153839.56718766608
AU,Raw milk,2140317.192896887
AU,"Wool, silk-worm cocoons",4888077.337550619
AU,Manure (conventional treatment),0.0
AU,Manure (biogas treatment),0.0
AU,"Products of forestry, logging and related services (02)",213990.4489999742
AU,Fish and other fishing products; services incidental of fishing (05),47083.311282742696
AU,Anthracite,153465.53961311613
AU,Coking Coal,153465.91410997746
AU,Other Bituminous Coal,155208.83389376808
AU,Sub-Bituminous Coal,153467.6375698443
AU,Patent Fuel,4062233.013638844
AU,Lignite/Brown Coal,179780.17166501956
AU,BKB/Peat Briquettes,3838723.229800637
AU,Peat,4169652.559218957
AU,"Crude petroleum and services related to crude oil extraction, excluding surveying",419036.40194343106
AU,"Natural gas and services related to natural gas extraction, excluding surveying",812702.3107071876
AU,Natural Gas Liquids,1004804.4611285138
AU,Other Hydrocarbons,2424424.947269813
AU,Uranium and thorium ores (12),45817.18286013068
AU,Iron ores,584234.0356806241
AU,Copper ores and concentrates,10308195.38290068
AU,Nickel ores and concentrates,71241.96965529704
AU,Aluminium ores and concentrates,93503.43972098174
AU,Precious metal ores and concentrates,137279.34066605705
AU,"Lead, zinc and tin ores and concentrates",2927685.998497863
AU,Other non-ferrous metal ores and concentrates,152080.31046113797
AU,Stone,219072.32337692592
AU,Sand and clay,191547.3360336836
AU,"Chemical and fertilizer minerals, salt and other mining and quarrying products n.e.c.",179624.90675785852
AU,Products of meat cattle,63787.3752311813
AU,Products of meat pigs,37218.29425797227
AU,Products of meat poultry,80626.92236043693
AU,Meat products nec,137186.8429480617
AU,products of Vegetable oils and fats,135990.56223938047
AU,Dairy products,49598.3909412414
AU,Processed rice,161754.54164540864
AU,Sugar,13287.482446597636
AU,Food products nec,63336.86813285821
AU,Beverages,14294.081336063004
AU,Fish products,28025.906392896988
AU,Tobacco products (16),10440.063652877787
AU,Textiles (17),79984.32861741637
AU,Wearing apparel; furs (18),33586.656905683405
AU,Leather and leather products (19),34960.57294315926
AU,Wood and products of wood and cork (except furniture); articles of straw and plaiting materials (20),88456.88260358339
AU,"Wood material for treatment, Re-processing of secondary wood material into new wood material",243826.7748910965
AU,Pulp,99652.32899066416
AU,"Secondary paper for treatment, Re-processing of secondary paper into new pulp",0.0
AU,Paper and paper products,43052.35259037861
AU,Printed matter and recorded media (22),17542.50444453297
AU,Coke Oven Coke,3736794.037079559
AU,Gas Coke,0.0
AU,Coal Tar,781165.8724477255
AU,Motor Gasoline,156241.39673063668
AU,Aviation Gasoline,142448.53684366966
AU,Gasoline Type Jet Fuel,0.0
AU,Kerosene Type Jet Fuel,23410.563217981828
AU,Kerosene,138839.69655916205
AU,Gas/Diesel Oil,171598.517019743
AU,Heavy Fuel Oil,144896.337073015
AU,Refinery Gas,142999.198503827
AU,Liquefied Petroleum Gases (LPG),161502.61211652448
AU,Refinery Feedstocks,138969.15812129376
AU,Ethane,142920.72722036444
AU,Naphtha,0.0
AU,White Spirit & SBP,0.0
AU,Lubricants,0.0
AU,Bitumen,0.0
AU,Paraffin Waxes,0.0
AU,Petroleum Coke,142544.8312713658
AU,Non-specified Petroleum Products,146305.76652671958
AU,Nuclear fuel,0.06699642040347101
AU,"Plastics, basic",382651.2677495682
AU,"Secondary plastic for treatment, Re-processing of secondary plastic into new plastic",0.0
AU,N-fertiliser,128455.15457142219
AU,P- and other fertiliser,882005.3325036523
AU,Chemicals nec,53744.269571678065
AU,Charcoal,145297.9364173485
AU,Additives/Blending Components,146887.69862414285
AU,Biogasoline,80325.30402740567
AU,Biodiesels,126791.37373552533
AU,Other Liquid Biofuels,147098.39266872054
AU,Rubber and plastic products (25),37313.06079726263
AU,Glass and glass products,847359.2356113648
AU,"Secondary glass for treatment, Re-processing of secondary glass into new glass",0.0
AU,Ceramic goods,806002.4686683568
AU,"Bricks, tiles and construction products, in baked clay",95418.70292329621
AU,"Cement, lime and plaster",247371.52687353487
AU,"Ash for treatment, Re-processing of ash into clinker",0.0
AU,Other non-metallic mineral products,157418.68468251958
AU,Basic iron and steel and of ferro-alloys and first products thereof,117075.13626018108
AU,"Secondary steel for treatment, Re-processing of secondary steel into new steel",0.0
AU,Precious metals,47031.58041375706
AU,"Secondary preciuos metals for treatment, Re-processing of secondary preciuos metals into new preciuos metals",0.0
AU,Aluminium and aluminium products,1026207.0806981915
AU,"Secondary aluminium for treatment, Re-processing of secondary aluminium into new aluminium",0.0
AU,"Lead, zinc and tin and products thereof",977388.3364921518
AU,"Secondary lead for treatment, Re-processing of secondary lead into new lead",0.0
AU,Copper products,212113.95245448433
AU,"Secondary copper for treatment, Re-processing of secondary copper into new copper",0.0
AU,Other non-ferrous metal products,544220.8151513496
AU,"Secondary other non-ferrous metals for treatment, Re-processing of secondary other non-ferrous metals into new other non-ferrous metals",0.0
AU,Foundry work services,2073285.3928497008
AU,"Fabricated metal products, except machinery and equipment (28)",39670.267704040714
AU,Machinery and equipment n.e.c. (29),14829.192483503608
AU,Office machinery and computers (30),16265.71932105494
AU,Electrical machinery and apparatus n.e.c. (31),16532.544145201988
AU,"Radio, television and communication equipment and apparatus (32)",44166.9996839981
AU,"Medical, precision and optical instruments, watches and clocks (33)",80410.0467018347
AU,"Motor vehicles, trailers and semi-trailers (34)",54797.28436926543
AU,Other transport equipment (35),65888.47010634255
AU,Furniture; other manufactured goods n.e.c. (36),46771.08819365915
AU,Secondary raw materials,587697.8907295015
AU,"Bottles for treatment, Recycling of bottles by direct reuse",0.0
AU,Electricity by coal,12428224.603208764
AU,Electricity by gas,3065513.0072648623
AU,Electricity by nuclear,25558.816551861135
AU,Electricity by hydro,8520.79695298233
AU,Electricity by wind,71428.00539806324
AU,Electricity by petroleum and other oil derivatives,2460960.7115761167
AU,Electricity by biomass and waste,91506.05317039501
AU,Electricity by solar photovoltaic,6184.880676443023
AU,Electricity by solar thermal,10540.86792382778
AU,"Electricity by tide, wave, ocean",10368.30760381866
AU,Electricity by Geothermal,147336.32497175632
AU,Electricity nec,1371375.382931058
AU,Transmission services of electricity,208364.80477409533
AU,Distribution and trade services of electricity,29236.386709604376
AU,Coke oven gas,48032.51362615985
AU,Blast Furnace Gas,356781.9809802491
AU,Oxygen Steel Furnace Gas,147222.25789891483
AU,Gas Works Gas,147127.6514469909
AU,Biogas,64734.552925884265
AU,Distribution services of gaseous fuels through mains,170440.50518914638
AU,Steam and hot water supply services,12448.748268584712
AU,"Collected and purified water, distribution services of water (41)",4319.653646874009
AU,Construction work (45),38719.718519397094
AU,"Secondary construction material for treatment, Re-processing of secondary construction material into aggregates",0.0
AU,"Sale, maintenance, repair of motor vehicles, motor vehicles parts, motorcycles, motor cycles parts and accessoiries",19414.458022963423
AU,Retail trade services of motor fuel,2265.8784591059825
AU,"Wholesale trade and commission trade services, except of motor vehicles and motorcycles (51)",28217.183034111808
AU,"Retail  trade services, except of motor vehicles and motorcycles; repair services of personal and household goods (52)",24027.07386744344
AU,Hotel and restaurant services (55),15314.696448566676
AU,Railway transportation services,534722.6688104135
AU,Other land transportation services,97440.34640044959
AU,Transportation services via pipelines,631693.5323820384
AU,Sea and coastal water transportation services,228344.02206197055
AU,Inland water transportation services,155846.37611569054
AU,Air transport services (62),830535.911448439
AU,Supporting and auxiliary transport services; travel agency services (63),44236.11398971896
AU,Post and telecommunication services (64),26510.409445756082
AU,"Financial intermediation services, except insurance and pension funding services (65)",2501.775195010315
AU,"Insurance and pension funding services, except compulsory social security services (66)",3662.166484153012
AU,Services auxiliary to financial intermediation (67),5434.001450881166
AU,Real estate services (70),6455.333795665291
AU,Renting services of machinery and equipment without operator and of personal and household goods (71),49251.59218341286
AU,Computer and related services (72),12112.466280468869
AU,Research and development services (73),11454.759009863446
AU,Other business services (74),10472.813087936103
AU,Public administration and defence services; compulsory social security services (75),10377.639193463983
AU,Education services (80),10312.631923036162
AU,Health and social work services (85),5802.065835201407
AU,Food waste for treatment: incineration,118610.41889980085
AU,Paper waste for treatment: incineration,119522.61216415351
AU,Plastic waste for treatment: incineration,120295.06206692812
AU,Intert/metal waste for treatment: incineration,131771.69523800994
AU,Textiles waste for treatment: incineration,87320.55541466108
AU,Wood waste for treatment: incineration,25052.597066221177
AU,Oil/hazardous waste for treatment: incineration,70744.32261176559
AU,Food waste for treatment: biogasification and land application,32985.888423256474
AU,Paper waste for treatment: biogasification and land application,60891.36388696066
AU,Sewage sludge for treatment: biogasification and land application,85993.95196263572
AU,Food waste for treatment: composting and land application,237595.9692806001
AU,Paper and wood waste for treatment: composting and land application,54999.027383179055
AU,Food waste for treatment: waste water treatment,59308.17480017026
AU,Other waste for treatment: waste water treatment,4689083.592965841
AU,Food waste for treatment: landfill,244291.53148074637
AU,Paper for treatment: landfill,122282.27191740999
AU,Plastic waste for treatment: landfill,180096.77578635054
AU,Inert/metal/hazardous waste for treatment: landfill,84218.49893434497
AU,Textiles waste for treatment: landfill,103508.59407414983
AU,Wood waste for treatment: landfill,127256.00995921317
AU,Membership organisation services n.e.c. (91),5179.608078166089
AU,"Recreational, cultural and sporting services (92)",5688.238402434168
AU,Other services (93),19648.79778575991
AU,Private households with employed persons (95),0.0
AU,Extra-territorial organizations and bodies,0.0
CH,Paddy rice,9770.360529098385
CH,Wheat,178424.3528289891
CH,Cereal grains nec,624694.3998536293
CH,"Vegetables, fruit, nuts",25525.871035744945
CH,Oil seeds,213394.95498532438
CH,"Sugar cane, sugar beet",45139.83223470732
CH,Plant-based fibers,15307.597338422203
CH,Crops nec,48794.05108255288
CH,Cattle,484882.32805222715
CH,Pigs,93127.55582495971
CH,Poultry,33140.426203580246
CH,Meat animals nec,423569.96961407387
CH,Animal products nec,286359.0150416597
CH,Raw milk,845501.1198859598
CH,"Wool, silk-worm cocoons",1116958.266305759
CH,Manure (conventional treatment),9425.44723058692
CH,Manure (biogas treatment),9425.447230550282
CH,"Products of forestry, logging and related services (02)",42698.56402708444
CH,Fish and other fishing products; services incidental of fishing (05),102192.73567527183
CH,Anthracite,0.0
CH,Coking Coal,0.0
CH,Other Bituminous Coal,0.0
CH,Sub-Bituminous Coal,0.0
CH,Patent Fuel,0.0
CH,Lignite/Brown Coal,0.0
CH,BKB/Peat Briquettes,0.0
CH,Peat,0.0
CH,"Crude petroleum and services related to crude oil extraction, excluding surveying",0.0
CH,"Natural gas and services related to natural gas extraction, excluding surveying",41152.25969831858
CH,Natural Gas Liquids,0.0
CH,Other Hydrocarbons,0.0
CH,Uranium and thorium ores (12),0.0
CH,Iron ores,0.0
CH,Copper ores and concentrates,0.0
CH,Nickel ores and concentrates,0.0
CH,Aluminium ores and concentrates,0.0
CH,Precious metal ores and concentrates,0.0
CH,"Lead, zinc and tin ores and concentrates",0.0
CH,Other non-ferrous metal ores and concentrates,0.0
CH,Stone,53452.12941644072
CH,Sand and clay,183960.72822616794
CH,"Chemical and fertilizer minerals, salt and other mining and quarrying products n.e.c.",5982.464261189163
CH,Products of meat cattle,3847.2720981552925
CH,Products of meat pigs,4245.267958768015
CH,Products of meat poultry,6483.457291116246
CH,Meat products nec,14496.793732254298
CH,products of Vegetable oils and fats,825989.8498611577
CH,Dairy products,7421.978233292433
CH,Processed rice,26347.983984388226
CH,Sugar,14136.097034830529
CH,Food products nec,13396.611506138192
CH,Beverages,32642.15457697855
CH,Fish products,146984.1800977248
CH,Tobacco products (16),31938.867984306646
CH,Textiles (17),24543.35224055988
CH,Wearing apparel; furs (18),6520.173024026875
CH,Leather and leather products (19),169368.8083271268
CH,Wood and products of wood and cork (except furniture); articles of straw and plaiting materials (20),31821.016783980776
CH,"Wood material for treatment, Re-processing of secondary wood material into new wood material",0.0
CH,Pulp,26495.53111499421
CH,"Secondary paper for treatment, Re-processing of secondary paper into new pulp",0.0
CH,Paper and paper products,30346.524807652786
CH,Printed matter and recorded media (22),5236.733016472041
CH,Coke Oven Coke,92611.14996647244
CH,Gas Coke,0.0
CH,Coal Tar,26828.89418546526
CH,Motor Gasoline,31653.188894124938
CH,Aviation Gasoline,31452.3467329503
CH,Gasoline Type Jet Fuel,0.0
CH,Kerosene Type Jet Fuel,31143.446510467802
CH,Kerosene,195723.8802215198
CH,Gas/Diesel Oil,32396.627443027563
CH,Heavy Fuel Oil,31704.86686970839
CH,Refinery Gas,32245.247722804306
CH,Liquefied Petroleum Gases (LPG),31947.943050157537
CH,Refinery Feedstocks,179005.30551297055
CH,Ethane,14582.389912300767
CH,Naphtha,28677.37097261772
CH,White Spirit & SBP,14784.742640676066
CH,Lubricants,12365.695203819741
CH,Bitumen,261196.2037474171
CH,Paraffin Waxes,16152.29946911895
CH,Petroleum Coke,15110.692948370532
CH,Non-specified Petroleum Products,21646.127421240344
CH,Nuclear fuel,29112.164201782754
CH,"Plastics, basic",20461.577071323605
CH,"Secondary plastic for treatment, Re-processing of secondary plastic into new plastic",0.0
CH,N-fertiliser,7160.6487310460725
CH,P- and other fertiliser,8134.640934656638
CH,Chemicals nec,12576.667682995718
CH,Charcoal,38272.85873109689
CH,Additives/Blending Components,34489.5720206839
CH,Biogasoline,27238.953637393868
CH,Biodiesels,61707.42944068758
CH,Other Liquid Biofuels,37521.29406456777
CH,Rubber and plastic products (25),13210.603991042826
CH,Glass and glass products,120737.93775409553
CH,"Secondary glass for treatment, Re-processing of secondary glass into new glass",0.0
CH,Ceramic goods,116679.54372437843
CH,"Bricks, tiles and construction products, in baked clay",39843.89293498771
CH,"Cement, lime and plaster",301111.04417645815
CH,"Ash for treatment, Re-processing of ash into clinker",0.0
CH,Other non-metallic mineral products,147175.50265054725
CH,Basic iron and steel and of ferro-alloys and first products thereof,58092.50844310422
CH,"Secondary steel for treatment, Re-processing of secondary steel into new steel",0.0
CH,Precious metals,7619.264363272609
CH,"Secondary preciuos metals for treatment, Re-processing of secondary preciuos metals into new preciuos metals",0.0
CH,Aluminium and aluminium products,12257.720013945745
CH,"Secondary aluminium for treatment, Re-processing of secondary aluminium into new aluminium",0.0
CH,"Lead, zinc and tin and products thereof",13225.156583990054
CH,"Secondary lead for treatment, Re-processing of secondary lead into new lead",0.0
CH,Copper products,15414.31424779562
CH,"Secondary copper for treatment, Re-processing of secondary copper into new copper",0.0
CH,Other non-ferrous metal products,14034.587259945907
CH,"Secondary other non-ferrous metals for treatment, Re-processing of secondary other non-ferrous metals into new other non-ferrous metals",0.0
CH,Foundry work services,2290189.9847858693
CH,"Fabricated metal products, except machinery and equipment (28)",7814.198290255559
CH,Machinery and equipment n.e.c. (29),14489.703677555572
CH,Office machinery and computers (30),21419.490105513814
CH,Electrical machinery and apparatus n.e.c. (31),922410.7095870383
CH,"Radio, television and communication equipment and apparatus (32)",1070108.5108575353
CH,"Medical, precision and optical instruments, watches and clocks (33)",14315.782178437103
CH,"Motor vehicles, trailers and semi-trailers (34)",2516.537863762291
CH,Other transport equipment (35),49896.96208382747
CH,Furniture; other manufactured goods n.e.c. (36),21262.459217008116
CH,Secondary raw materials,47925.663343698325
CH,"Bottles for treatment, Recycling of bottles by direct reuse",0.0
CH,Electricity by coal,62499.049294499615
CH,Electricity by gas,695096.4453216179
CH,Electricity by nuclear,1434.674670131953
CH,Electricity by hydro,7735.157562716655
CH,Electricity by wind,25097.861092397055
CH,Electricity by petroleum and other oil derivatives,428834.9522813338
CH,Electricity by biomass and waste,21684.462825795497
CH,Electricity by solar photovoltaic,3478.342550988917
CH,Electricity by solar thermal,30636.522085183602
CH,"Electricity by tide, wave, ocean",30649.60842725958
CH,Electricity by Geothermal,10909.449084590395
CH,Electricity nec,577204.8428697585
CH,Transmission services of electricity,4759.659385004324
CH,Distribution and trade services of electricity,1661.7040684676099
CH,Coke oven gas,572620.2390152595
CH,Blast Furnace Gas,479204.52370726835
CH,Oxygen Steel Furnace Gas,150904.3088085491
CH,Gas Works Gas,661054.0627822197
CH,Biogas,14162.510399419847
CH,Distribution services of gaseous fuels through mains,25585.878827709286
CH,Steam and hot water supply services,797556.5263010281
CH,"Collected and purified water, distribution services of water (41)",30384.563695287005
CH,Construction work (45),9829.025132593706
CH,"Secondary construction material for treatment, Re-processing of secondary construction material into aggregates",0.0
CH,"Sale, maintenance, repair of motor vehicles, motor vehicles parts, motorcycles, motor cycles parts and accessoiries",9908.65913981212
CH,Retail trade services of motor fuel,325087.0220484
CH,"Wholesale trade and commission trade services, except of motor vehicles and motorcycles (51)",46817.837452414526
CH,"Retail  trade services, except of motor vehicles and motorcycles; repair services of personal and household goods (52)",9239.863301436846
CH,Hotel and restaurant services (55),11617.157577929678
CH,Railway transportation services,28386.904996093162
CH,Other land transportation services,209645.12679575337
CH,Transportation services via pipelines,25478.957189230103
CH,Sea and coastal water transportation services,1113683.1006516449
CH,Inland water transportation services,275470.2839373951
CH,Air transport services (62),365652.8502904298
CH,Supporting and auxiliary transport services; travel agency services (63),23739.393184600936
CH,Post and telecommunication services (64),10422.730957240366
CH,"Financial intermediation services, except insurance and pension funding services (65)",9767.188640774128
CH,"Insurance and pension funding services, except compulsory social security services (66)",6148.775738102953
CH,Services auxiliary to financial intermediation (67),13078.282095232287
CH,Real estate services (70),8498.264590829716
CH,Renting services of machinery and equipment without operator and of personal and household goods (71),26419.713077891523
CH,Computer and related services (72),7458.635653529493
CH,Research and development services (73),10386.286462545404
CH,Other business services (74),7353.518570079686
CH,Public administration and defence services; compulsory social security services (75),14869.541334667429
CH,Education services (80),8981.586427389851
CH,Health and social work services (85),3223.348613992132
CH,Food waste for treatment: incineration,10087.07146943
CH,Paper waste for treatment: incineration,684375.3186098404
CH,Plastic waste for treatment: incineration,45780.75703722267
CH,Intert/metal waste for treatment: incineration,28598.3896191565
CH,Textiles waste for treatment: incineration,41694.8259521351
CH,Wood waste for treatment: incineration,43952.73426177401
CH,Oil/hazardous waste for treatment: incineration,107278.5666870204
CH,Food waste for treatment: biogasification and land application,61685.66970858828
CH,Paper waste for treatment: biogasification and land application,4783.466615582511
CH,Sewage sludge for treatment: biogasification and land application,340241.1790285702
CH,Food waste for treatment: composting and land application,27597.387954600625
CH,Paper and wood waste for treatment: composting and land application,120298.32755964073
CH,Food waste for treatment: waste water treatment,44305.50658477369
CH,Other waste for treatment: waste water treatment,43989.541442581074
CH,Food waste for treatment: landfill,49681.132353979294
CH,Paper for treatment: landfill,46699.57494508248
CH,Plastic waste for treatment: landfill,7188.06982626005
CH,Inert/metal/hazardous waste for treatment: landfill,1970.3313845092557
CH,Textiles waste for treatment: landfill,164275.07212366024
CH,Wood waste for treatment: landfill,4247.596497594752
CH,Membership organisation services n.e.c. (91),8230.263147331221
CH,"Recreational, cultural and sporting services (92)",12867.578590538944
CH,Other services (93),9894.298120772433
CH,Private households with employed persons (95),1.5560464633415758
CH,Extra-territorial organizations and bodies,0.0
TR,Paddy rice,2558691.3166366587
TR,Wheat,2163029.3484712825
TR,Cereal grains nec,602232.5180056349
TR,"Vegetables, fruit, nuts",473071.6079831185
TR,Oil seeds,290643.0526593654
TR,"Sugar cane, sugar beet",304198.8677633529
TR,Plant-based fibers,259989.2732209345
TR,Crops nec,297004.9433497233
TR,Cattle,1868676.8713765354
TR,Pigs,1695023.7936340037
TR,Poultry,1005176.679884919
TR,Meat animals nec,2269745.393041009
TR,Animal products nec,26117.42637532207
TR,Raw milk,3699555.0396620096
TR,"Wool, silk-worm cocoons",31642.41489698474
TR,Manure (conventional treatment),0.0
TR,Manure (biogas treatment),0.0
TR,"Products of forestry, logging and related services (02)",322450.37842853833
TR,Fish and other fishing products; services incidental of fishing (05),344675.44762747985
TR,Anthracite,0.0
TR,Coking Coal,123302.08807000666
TR,Other Bituminous Coal,123302.00181976522
TR,Sub-Bituminous Coal,123301.76310701891
TR,Patent Fuel,0.0
TR,Lignite/Brown Coal,123302.35224304874
TR,BKB/Peat Briquettes,0.0
TR,Peat,0.0
TR,"Crude petroleum and services related to crude oil extraction, excluding surveying",22607.63492607814
TR,"Natural gas and services related to natural gas extraction, excluding surveying",21891.901204650316
TR,Natural Gas Liquids,0.0
TR,Other Hydrocarbons,292579.8402121604
TR,Uranium and thorium ores (12),109729.37170215308
TR,Iron ores,295027.17205628817
TR,Copper ores and concentrates,34512.2385258017
TR,Nickel ores and concentrates,100987.22413907491
TR,Aluminium ores and concentrates,153692.986823158
TR,Precious metal ores and concentrates,48335.86416195438
TR,"Lead, zinc and tin ores and concentrates",55493.26249102441
TR,Other non-ferrous metal ores and concentrates,116968.23399004988
TR,Stone,372388.402235517
TR,Sand and clay,1212363.9420041316
TR,"Chemical and fertilizer minerals, salt and other mining and quarrying products n.e.c.",197216.70571008843
TR,Products of meat cattle,27194.93240154138
TR,Products of meat pigs,64838.57092042969
TR,Products of meat poultry,19001.00452661924
TR,Meat products nec,48764.36231475495
TR,products of Vegetable oils and fats,188969.7726789454
TR,Dairy products,159258.88451024765
TR,Processed rice,1675447.261086578
TR,Sugar,50518.577090931285
TR,Food products nec,185240.18964416024
TR,Beverages,325784.9993793794
TR,Fish products,16958.594453276837
TR,Tobacco products (16),8258.792806107514
TR,Textiles (17),92191.7628583724
TR,Wearing apparel; furs (18),50559.81572346572
TR,Leather and leather products (19),130096.32260866887
TR,Wood and products of wood and cork (except furniture); articles of straw and plaiting materials (20),271919.9456372043
TR,"Wood material for treatment, Re-processing of secondary wood material into new wood material",0.0
TR,Pulp,88458.92961097877
TR,"Secondary paper for treatment, Re-processing of secondary paper into new pulp",0.0
TR,Paper and paper products,99936.493082663
TR,Printed matter and recorded media (22),20440.871910726608
TR,Coke Oven Coke,31789105.937217638
TR,Gas Coke,0.0
TR,Coal Tar,252516.0398374157
TR,Motor Gasoline,681792.854472179
TR,Aviation Gasoline,329627.7620268505
TR,Gasoline Type Jet Fuel,44365.21846021225
TR,Kerosene Type Jet Fuel,684092.0009388196
TR,Kerosene,244538.4988626169
TR,Gas/Diesel Oil,688724.4119429119
TR,Heavy Fuel Oil,676468.286900172
TR,Refinery Gas,683633.443141658
TR,Liquefied Petroleum Gases (LPG),650310.7704733975
TR,Refinery Feedstocks,692744.0006175088
TR,Ethane,44365.218533875865
TR,Naphtha,348200.7267623787
TR,White Spirit & SBP,298904.8555301657
TR,Lubricants,530432.7896175324
TR,Bitumen,697352.6342780448
TR,Paraffin Waxes,44365.01651618123
TR,Petroleum Coke,549574.298316952
TR,Non-specified Petroleum Products,656558.3983781829
TR,Nuclear fuel,44357.72957598859
TR,"Plastics, basic",515751.9964131886
TR,"Secondary plastic for treatment, Re-processing of secondary plastic into new plastic",0.0
TR,N-fertiliser,1474935.3387628307
TR,P- and other fertiliser,886423.6840915282
TR,Chemicals nec,117901.11124838234
TR,Charcoal,592675.2213961191
TR,Additives/Blending Components,1432220.8821032008
TR,Biogasoline,53950.12732412867
TR,Biodiesels,117926.54625012602
TR,Other Liquid Biofuels,75035.02447832792
TR,Rubber and plastic products (25),50903.98941854169
TR,Glass and glass products,336180.21824960783
TR,"Secondary glass for treatment, Re-processing of secondary glass into new glass",729244.1728026739
TR,Ceramic goods,529253.6863494159
TR,"Bricks, tiles and construction products, in baked clay",12012946.684847005
TR,"Cement, lime and plaster",4468416.060984958
TR,"Ash for treatment, Re-processing of ash into clinker",729244.1735019126
TR,Other non-metallic mineral products,803470.6674339989
TR,Basic iron and steel and of ferro-alloys and first products thereof,301248.2711294069
TR,"Secondary steel for treatment, Re-processing of secondary steel into new steel",742041.0566773782
TR,Precious metals,93072.20954553928
TR,"Secondary preciuos metals for treatment, Re-processing of secondary preciuos metals into new preciuos metals",0.0
TR,Aluminium and aluminium products,157192.5037706296
TR,"Secondary aluminium for treatment, Re-processing of secondary aluminium into new aluminium",0.0
TR,"Lead, zinc and tin and products thereof",873871.4180053719
TR,"Secondary lead for treatment, Re-processing of secondary lead into new lead",0.0
TR,Copper products,23599.12298044099
TR,"Secondary copper for treatment, Re-processing of secondary copper into new copper",0.0
TR,Other non-ferrous metal products,109505.87813542651
TR,"Secondary other non-ferrous metals for treatment, Re-processing of secondary other non-ferrous metals into new other non-ferrous metals",742041.05701531
TR,Foundry work services,2075876.0841236473
TR,"Fabricated metal products, except machinery and equipment (28)",25763.54792475764
TR,Machinery and equipment n.e.c. (29),26627.651740383404
TR,Office machinery and computers (30),53674.013553377314
TR,Electrical machinery and apparatus n.e.c. (31),19951.558828135658
TR,"Radio, television and communication equipment and apparatus (32)",17250.63470012351
TR,"Medical, precision and optical instruments, watches and clocks (33)",26923.499257229232
TR,"Motor vehicles, trailers and semi-trailers (34)",30230.765255486094
TR,Other transport equipment (35),18022.569398765598
TR,Furniture; other manufactured goods n.e.c. (36),114443.41037503308
TR,Secondary raw materials,537002.9455128453
TR,"Bottles for treatment, Recycling of bottles by direct reuse",737207.7825330531
TR,Electricity by coal,18289693.902404588
TR,Electricity by gas,5773621.174705423
TR,Electricity by nuclear,503445.17170230893
TR,Electricity by hydro,2028.4123513696616
TR,Electricity by wind,457.1920492426285
TR,Electricity by petroleum and other oil derivatives,2206701.877980709
TR,Electricity by biomass and waste,182714.11533276032
TR,Electricity by solar photovoltaic,3839.1891641748757
TR,Electricity by solar thermal,963543.8752162168
TR,"Electricity by tide, wave, ocean",963539.7697266394
TR,Electricity by Geothermal,2458.488724519274
TR,Electricity nec,8042.182933902433
TR,Transmission services of electricity,2024.1913382734892
TR,Distribution and trade services of electricity,1418.3175860462
TR,Coke oven gas,6150984.007177801
TR,Blast Furnace Gas,3563225.3251055484
TR,Oxygen Steel Furnace Gas,754683.485331248
TR,Gas Works Gas,595945.1478400381
TR,Biogas,4705746.9806482075
TR,Distribution services of gaseous fuels through mains,2157717.4140037033
TR,Steam and hot water supply services,706809.5035388388
TR,"Collected and purified water, distribution services of water (41)",1609042.7295087138
TR,Construction work (45),60496.18253815759
TR,"Secondary construction material for treatment, Re-processing of secondary construction material into aggregates",0.0
TR,"Sale, maintenance, repair of motor vehicles, motor vehicles parts, motorcycles, motor cycles parts and accessoiries",68073.18236780084
TR,Retail trade services of motor fuel,38256.031124883266
TR,"Wholesale trade and commission trade services, except of motor vehicles and motorcycles (51)",52797.07914463474
TR,"Retail  trade services, except of motor vehicles and motorcycles; repair services of personal and household goods (52)",47062.0857723966
TR,Hotel and restaurant services (55),38730.58832392028
TR,Railway transportation services,977133.1643029234
TR,Other land transportation services,107884.18299271201
TR,Transportation services via pipelines,850438.9723166296
TR,Sea and coastal water transportation services,2154632.9314383604
TR,Inland water transportation services,218306.6529135281
TR,Air transport services (62),1129470.725512204
TR,Supporting and auxiliary transport services; travel agency services (63),63882.26740187733
TR,Post and telecommunication services (64),26073.380807005735
TR,"Financial intermediation services, except insurance and pension funding services (65)",7140.977105710473
TR,"Insurance and pension funding services, except compulsory social security services (66)",16460.759866210796
TR,Services auxiliary to financial intermediation (67),5926.807139937994
TR,Real estate services (70),83837.93933723003
TR,Renting services of machinery and equipment without operator and of personal and household goods (71),40831.777902502836
TR,Computer and related services (72),10613.152100895903
TR,Research and development services (73),94952.19359926584
TR,Other business services (74),30331.42850516061
TR,Public administration and defence services; compulsory social security services (75),44990.17567801071
TR,Education services (80),8579.217437336663
TR,Health and social work services (85),48204.21276842165
TR,Food waste for treatment: incineration,736876.7977547478
TR,Paper waste for treatment: incineration,736750.123468901
TR,Plastic waste for treatment: incineration,736602.586869356
TR,Intert/metal waste for treatment: incineration,950199.3300711946
TR,Textiles waste for treatment: incineration,737096.5055942128
TR,Wood waste for treatment: incineration,737042.0551655062
TR,Oil/hazardous waste for treatment: incineration,736957.5945637852
TR,Food waste for treatment: biogasification and land application,736054.6882373843
TR,Paper waste for treatment: biogasification and land application,737096.1419046205
TR,Sewage sludge for treatment: biogasification and land application,735739.5691340886
TR,Food waste for treatment: composting and land application,550272.3794552244
TR,Paper and wood waste for treatment: composting and land application,736785.6468400587
TR,Food waste for treatment: waste water treatment,1035225.3663510901
TR,Other waste for treatment: waste water treatment,523648.3383108618
TR,Food waste for treatment: landfill,550757.9372436496
TR,Paper for treatment: landfill,494536.56299798057
TR,Plastic waste for treatment: landfill,736687.2636490249
TR,Inert/metal/hazardous waste for treatment: landfill,1182750.129945553
TR,Textiles waste for treatment: landfill,736883.3148490858
TR,Wood waste for treatment: landfill,736807.2811455699
TR,Membership organisation services n.e.c. (91),18779.535871201122
TR,"Recreational, cultural and sporting services (92)",39180.62086738247
TR,Other services (93),64091.41371646164
TR,Private households with employed persons (95),0.0
TR,Extra-territorial organizations and bodies,0.0
TW,Paddy rice,2718775.7426788374
TW,Wheat,72522.62597473084
TW,Cereal grains nec,111951.05878097127
TW,"Vegetables, fruit, nuts",243378.78727255863
TW,Oil seeds,547418.3594124203
TW,"Sugar cane, sugar beet",756361.9496469361
TW,Plant-based fibers,6118176.900014112
TW,Crops nec,151422.84796438608
TW,Cattle,42749222.462668315
TW,Pigs,336456.5957869888
TW,Poultry,31585.87779047458
TW,Meat animals nec,105462.59202175797
TW,Animal products nec,70508.81763156265
TW,Raw milk,2373924.7913254392
TW,"Wool, silk-worm cocoons",381970481.25825137
TW,Manure (conventional treatment),0.0
TW,Manure (biogas treatment),0.0
TW,"Products of forestry, logging and related services (02)",81224.97155946659
TW,Fish and other fishing products; services incidental of fishing (05),1251282.1316284735
TW,Anthracite,0.0
TW,Coking Coal,1325780.5670125505
TW,Other Bituminous Coal,1819756.459994441
TW,Sub-Bituminous Coal,1587910.1544950856
TW,Patent Fuel,0.0
TW,Lignite/Brown Coal,0.0
TW,BKB/Peat Briquettes,0.0
TW,Peat,0.0
TW,"Crude petroleum and services related to crude oil extraction, excluding surveying",10166.550297999576
TW,"Natural gas and services related to natural gas extraction, excluding surveying",34505.246301701736
TW,Natural Gas Liquids,0.0
TW,Other Hydrocarbons,0.0
TW,Uranium and thorium ores (12),0.0
TW,Iron ores,6382.548781952976
TW,Copper ores and concentrates,2930.290354259997
TW,Nickel ores and concentrates,0.0
TW,Aluminium ores and concentrates,1846.3924772141818
TW,Precious metal ores and concentrates,1962.9010528284784
TW,"Lead, zinc and tin ores and concentrates",2168.715587920364
TW,Other non-ferrous metal ores and concentrates,50686.465371401915
TW,Stone,2745607.303359131
TW,Sand and clay,3138510.0897463914
TW,"Chemical and fertilizer minerals, salt and other mining and quarrying products n.e.c.",47722.29721694594
TW,Products of meat cattle,113250.49526297381
TW,Products of meat pigs,10783.386206454314
TW,Products of meat poultry,4333.531849634167
TW,Meat products nec,117764.50554712395
TW,products of Vegetable oils and fats,269025.73502339475
TW,Dairy products,13881.77509366404
TW,Processed rice,56757.607096581014
TW,Sugar,5047.774809665907
TW,Food products nec,13625.81398607215
TW,Beverages,42366.28912279987
TW,Fish products,109377.18379421408
TW,Tobacco products (16),3530.9435747513958
TW,Textiles (17),133671.8820220792
TW,Wearing apparel; furs (18),5517.364333055746
TW,Leather and leather products (19),11975.571125781102
TW,Wood and products of wood and cork (except furniture); articles of straw and plaiting materials (20),64117.87209274719
TW,"Wood material for treatment, Re-processing of secondary wood material into new wood material",0.0
TW,Pulp,1619630.3057680237
TW,"Secondary paper for treatment, Re-processing of secondary paper into new pulp",0.0
TW,Paper and paper products,351107.9026069927
TW,Printed matter and recorded media (22),6985.483229411455
TW,Coke Oven Coke,7945876.8737722
TW,Gas Coke,0.0
TW,Coal Tar,0.0
TW,Motor Gasoline,287961.7630674454
TW,Aviation Gasoline,287950.15956705995
TW,Gasoline Type Jet Fuel,0.0
TW,Kerosene Type Jet Fuel,287962.38164401596
TW,Kerosene,287395.3542698187
TW,Gas/Diesel Oil,287962.52724317776
TW,Heavy Fuel Oil,287961.30203960196
TW,Refinery Gas,287959.3365475197
TW,Liquefied Petroleum Gases (LPG),287940.4606797257
TW,Refinery Feedstocks,287963.1013218474
TW,Ethane,0.0
TW,Naphtha,287963.1748741359
TW,White Spirit & SBP,287957.6208507505
TW,Lubricants,287904.4441545629
TW,Bitumen,287958.8340558915
TW,Paraffin Waxes,279626.6354417536
TW,Petroleum Coke,287956.65898913273
TW,Non-specified Petroleum Products,287909.3879472613
TW,Nuclear fuel,8003.983135042729
TW,"Plastics, basic",597277.8551719162
TW,"Secondary plastic for treatment, Re-processing of secondary plastic into new plastic",0.0
TW,N-fertiliser,572575027.3940667
TW,P- and other fertiliser,302999.0940915225
TW,Chemicals nec,143680.04971765127
TW,Charcoal,0.0
TW,Additives/Blending Components,143680.0271336929
TW,Biogasoline,143680.0091979082
TW,Biodiesels,0.0
TW,Other Liquid Biofuels,0.0
TW,Rubber and plastic products (25),200835.38603753172
TW,Glass and glass products,142644.12008934378
TW,"Secondary glass for treatment, Re-processing of secondary glass into new glass",0.0
TW,Ceramic goods,128993.92768495521
TW,"Bricks, tiles and construction products, in baked clay",30060.134318717846
TW,"Cement, lime and plaster",2071333.5814570934
TW,"Ash for treatment, Re-processing of ash into clinker",0.0
TW,Other non-metallic mineral products,245985.3704791956
TW,Basic iron and steel and of ferro-alloys and first products thereof,406989.1556718055
TW,"Secondary steel for treatment, Re-processing of secondary steel into new steel",0.0
TW,Precious metals,11655.62539659594
TW,"Secondary preciuos metals for treatment, Re-processing of secondary preciuos metals into new preciuos metals",0.0
TW,Aluminium and aluminium products,53330.634696304456
TW,"Secondary aluminium for treatment, Re-processing of secondary aluminium into new aluminium",0.0
TW,"Lead, zinc and tin and products thereof",4200153.243387406
TW,"Secondary lead for treatment, Re-processing of secondary lead into new lead",0.0
TW,Copper products,12172.965089834845
TW,"Secondary copper for treatment, Re-processing of secondary copper into new copper",0.0
TW,Other non-ferrous metal products,8922.29864860838
TW,"Secondary other non-ferrous metals for treatment, Re-processing of secondary other non-ferrous metals into new other non-ferrous metals",0.0
TW,Foundry work services,803294.6488092813
TW,"Fabricated metal products, except machinery and equipment (28)",137628.35744122154
TW,Machinery and equipment n.e.c. (29),55.47875018243843
TW,Office machinery and computers (30),9033.14077852998
TW,Electrical machinery and apparatus n.e.c. (31),80506.04019416997
TW,"Radio, television and communication equipment and apparatus (32)",33564.37890706927
TW,"Medical, precision and optical instruments, watches and clocks (33)",31706.655241762506
TW,"Motor vehicles, trailers and semi-trailers (34)",14376.208361822215
TW,Other transport equipment (35),10614.788911194228
TW,Furniture; other manufactured goods n.e.c. (36),188866.21548481737
TW,Secondary raw materials,0.28004679345077327
TW,"Bottles for treatment, Recycling of bottles by direct reuse",0.0
TW,Electricity by coal,72813717.3994917
TW,Electricity by gas,27603905.924229868
TW,Electricity by nuclear,30928.15178675147
TW,Electricity by hydro,67837.98394868562
TW,Electricity by wind,8216.830844171318
TW,Electricity by petroleum and other oil derivatives,45714138.287660345
TW,Electricity by biomass and waste,47321330.11032768
TW,Electricity by solar photovoltaic,0.024885816630615492
TW,Electricity by solar thermal,0.0
TW,"Electricity by tide, wave, ocean",0.0
TW,Electricity by Geothermal,64.32891104929043
TW,Electricity nec,0.0
TW,Transmission services of electricity,456467.39084684436
TW,Distribution and trade services of electricity,39200.16577373081
TW,Coke oven gas,55290351.88578058
TW,Blast Furnace Gas,55285482.30971883
TW,Oxygen Steel Furnace Gas,0.0
TW,Gas Works Gas,55294114.653632626
TW,Biogas,55293367.40667732
TW,Distribution services of gaseous fuels through mains,55294141.23913381
TW,Steam and hot water supply services,516367.07349214685
TW,"Collected and purified water, distribution services of water (41)",0.0
TW,Construction work (45),12358.041104413496
TW,"Secondary construction material for treatment, Re-processing of secondary construction material into aggregates",0.0
TW,"Sale, maintenance, repair of motor vehicles, motor vehicles parts, motorcycles, motor cycles parts and accessoiries",70163.37928794899
TW,Retail trade services of motor fuel,126641.04516068596
TW,"Wholesale trade and commission trade services, except of motor vehicles and motorcycles (51)",155214.08693620117
TW,"Retail  trade services, except of motor vehicles and motorcycles; repair services of personal and household goods (52)",14423.970618110114
TW,Hotel and restaurant services (55),9172.504705214265
TW,Railway transportation services,169659.05971172042
TW,Other land transportation services,127283.31410170488
TW,Transportation services via pipelines,949145.2459490665
TW,Sea and coastal water transportation services,2645890.0845820103
TW,Inland water transportation services,90565.70796625102
TW,Air transport services (62),641320.7150840994
TW,Supporting and auxiliary transport services; travel agency services (63),40838.38276167241
TW,Post and telecommunication services (64),6438.058781561356
TW,"Financial intermediation services, except insurance and pension funding services (65)",1381.611912319153
TW,"Insurance and pension funding services, except compulsory social security services (66)",2064.9636661134746
TW,Services auxiliary to financial intermediation (67),1934.9828931048467
TW,Real estate services (70),1832.6846263962225
TW,Renting services of machinery and equipment without operator and of personal and household goods (71),0.0
TW,Computer and related services (72),2521.653446138768
TW,Research and development services (73),15353.986274978528
TW,Other business services (74),3195.5477107174124
TW,Public administration and defence services; compulsory social security services (75),7684.046669833207
TW,Education services (80),7984.256118820466
TW,Health and social work services (85),48416.21172674696
TW,Food waste for treatment: incineration,0.0
TW,Paper waste for treatment: incineration,0.0
TW,Plastic waste for treatment: incineration,0.0
TW,Intert/metal waste for treatment: incineration,0.0
TW,Textiles waste for treatment: incineration,0.0
TW,Wood waste for treatment: incineration,0.0
TW,Oil/hazardous waste for treatment: incineration,0.0
TW,Food waste for treatment: biogasification and land application,0.0
TW,Paper waste for treatment: biogasification and land application,0.0
TW,Sewage sludge for treatment: biogasification and land application,0.0
TW,Food waste for treatment: composting and land application,0.0
TW,Paper and wood waste for treatment: composting and land application,0.0
TW,Food waste for treatment: waste water treatment,0.0
TW,Other waste for treatment: waste water treatment,0.0
TW,Food waste for treatment: landfill,0.0
TW,Paper for treatment: landfill,0.0
TW,Plastic waste for treatment: landfill,0.0
TW,Inert/metal/hazardous waste for treatment: landfill,0.0
TW,Textiles waste for treatment: landfill,0.0
TW,Wood waste for treatment: landfill,0.0
TW,Membership organisation services n.e.c. (91),2284.0011169705795
TW,"Recreational, cultural and sporting services (92)",5735.86331085931
TW,Other services (93),21196.7798014405
TW,Private households with employed persons (95),7630.365288314371
TW,Extra-territorial organizations and bodies,0.0
NO,Paddy rice,0.0
NO,Wheat,151280.04387988028
NO,Cereal grains nec,3706304.6779142646
NO,"Vegetables, fruit, nuts",105597.84974317372
NO,Oil seeds,201386.9370627823
NO,"Sugar cane, sugar beet",13995.21935650398
NO,Plant-based fibers,0.0
NO,Crops nec,24783.96810989522
NO,Cattle,35814913.356101304
NO,Pigs,259856.19014022074
NO,Poultry,174923.86517644278
NO,Meat animals nec,526348.0882906927
NO,Animal products nec,63098.13244731032
NO,Raw milk,1109372.9263512888
NO,"Wool, silk-worm cocoons",60687.80691977549
NO,Manure (conventional treatment),0.0
NO,Manure (biogas treatment),0.0
NO,"Products of forestry, logging and related services (02)",427869.44758262637
NO,Fish and other fishing products; services incidental of fishing (05),112159.52753531576
NO,Anthracite,0.0
NO,Coking Coal,0.0
NO,Other Bituminous Coal,166752.50105123819
NO,Sub-Bituminous Coal,0.0
NO,Patent Fuel,0.0
NO,Lignite/Brown Coal,0.0
NO,BKB/Peat Briquettes,0.0
NO,Peat,0.0
NO,"Crude petroleum and services related to crude oil extraction, excluding surveying",191105.3924277138
NO,"Natural gas and services related to natural gas extraction, excluding surveying",234710.11093215967
NO,Natural Gas Liquids,235209.17420904236
NO,Other Hydrocarbons,0.0
NO,Uranium and thorium ores (12),0.0
NO,Iron ores,155547.66933980826
NO,Copper ores and concentrates,0.0
NO,Nickel ores and concentrates,3061.3085057901185
NO,Aluminium ores and concentrates,0.0
NO,Precious metal ores and concentrates,0.0
NO,"Lead, zinc and tin ores and concentrates",0.0
NO,Other non-ferrous metal ores and concentrates,1828.2335399817541
NO,Stone,77125.11365047947
NO,Sand and clay,59318.61952674938
NO,"Chemical and fertilizer minerals, salt and other mining and quarrying products n.e.c.",1359350.4578724876
NO,Products of meat cattle,2788.1481296807356
NO,Products of meat pigs,7960.259423792392
NO,Products of meat poultry,7426.148088140039
NO,Meat products nec,37135.22743299277
NO,products of Vegetable oils and fats,51825.85451849164
NO,Dairy products,21458.714083445815
NO,Processed rice,46035.53071577371
NO,Sugar,5120.982537245407
NO,Food products nec,16096.102503550734
NO,Beverages,25262.863380604722
NO,Fish products,15484.035670640405
NO,Tobacco products (16),12673.894363971605
NO,Textiles (17),56888.149692168015
NO,Wearing apparel; furs (18),10150.160574976595
NO,Leather and leather products (19),58189.61831537568
NO,Wood and products of wood and cork (except furniture); articles of straw and plaiting materials (20),23993.48956469573
NO,"Wood material for treatment, Re-processing of secondary wood material into new wood material",0.0
NO,Pulp,14412.748809862776
NO,"Secondary paper for treatment, Re-processing of secondary paper into new pulp",0.0
NO,Paper and paper products,14523.87133899993
NO,Printed matter and recorded media (22),25659.273773847144
NO,Coke Oven Coke,173987.15864208067
NO,Gas Coke,0.0
NO,Coal Tar,0.0
NO,Motor Gasoline,311879.58505982516
NO,Aviation Gasoline,156739.94101253626
NO,Gasoline Type Jet Fuel,0.0
NO,Kerosene Type Jet Fuel,323873.6276226787
NO,Kerosene,278509.7348755357
NO,Gas/Diesel Oil,314005.79756719875
NO,Heavy Fuel Oil,266799.65665378916
NO,Refinery Gas,48863.97783257949
NO,Liquefied Petroleum Gases (LPG),264340.2655878755
NO,Refinery Feedstocks,670338.9042741709
NO,Ethane,1348458.4050729373
NO,Naphtha,1330404.2829543676
NO,White Spirit & SBP,409965.1360605253
NO,Lubricants,1354364.9026438792
NO,Bitumen,410489.62891966896
NO,Paraffin Waxes,0.0
NO,Petroleum Coke,1351040.3290875775
NO,Non-specified Petroleum Products,0.0
NO,Nuclear fuel,1036842.5625878631
NO,"Plastics, basic",176152.26398047587
NO,"Secondary plastic for treatment, Re-processing of secondary plastic into new plastic",0.0
NO,N-fertiliser,202313.11675590678
NO,P- and other fertiliser,210569.26203692477
NO,Chemicals nec,88305.30997997949
NO,Charcoal,48092.232013924804
NO,Additives/Blending Components,51686.12664889818
NO,Biogasoline,48585.03317687972
NO,Biodiesels,59861.90987189948
NO,Other Liquid Biofuels,49175.80900976784
NO,Rubber and plastic products (25),39318.434731931295
NO,Glass and glass products,228219.9129447519
NO,"Secondary glass for treatment, Re-processing of secondary glass into new glass",0.0
NO,Ceramic goods,289345.92416685075
NO,"Bricks, tiles and construction products, in baked clay",702507.8350088206
NO,"Cement, lime and plaster",156797.1422113773
NO,"Ash for treatment, Re-processing of ash into clinker",0.0
NO,Other non-metallic mineral products,132817.87478724643
NO,Basic iron and steel and of ferro-alloys and first products thereof,667064.8791530482
NO,"Secondary steel for treatment, Re-processing of secondary steel into new steel",0.0
NO,Precious metals,33612.95041853456
NO,"Secondary preciuos metals for treatment, Re-processing of secondary preciuos metals into new preciuos metals",0.0
NO,Aluminium and aluminium products,1235.7491925825016
NO,"Secondary aluminium for treatment, Re-processing of secondary aluminium into new aluminium",0.0
NO,"Lead, zinc and tin and products thereof",67482.8334087476
NO,"Secondary lead for treatment, Re-processing of secondary lead into new lead",0.0
NO,Copper products,72608.92247398436
NO,"Secondary copper for treatment, Re-processing of secondary copper into new copper",0.0
NO,Other non-ferrous metal products,6449.9697921606385
NO,"Secondary other non-ferrous metals for treatment, Re-processing of secondary other non-ferrous metals into new other non-ferrous metals",0.0
NO,Foundry work services,916554.0560933294
NO,"Fabricated metal products, except machinery and equipment (28)",8457.495389158948
NO,Machinery and equipment n.e.c. (29),4172.3977290959765
NO,Office machinery and computers (30),144600.2599278474
NO,Electrical machinery and apparatus n.e.c. (31),29007.673333817616
NO,"Radio, television and communication equipment and apparatus (32)",5306.412676404
NO,"Medical, precision and optical instruments, watches and clocks (33)",155596.8315291349
NO,"Motor vehicles, trailers and semi-trailers (34)",3053.3554137804604
NO,Other transport equipment (35),5073.148818630333
NO,Furniture; other manufactured goods n.e.c. (36),212237.9679054678
NO,Secondary raw materials,125160.50670380243
NO,"Bottles for treatment, Recycling of bottles by direct reuse",0.0
NO,Electricity by coal,12207600.11570553
NO,Electricity by gas,5877606.000241995
NO,Electricity by nuclear,0.0
NO,Electricity by hydro,89.25339642782183
NO,Electricity by wind,6.193774729810296
NO,Electricity by petroleum and other oil derivatives,63044.17770582945
NO,Electricity by biomass and waste,11916483.753710933
NO,Electricity by solar photovoltaic,0.0
NO,Electricity by solar thermal,0.0
NO,"Electricity by tide, wave, ocean",0.0
NO,Electricity by Geothermal,0.0
NO,Electricity nec,0.0
NO,Transmission services of electricity,41.37584647156431
NO,Distribution and trade services of electricity,40.555892243730995
NO,Coke oven gas,0.0
NO,Blast Furnace Gas,3421.5490361232473
NO,Oxygen Steel Furnace Gas,0.0
NO,Gas Works Gas,0.0
NO,Biogas,3421.549003240962
NO,Distribution services of gaseous fuels through mains,3421.549009159356
NO,Steam and hot water supply services,2216197.669977919
NO,"Collected and purified water, distribution services of water (41)",47557.58976481444
NO,Construction work (45),30976.23758579209
NO,"Secondary construction material for treatment, Re-processing of secondary construction material into aggregates",0.0
NO,"Sale, maintenance, repair of motor vehicles, motor vehicles parts, motorcycles, motor cycles parts and accessoiries",127473.5334687512
NO,Retail trade services of motor fuel,124030.74244905399
NO,"Wholesale trade and commission trade services, except of motor vehicles and motorcycles (51)",19806.99339971678
NO,"Retail  trade services, except of motor vehicles and motorcycles; repair services of personal and household goods (52)",26774.17538461573
NO,Hotel and restaurant services (55),13822.398460286435
NO,Railway transportation services,119812.0837165759
NO,Other land transportation services,77554.84001471012
NO,Transportation services via pipelines,13928.467396307844
NO,Sea and coastal water transportation services,1581140.8975097465
NO,Inland water transportation services,369258.87341293454
NO,Air transport services (62),652295.5987846277
NO,Supporting and auxiliary transport services; travel agency services (63),170860.6778879157
NO,Post and telecommunication services (64),1181.8294267370452
NO,"Financial intermediation services, except insurance and pension funding services (65)",3634.0168738390325
NO,"Insurance and pension funding services, except compulsory social security services (66)",93.90151492141939
NO,Services auxiliary to financial intermediation (67),71114.25349889514
NO,Real estate services (70),9444.317170373963
NO,Renting services of machinery and equipment without operator and of personal and household goods (71),162683.23261163497
NO,Computer and related services (72),4801.003802736513
NO,Research and development services (73),251619.93901166567
NO,Other business services (74),31644.94392356684
NO,Public administration and defence services; compulsory social security services (75),2410.595052171529
NO,Education services (80),2502.612170430889
NO,Health and social work services (85),8176.907445856533
NO,Food waste for treatment: incineration,27955.369838851104
NO,Paper waste for treatment: incineration,25587.10210804595
NO,Plastic waste for treatment: incineration,21317.421035435524
NO,Intert/metal waste for treatment: incineration,84205.08194034918
NO,Textiles waste for treatment: incineration,41656.24851291717
NO,Wood waste for treatment: incineration,29395.976583043015
NO,Oil/hazardous waste for treatment: incineration,30832.37335395115
NO,Food waste for treatment: biogasification and land application,216414.009366381
NO,Paper waste for treatment: biogasification and land application,216414.40741952226
NO,Sewage sludge for treatment: biogasification and land application,215971.8596034275
NO,Food waste for treatment: composting and land application,122312.64767975289
NO,Paper and wood waste for treatment: composting and land application,6940.892423401385
NO,Food waste for treatment: waste water treatment,261585.58817804506
NO,Other waste for treatment: waste water treatment,246543.27180356946
NO,Food waste for treatment: landfill,160638.46424193375
NO,Paper for treatment: landfill,116434.12490649805
NO,Plastic waste for treatment: landfill,47057.553539799854
NO,Inert/metal/hazardous waste for treatment: landfill,45056.28423695882
NO,Textiles waste for treatment: landfill,63768.56456710047
NO,Wood waste for treatment: landfill,64500.850093960005
NO,Membership organisation services n.e.c. (91),5552.06117266017
NO,"Recreational, cultural and sporting services (92)",7993.000964958312
NO,Other services (93),8863.351620882087
NO,Private households with employed persons (95),5709.16367142096
NO,Extra-territorial organizations and bodies,0.0
ID,Paddy rice,2974181.705378726
ID,Wheat,0.0
ID,Cereal grains nec,468849.4329331133
ID,"Vegetables, fruit, nuts",405990.25164471194
ID,Oil seeds,589385.6621335059
ID,"Sugar cane, sugar beet",709142.8533323364
ID,Plant-based fibers,1837934.90485443
ID,Crops nec,934372.5966825635
ID,Cattle,4116876.2381363953
ID,Pigs,1294034.1865637717
ID,Poultry,451475.6916968387
ID,Meat animals nec,21538599.403908376
ID,Animal products nec,58845.48882977999
ID,Raw milk,2379904.3405567654
ID,"Wool, silk-worm cocoons",49833.274869217814
ID,Manure (conventional treatment),0.0
ID,Manure (biogas treatment),0.0
ID,"Products of forestry, logging and related services (02)",64559.73300110731
ID,Fish and other fishing products; services incidental of fishing (05),157711.4082429665
ID,Anthracite,0.0
ID,Coking Coal,87569.7016021754
ID,Other Bituminous Coal,87569.72716368886
ID,Sub-Bituminous Coal,87569.66214529952
ID,Patent Fuel,0.0
ID,Lignite/Brown Coal,0.0
ID,BKB/Peat Briquettes,87569.78225260781
ID,Peat,0.0
ID,"Crude petroleum and services related to crude oil extraction, excluding surveying",184474.05495026777
ID,"Natural gas and services related to natural gas extraction, excluding surveying",681966.4292582434
ID,Natural Gas Liquids,681966.471697292
ID,Other Hydrocarbons,0.0
ID,Uranium and thorium ores (12),0.0
ID,Iron ores,2082.6537548426227
ID,Copper ores and concentrates,293627.8500210609
ID,Nickel ores and concentrates,1307191.8309332624
ID,Aluminium ores and concentrates,7128.679680596818
ID,Precious metal ores and concentrates,1396144.0112152102
ID,"Lead, zinc and tin ores and concentrates",177.40693605218405
ID,Other non-ferrous metal ores and concentrates,92754.88978850239
ID,Stone,14366.36395400633
ID,Sand and clay,58376.56634567151
ID,"Chemical and fertilizer minerals, salt and other mining and quarrying products n.e.c.",7646.097130284831
ID,Products of meat cattle,2351.487653938647
ID,Products of meat pigs,2072.6457668593875
ID,Products of meat poultry,1943.3861124508921
ID,Meat products nec,3230.6295892484754
ID,products of Vegetable oils and fats,1362.2434110568026
ID,Dairy products,10603.548624577976
ID,Processed rice,4823.7719299895025
ID,Sugar,11238.838285517095
ID,Food products nec,12355.190111000262
ID,Beverages,28639.220242736952
ID,Fish products,11753.805243858253
ID,Tobacco products (16),60962.74766640473
ID,Textiles (17),70944.49268433773
ID,Wearing apparel; furs (18),22827.3244150581
ID,Leather and leather products (19),21242.164297452873
ID,Wood and products of wood and cork (except furniture); articles of straw and plaiting materials (20),282110.276352683
ID,"Wood material for treatment, Re-processing of secondary wood material into new wood material",0.0
ID,Pulp,1074567.0030483892
ID,"Secondary paper for treatment, Re-processing of secondary paper into new pulp",0.0
ID,Paper and paper products,85795.6104347546
ID,Printed matter and recorded media (22),8565.37334504345
ID,Coke Oven Coke,0.0
ID,Gas Coke,0.0
ID,Coal Tar,0.0
ID,Motor Gasoline,322066.43028077
ID,Aviation Gasoline,322066.4293370364
ID,Gasoline Type Jet Fuel,0.0
ID,Kerosene Type Jet Fuel,322066.4303132796
ID,Kerosene,322066.43060921883
ID,Gas/Diesel Oil,322066.4305510156
ID,Heavy Fuel Oil,322066.43036467856
ID,Refinery Gas,322066.43005571363
ID,Liquefied Petroleum Gases (LPG),322066.43095862976
ID,Refinery Feedstocks,0.0
ID,Ethane,0.0
ID,Naphtha,322066.43112821446
ID,White Spirit & SBP,0.0
ID,Lubricants,322066.4332991162
ID,Bitumen,322066.45173941774
ID,Paraffin Waxes,0.0
ID,Petroleum Coke,0.0
ID,Non-specified Petroleum Products,322066.43145064416
ID,Nuclear fuel,5398.533821401914
ID,"Plastics, basic",424343.2262485038
ID,"Secondary plastic for treatment, Re-processing of secondary plastic into new plastic",0.0
ID,N-fertiliser,1595535.173673754
ID,P- and other fertiliser,19427.641063790816
ID,Chemicals nec,654517.0370099213
ID,Charcoal,654516.9072985825
ID,Additives/Blending Components,0.0
ID,Biogasoline,0.0
ID,Biodiesels,654516.8991800757
ID,Other Liquid Biofuels,0.0
ID,Rubber and plastic products (25),831198.3322230557
ID,Glass and glass products,82322.24171760959
ID,"Secondary glass for treatment, Re-processing of secondary glass into new glass",0.0
ID,Ceramic goods,149997.810572923
ID,"Bricks, tiles and construction products, in baked clay",141640.42016099134
ID,"Cement, lime and plaster",15109752.76055716
ID,"Ash for treatment, Re-processing of ash into clinker",0.0
ID,Other non-metallic mineral products,621562.7522986503
ID,Basic iron and steel and of ferro-alloys and first products thereof,3626264.7256596624
ID,"Secondary steel for treatment, Re-processing of secondary steel into new steel",0.0
ID,Precious metals,167112.83701707024
ID,"Secondary preciuos metals for treatment, Re-processing of secondary preciuos metals into new preciuos metals",0.0
ID,Aluminium and aluminium products,17001.019834455336
ID,"Secondary aluminium for treatment, Re-processing of secondary aluminium into new aluminium",0.0
ID,"Lead, zinc and tin and products thereof",5398.427028735849
ID,"Secondary lead for treatment, Re-processing of secondary lead into new lead",0.0
ID,Copper products,3786476.5203386974
ID,"Secondary copper for treatment, Re-processing of secondary copper into new copper",0.0
ID,Other non-ferrous metal products,450948.6472873939
ID,"Secondary other non-ferrous metals for treatment, Re-processing of secondary other non-ferrous metals into new other non-ferrous metals",0.0
ID,Foundry work services,38848.44341761399
ID,"Fabricated metal products, except machinery and equipment (28)",44316.88183855929
ID,Machinery and equipment n.e.c. (29),33381.527328189055
ID,Office machinery and computers (30),412.9452332535376
ID,Electrical machinery and apparatus n.e.c. (31),361.5501224307392
ID,"Radio, television and communication equipment and apparatus (32)",323.11634552696506
ID,"Medical, precision and optical instruments, watches and clocks (33)",82729.03575544561
ID,"Motor vehicles, trailers and semi-trailers (34)",4022.8441046588423
ID,Other transport equipment (35),12749.281667944588
ID,Furniture; other manufactured goods n.e.c. (36),390849.00125086925
ID,Secondary raw materials,1533214.6724723468
ID,"Bottles for treatment, Recycling of bottles by direct reuse",1613919.5901732442
ID,Electricity by coal,14552533.067154072
ID,Electricity by gas,12708689.438044626
ID,Electricity by nuclear,0.0
ID,Electricity by hydro,0.0002988713415541
ID,Electricity by wind,0.0018839840743675
ID,Electricity by petroleum and other oil derivatives,18366000.516325198
ID,Electricity by biomass and waste,60406.16259933861
ID,Electricity by solar photovoltaic,0.4505726876677847
ID,Electricity by solar thermal,0.0
ID,"Electricity by tide, wave, ocean",0.0
ID,Electricity by Geothermal,7.98331614304147e-06
ID,Electricity nec,0.0
ID,Transmission services of electricity,6320.1264656003295
ID,Distribution and trade services of electricity,2137.444137406232
ID,Coke oven gas,0.0
ID,Blast Furnace Gas,0.0
ID,Oxygen Steel Furnace Gas,0.0
ID,Gas Works Gas,0.0
ID,Biogas,0.010138393329670982
ID,Distribution services of gaseous fuels through mains,0.0073811814267759224
ID,Steam and hot water supply services,0.0
ID,"Collected and purified water, distribution services of water (41)",33873.771526092
ID,Construction work (45),226999.40941369277
ID,"Secondary construction material for treatment, Re-processing of secondary construction material into aggregates",0.0
ID,"Sale, maintenance, repair of motor vehicles, motor vehicles parts, motorcycles, motor cycles parts and accessoiries",51646.09436006391
ID,Retail trade services of motor fuel,7914.143838399225
ID,"Wholesale trade and commission trade services, except of motor vehicles and motorcycles (51)",45521.96547050227
ID,"Retail  trade services, except of motor vehicles and motorcycles; repair services of personal and household goods (52)",34896.256445298524
ID,Hotel and restaurant services (55),51255.81773264573
ID,Railway transportation services,69444.26022595269
ID,Other land transportation services,234778.61538919096
ID,Transportation services via pipelines,17833.807482853845
ID,Sea and coastal water transportation services,1136886.598911413
ID,Inland water transportation services,1362188.0071217255
ID,Air transport services (62),596493.7632660044
ID,Supporting and auxiliary transport services; travel agency services (63),101614.25812216634
ID,Post and telecommunication services (64),29726.219942378757
ID,"Financial intermediation services, except insurance and pension funding services (65)",21264.495383746536
ID,"Insurance and pension funding services, except compulsory social security services (66)",26443.84187206307
ID,Services auxiliary to financial intermediation (67),94739.39377636625
ID,Real estate services (70),12407.439758903496
ID,Renting services of machinery and equipment without operator and of personal and household goods (71),23842.54905852651
ID,Computer and related services (72),32928.50085968293
ID,Research and development services (73),48439.385878344605
ID,Other business services (74),41512.4307386685
ID,Public administration and defence services; compulsory social security services (75),66464.53428518913
ID,Education services (80),24367.28105659062
ID,Health and social work services (85),45391.470134615076
ID,Food waste for treatment: incineration,1613919.669983639
ID,Paper waste for treatment: incineration,1613919.5937060534
ID,Plastic waste for treatment: incineration,1613919.5925818884
ID,Intert/metal waste for treatment: incineration,1613919.6020113407
ID,Textiles waste for treatment: incineration,1613919.591468719
ID,Wood waste for treatment: incineration,1613919.5933346595
ID,Oil/hazardous waste for treatment: incineration,1613919.5940888054
ID,Food waste for treatment: biogasification and land application,1613919.5957877073
ID,Paper waste for treatment: biogasification and land application,1613919.5911121843
ID,Sewage sludge for treatment: biogasification and land application,1613920.0838865894
ID,Food waste for treatment: composting and land application,1613919.6002524055
ID,Paper and wood waste for treatment: composting and land application,1613919.5958118753
ID,Food waste for treatment: waste water treatment,1613926.0979071008
ID,Other waste for treatment: waste water treatment,1613925.1910834229
ID,Food waste for treatment: landfill,1613919.8482676581
ID,Paper for treatment: landfill,1613919.5913787931
ID,Plastic waste for treatment: landfill,1613919.5912925284
ID,Inert/metal/hazardous waste for treatment: landfill,1613919.5963799504
ID,Textiles waste for treatment: landfill,1613919.590911049
ID,Wood waste for treatment: landfill,1613919.5916934821
ID,Membership organisation services n.e.c. (91),179.93779403276852
ID,"Recreational, cultural and sporting services (92)",87363.85869766893
ID,Other services (93),108670.91530233753
ID,Private households with employed persons (95),3.987974050525701e-05
ID,Extra-territorial organizations and bodies,0.0
ZA,Paddy rice,169764.11266923387
ZA,Wheat,851366.7610344553
ZA,Cereal grains nec,1160940.7736219612
ZA,"Vegetables, fruit, nuts",572822.0417650267
ZA,Oil seeds,1077534.9031574628
ZA,"Sugar cane, sugar beet",3570882.2235185266
ZA,Plant-based fibers,216915.45014498103
ZA,Crops nec,5109507.282049063
ZA,Cattle,10130123.61027711
ZA,Pigs,1440580.6197917198
ZA,Poultry,1041438.0441087666
ZA,Meat animals nec,4669509.31706426
ZA,Animal products nec,95294.8492621399
ZA,Raw milk,2982771.9971304075
ZA,"Wool, silk-worm cocoons",113696.78597219416
ZA,Manure (conventional treatment),0.0
ZA,Manure (biogas treatment),0.0
ZA,"Products of forestry, logging and related services (02)",484305.58320372965
ZA,Fish and other fishing products; services incidental of fishing (05),475539.72497124085
ZA,Anthracite,373097.1176758457
ZA,Coking Coal,373097.2381295387
ZA,Other Bituminous Coal,373097.477004826
ZA,Sub-Bituminous Coal,0.0
ZA,Patent Fuel,0.0
ZA,Lignite/Brown Coal,0.0
ZA,BKB/Peat Briquettes,0.0
ZA,Peat,0.0
ZA,"Crude petroleum and services related to crude oil extraction, excluding surveying",4777284.141332872
ZA,"Natural gas and services related to natural gas extraction, excluding surveying",10793688.780026326
ZA,Natural Gas Liquids,3917405.753291196
ZA,Other Hydrocarbons,712925.2977256705
ZA,Uranium and thorium ores (12),252921.1551176571
ZA,Iron ores,396685.11335413076
ZA,Copper ores and concentrates,334122.1756002327
ZA,Nickel ores and concentrates,496.4906460106801
ZA,Aluminium ores and concentrates,0.0
ZA,Precious metal ores and concentrates,373089.90232688125
ZA,"Lead, zinc and tin ores and concentrates",373113.1017392687
ZA,Other non-ferrous metal ores and concentrates,373096.8120505835
ZA,Stone,386560.9786884153
ZA,Sand and clay,373097.55699345085
ZA,"Chemical and fertilizer minerals, salt and other mining and quarrying products n.e.c.",373097.3537172984
ZA,Products of meat cattle,27845.060321053472
ZA,Products of meat pigs,20472.212424852547
ZA,Products of meat poultry,20310.19930187373
ZA,Meat products nec,37787.26132383313
ZA,products of Vegetable oils and fats,103803.66197604727
ZA,Dairy products,2641.126528665828
ZA,Processed rice,5251.955718016714
ZA,Sugar,16865.565011994426
ZA,Food products nec,12003.481003070883
ZA,Beverages,8225.247172346239
ZA,Fish products,82902.92810551908
ZA,Tobacco products (16),682.6614906028883
ZA,Textiles (17),32049.930913698565
ZA,Wearing apparel; furs (18),27784.175387351424
ZA,Leather and leather products (19),22945.452913661913
ZA,Wood and products of wood and cork (except furniture); articles of straw and plaiting materials (20),25006.96733056864
ZA,"Wood material for treatment, Re-processing of secondary wood material into new wood material",0.0
ZA,Pulp,75642.71157462953
ZA,"Secondary paper for treatment, Re-processing of secondary paper into new pulp",0.0
ZA,Paper and paper products,43331.58724211844
ZA,Printed matter and recorded media (22),26353.029792079575
ZA,Coke Oven Coke,121603.57316377983
ZA,Gas Coke,0.0
ZA,Coal Tar,0.0
ZA,Motor Gasoline,173195.54044426748
ZA,Aviation Gasoline,2745752.3149350146
ZA,Gasoline Type Jet Fuel,0.0
ZA,Kerosene Type Jet Fuel,174889.32399108904
ZA,Kerosene,173287.66513164845
ZA,Gas/Diesel Oil,163508.67667334958
ZA,Heavy Fuel Oil,102051.6287495951
ZA,Refinery Gas,174198.88678968087
ZA,Liquefied Petroleum Gases (LPG),137985.52445400963
ZA,Refinery Feedstocks,0.0
ZA,Ethane,0.0
ZA,Naphtha,100229.05578353697
ZA,White Spirit & SBP,92448.14264201783
ZA,Lubricants,135787.86025478333
ZA,Bitumen,97577.68567509424
ZA,Paraffin Waxes,78426.85115906439
ZA,Petroleum Coke,0.0
ZA,Non-specified Petroleum Products,706848.5943559383
ZA,Nuclear fuel,0.0
ZA,"Plastics, basic",251838.2993313581
ZA,"Secondary plastic for treatment, Re-processing of secondary plastic into new plastic",27145.0110141656
ZA,N-fertiliser,391318.3015253946
ZA,P- and other fertiliser,1861921.6432849139
ZA,Chemicals nec,105461.96844665005
ZA,Charcoal,228768.87750111747
ZA,Additives/Blending Components,27145.010903229395
ZA,Biogasoline,27145.010898287466
ZA,Biodiesels,27145.010905248513
ZA,Other Liquid Biofuels,27145.010891113616
ZA,Rubber and plastic products (25),2149136.6100038146
ZA,Glass and glass products,424418.42754236836
ZA,"Secondary glass for treatment, Re-processing of secondary glass into new glass",0.0
ZA,Ceramic goods,1278115.0678567365
ZA,"Bricks, tiles and construction products, in baked clay",5831629.604132124
ZA,"Cement, lime and plaster",1421731.7975174068
ZA,"Ash for treatment, Re-processing of ash into clinker",0.0
ZA,Other non-metallic mineral products,690470.1582493386
ZA,Basic iron and steel and of ferro-alloys and first products thereof,2683964.288532754
ZA,"Secondary steel for treatment, Re-processing of secondary steel into new steel",27145.009172392954
ZA,Precious metals,142110.1659928546
ZA,"Secondary preciuos metals for treatment, Re-processing of secondary preciuos metals into new preciuos metals",27145.009172392954
ZA,Aluminium and aluminium products,255057.8102332965
ZA,"Secondary aluminium for treatment, Re-processing of secondary aluminium into new aluminium",27145.009172392954
ZA,"Lead, zinc and tin and products thereof",707866.782118275
ZA,"Secondary lead for treatment, Re-processing of secondary lead into new lead",27145.009172392954
ZA,Copper products,431707.99652169715
ZA,"Secondary copper for treatment, Re-processing of secondary copper into new copper",27145.009172392954
ZA,Other non-ferrous metal products,69471.7795187863
ZA,"Secondary other non-ferrous metals for treatment, Re-processing of secondary other non-ferrous metals into new other non-ferrous metals",27145.009172392954
ZA,Foundry work services,10191090.29756234
ZA,"Fabricated metal products, except machinery and equipment (28)",34120.49118217422
ZA,Machinery and equipment n.e.c. (29),25798.701094191776
ZA,Office machinery and computers (30),946.7029571675589
ZA,Electrical machinery and apparatus n.e.c. (31),12155.729317711779
ZA,"Radio, television and communication equipment and apparatus (32)",3075.1592093074905
ZA,"Medical, precision and optical instruments, watches and clocks (33)",33400.06852268824
ZA,"Motor vehicles, trailers and semi-trailers (34)",6157.757832888471
ZA,Other transport equipment (35),20525.825044381018
ZA,Furniture; other manufactured goods n.e.c. (36),47280.64032936168
ZA,Secondary raw materials,56398.32869501831
ZA,"Bottles for treatment, Recycling of bottles by direct reuse",27326.45987370589
ZA,Electricity by coal,68144066.1175397
ZA,Electricity by gas,0.0
ZA,Electricity by nuclear,38206.99960771747
ZA,Electricity by hydro,202867.59857184457
ZA,Electricity by wind,560.031003360701
ZA,Electricity by petroleum and other oil derivatives,9126488.192317957
ZA,Electricity by biomass and waste,0.0
ZA,Electricity by solar photovoltaic,385.1930222154744
ZA,Electricity by solar thermal,1690.7547805890931
ZA,"Electricity by tide, wave, ocean",0.0
ZA,Electricity by Geothermal,0.0
ZA,Electricity nec,0.0
ZA,Transmission services of electricity,2684841.3992428295
ZA,Distribution and trade services of electricity,78213.22127506297
ZA,Coke oven gas,951648.2029716956
ZA,Blast Furnace Gas,911925.6160650171
ZA,Oxygen Steel Furnace Gas,0.0
ZA,Gas Works Gas,657843.1303340588
ZA,Biogas,0.0
ZA,Distribution services of gaseous fuels through mains,0.0
ZA,Steam and hot water supply services,0.0
ZA,"Collected and purified water, distribution services of water (41)",21713.69897648844
ZA,Construction work (45),201243.6600759406
ZA,"Secondary construction material for treatment, Re-processing of secondary construction material into aggregates",0.0
ZA,"Sale, maintenance, repair of motor vehicles, motor vehicles parts, motorcycles, motor cycles parts and accessoiries",2399.9824934501034
ZA,Retail trade services of motor fuel,48846.00435986875
ZA,"Wholesale trade and commission trade services, except of motor vehicles and motorcycles (51)",89527.82555166527
ZA,"Retail  trade services, except of motor vehicles and motorcycles; repair services of personal and household goods (52)",52893.77781315357
ZA,Hotel and restaurant services (55),22963.8521173609
ZA,Railway transportation services,203949.93474116066
ZA,Other land transportation services,631619.7947756464
ZA,Transportation services via pipelines,101959.57123475563
ZA,Sea and coastal water transportation services,798196.6688494904
ZA,Inland water transportation services,3793527.292378173
ZA,Air transport services (62),1683950.9207839442
ZA,Supporting and auxiliary transport services; travel agency services (63),245686.27397123523
ZA,Post and telecommunication services (64),18701.86849285639
ZA,"Financial intermediation services, except insurance and pension funding services (65)",5449.688836698075
ZA,"Insurance and pension funding services, except compulsory social security services (66)",1809.8808193089485
ZA,Services auxiliary to financial intermediation (67),1133.656778806008
ZA,Real estate services (70),40237.271951049326
ZA,Renting services of machinery and equipment without operator and of personal and household goods (71),44093.34164969896
ZA,Computer and related services (72),322922.81284388195
ZA,Research and development services (73),196214.08664045495
ZA,Other business services (74),37368.9716964153
ZA,Public administration and defence services; compulsory social security services (75),112029.12942143698
ZA,Education services (80),37558.9392971132
ZA,Health and social work services (85),36656.256978834055
ZA,Food waste for treatment: incineration,27328.967748413037
ZA,Paper waste for treatment: incineration,27329.02803445588
ZA,Plastic waste for treatment: incineration,27327.5524085683
ZA,Intert/metal waste for treatment: incineration,27327.603826508366
ZA,Textiles waste for treatment: incineration,27327.024670349303
ZA,Wood waste for treatment: incineration,27327.20213209462
ZA,Oil/hazardous waste for treatment: incineration,27328.083436933972
ZA,Food waste for treatment: biogasification and land application,27326.781417644608
ZA,Paper waste for treatment: biogasification and land application,27326.495532746052
ZA,Sewage sludge for treatment: biogasification and land application,27327.390124505946
ZA,Food waste for treatment: composting and land application,27333.977294893237
ZA,Paper and wood waste for treatment: composting and land application,27326.448500745955
ZA,Food waste for treatment: waste water treatment,63620.04795297927
ZA,Other waste for treatment: waste water treatment,48519.85698034725
ZA,Food waste for treatment: landfill,27325.081555725246
ZA,Paper for treatment: landfill,27325.8581648714
ZA,Plastic waste for treatment: landfill,27326.402698260088
ZA,Inert/metal/hazardous waste for treatment: landfill,27324.850538064904
ZA,Textiles waste for treatment: landfill,27326.333137092643
ZA,Wood waste for treatment: landfill,27326.331213150243
ZA,Membership organisation services n.e.c. (91),33447.91815231401
ZA,"Recreational, cultural and sporting services (92)",33613.769911494615
ZA,Other services (93),57346.34693130225
ZA,Private households with employed persons (95),0.009989505910694493
ZA,Extra-territorial organizations and bodies,0.0
WA,Paddy rice,25887539.30413288
WA,Wheat,2326995.518110385
WA,Cereal grains nec,1759908.002268642
WA,"Vegetables, fruit, nuts",274127.07996856247
WA,Oil seeds,294843.9842104465
WA,"Sugar cane, sugar beet",1628538.8064943992
WA,Plant-based fibers,1314422.6856385008
WA,Crops nec,344565.3829719968
WA,Cattle,11290741.360148309
WA,Pigs,231875.47219475918
WA,Poultry,2041567.9323421256
WA,Meat animals nec,2092971.3068419436
WA,Animal products nec,3638085.582414117
WA,Raw milk,8888701.68470722
WA,"Wool, silk-worm cocoons",1475398.5347220802
WA,Manure (conventional treatment),0.0
WA,Manure (biogas treatment),0.0
WA,"Products of forestry, logging and related services (02)",1663637.5699689093
WA,Fish and other fishing products; services incidental of fishing (05),143689.4147809586
WA,Anthracite,734963.3710319988
WA,Coking Coal,733906.4377324518
WA,Other Bituminous Coal,735256.5365586581
WA,Sub-Bituminous Coal,723257.3772197872
WA,Patent Fuel,3165361.9247832806
WA,Lignite/Brown Coal,703183.531379113
WA,BKB/Peat Briquettes,5740651.678099913
WA,Peat,0.0
WA,"Crude petroleum and services related to crude oil extraction, excluding surveying",168263.81791500616
WA,"Natural gas and services related to natural gas extraction, excluding surveying",522789.77684837393
WA,Natural Gas Liquids,523721.5308798517
WA,Other Hydrocarbons,6464712.598732884
WA,Uranium and thorium ores (12),698579.8479681936
WA,Iron ores,584043.3701425338
WA,Copper ores and concentrates,599134.7296556239
WA,Nickel ores and concentrates,701214.8831839117
WA,Aluminium ores and concentrates,2627052.078053985
WA,Precious metal ores and concentrates,178049.890673066
WA,"Lead, zinc and tin ores and concentrates",180860.38130459556
WA,Other non-ferrous metal ores and concentrates,347442.22429237585
WA,Stone,1557630.3178816815
WA,Sand and clay,1349806.6847650472
WA,"Chemical and fertilizer minerals, salt and other mining and quarrying products n.e.c.",249598.9392340123
WA,Products of meat cattle,1137225.8239271978
WA,Products of meat pigs,639291.8951865458
WA,Products of meat poultry,576051.4753827717
WA,Meat products nec,323926.1993815981
WA,products of Vegetable oils and fats,149454.6785530356
WA,Dairy products,218315.04509838938
WA,Processed rice,510584.399618536
WA,Sugar,580113.2453793545
WA,Food products nec,302562.10563218716
WA,Beverages,121780.57913956135
WA,Fish products,123030.83247825451
WA,Tobacco products (16),293306.00798339886
WA,Textiles (17),39432.37497660592
WA,Wearing apparel; furs (18),73284.40641684613
WA,Leather and leather products (19),77686.67544922004
WA,Wood and products of wood and cork (except furniture); articles of straw and plaiting materials (20),208723.9417435118
WA,"Wood material for treatment, Re-processing of secondary wood material into new wood material",0.0
WA,Pulp,267296.86008516897
WA,"Secondary paper for treatment, Re-processing of secondary paper into new pulp",0.0
WA,Paper and paper products,104568.65133994652
WA,Printed matter and recorded media (22),143330.04904938664
WA,Coke Oven Coke,2870724.634747995
WA,Gas Coke,0.0
WA,Coal Tar,3554544.178541834
WA,Motor Gasoline,104842.45056388255
WA,Aviation Gasoline,230744.18915757927
WA,Gasoline Type Jet Fuel,0.0
WA,Kerosene Type Jet Fuel,112247.71981134317
WA,Kerosene,148390.31874294442
WA,Gas/Diesel Oil,105979.10174564246
WA,Heavy Fuel Oil,109927.68002044913
WA,Refinery Gas,458804.8653127587
WA,Liquefied Petroleum Gases (LPG),117285.96517732911
WA,Refinery Feedstocks,128853.67578559632
WA,Ethane,187025.523367748
WA,Naphtha,120893.53211958591
WA,White Spirit & SBP,134635.47412062142
WA,Lubricants,116011.56745699717
WA,Bitumen,162017.96052146086
WA,Paraffin Waxes,178980.72396772847
WA,Petroleum Coke,183187.90705255355
WA,Non-specified Petroleum Products,162801.22851467194
WA,Nuclear fuel,152721.59527182707
WA,"Plastics, basic",264885.83561327436
WA,"Secondary plastic for treatment, Re-processing of secondary plastic into new plastic",0.0
WA,N-fertiliser,827108.9362249055
WA,P- and other fertiliser,624384.3535492627
WA,Chemicals nec,178076.2717781534
WA,Charcoal,409446.430324852
WA,Additives/Blending Components,0.0
WA,Biogasoline,362609.2103469965
WA,Biodiesels,451585.0149213285
WA,Other Liquid Biofuels,265787.27579034446
WA,Rubber and plastic products (25),747347.8132169647
WA,Glass and glass products,1312695.5519872676
WA,"Secondary glass for treatment, Re-processing of secondary glass into new glass",0.0
WA,Ceramic goods,693098.4958086987
WA,"Bricks, tiles and construction products, in baked clay",362173.0610995321
WA,"Cement, lime and plaster",1804044.7509560415
WA,"Ash for treatment, Re-processing of ash into clinker",0.0
WA,Other non-metallic mineral products,2807946.6235630885
WA,Basic iron and steel and of ferro-alloys and first products thereof,380497.89533648675
WA,"Secondary steel for treatment, Re-processing of secondary steel into new steel",0.0
WA,Precious metals,92325.48335196137
WA,"Secondary preciuos metals for treatment, Re-processing of secondary preciuos metals into new preciuos metals",0.0
WA,Aluminium and aluminium products,408917.6025565974
WA,"Secondary aluminium for treatment, Re-processing of secondary aluminium into new aluminium",0.0
WA,"Lead, zinc and tin and products thereof",164378.8862482913
WA,"Secondary lead for treatment, Re-processing of secondary lead into new lead",0.0
WA,Copper products,126650.11849718085
WA,"Secondary copper for treatment, Re-processing of secondary copper into new copper",0.0
WA,Other non-ferrous metal products,238506.09067155555
WA,"Secondary other non-ferrous metals for treatment, Re-processing of secondary other non-ferrous metals into new other non-ferrous metals",0.0
WA,Foundry work services,1631323.633119651
WA,"Fabricated metal products, except machinery and equipment (28)",21639.705025680953
WA,Machinery and equipment n.e.c. (29),70034.75576849416
WA,Office machinery and computers (30),48095.362690223854
WA,Electrical machinery and apparatus n.e.c. (31),20728.794531482643
WA,"Radio, television and communication equipment and apparatus (32)",13239.075705496316
WA,"Medical, precision and optical instruments, watches and clocks (33)",7536845.985862175
WA,"Motor vehicles, trailers and semi-trailers (34)",13657.4998354968
WA,Other transport equipment (35),19766.917939787414
WA,Furniture; other manufactured goods n.e.c. (36),126944.06340126693
WA,Secondary raw materials,703199.7969606805
WA,"Bottles for treatment, Recycling of bottles by direct reuse",0.0
WA,Electricity by coal,34934756.995272815
WA,Electricity by gas,11803460.447722023
WA,Electricity by nuclear,8459.99033911791
WA,Electricity by hydro,5136.080999868079
WA,Electricity by wind,364.8475563213179
WA,Electricity by petroleum and other oil derivatives,21837890.20768612
WA,Electricity by biomass and waste,4942485.94198766
WA,Electricity by solar photovoltaic,21512.097120079372
WA,Electricity by solar thermal,0.0
WA,"Electricity by tide, wave, ocean",0.0
WA,Electricity by Geothermal,3869.405190231497
WA,Electricity nec,591582.0187150307
WA,Transmission services of electricity,125217.6138800109
WA,Distribution and trade services of electricity,19656.107085087653
WA,Coke oven gas,11041408.451122398
WA,Blast Furnace Gas,4334546.788403432
WA,Oxygen Steel Furnace Gas,609445.7169480803
WA,Gas Works Gas,160351.70279739273
WA,Biogas,10115231.141927056
WA,Distribution services of gaseous fuels through mains,2462985.140179185
WA,Steam and hot water supply services,7388842.858516122
WA,"Collected and purified water, distribution services of water (41)",57440.69208032279
WA,Construction work (45),29315.62708839556
WA,"Secondary construction material for treatment, Re-processing of secondary construction material into aggregates",0.0
WA,"Sale, maintenance, repair of motor vehicles, motor vehicles parts, motorcycles, motor cycles parts and accessoiries",222182.16738977638
WA,Retail trade services of motor fuel,185146.8785863315
WA,"Wholesale trade and commission trade services, except of motor vehicles and motorcycles (51)",4990.270468614992
WA,"Retail  trade services, except of motor vehicles and motorcycles; repair services of personal and household goods (52)",87349.65651094129
WA,Hotel and restaurant services (55),35291.25279973962
WA,Railway transportation services,211738.18135046455
WA,Other land transportation services,40696.44371471239
WA,Transportation services via pipelines,995636.0815835117
WA,Sea and coastal water transportation services,2343593.171033365
WA,Inland water transportation services,63637.40503985408
WA,Air transport services (62),969866.8702002908
WA,Supporting and auxiliary transport services; travel agency services (63),71426.13947837577
WA,Post and telecommunication services (64),21101.188434564225
WA,"Financial intermediation services, except insurance and pension funding services (65)",4532.5369095754095
WA,"Insurance and pension funding services, except compulsory social security services (66)",8216.449302965544
WA,Services auxiliary to financial intermediation (67),10037.95793869004
WA,Real estate services (70),9192.08582867927
WA,Renting services of machinery and equipment without operator and of personal and household goods (71),8037288.550425562
WA,Computer and related services (72),13832.216889572348
WA,Research and development services (73),599218.4261556312
WA,Other business services (74),33370.41035296075
WA,Public administration and defence services; compulsory social security services (75),58492.671297120076
WA,Education services (80),154537.32284973477
WA,Health and social work services (85),28439.31908332418
WA,Food waste for treatment: incineration,438319.6527734181
WA,Paper waste for treatment: incineration,248184.72501240432
WA,Plastic waste for treatment: incineration,2086312.5899978061
WA,Intert/metal waste for treatment: incineration,168192.9742234968
WA,Textiles waste for treatment: incineration,248184.62650820575
WA,Wood waste for treatment: incineration,1932822.141382718
WA,Oil/hazardous waste for treatment: incineration,2625813.009338707
WA,Food waste for treatment: biogasification and land application,1951712.2492546265
WA,Paper waste for treatment: biogasification and land application,61364.12541016471
WA,Sewage sludge for treatment: biogasification and land application,94743.50746723656
WA,Food waste for treatment: composting and land application,703200.5590043286
WA,Paper and wood waste for treatment: composting and land application,168192.4021750348
WA,Food waste for treatment: waste water treatment,2625804.788189874
WA,Other waste for treatment: waste water treatment,101686.12458832092
WA,Food waste for treatment: landfill,2625807.3376495712
WA,Paper for treatment: landfill,2625808.5149603197
WA,Plastic waste for treatment: landfill,248184.70164979572
WA,Inert/metal/hazardous waste for treatment: landfill,414576.8358810445
WA,Textiles waste for treatment: landfill,2625807.4557403075
WA,Wood waste for treatment: landfill,414576.30769235344
WA,Membership organisation services n.e.c. (91),173254.11064567373
WA,"Recreational, cultural and sporting services (92)",165272.24013519855
WA,Other services (93),100913.42010984448
WA,Private households with employed persons (95),31550.813830426338
WA,Extra-territorial organizations and bodies,0.0
WL,Paddy rice,7583793.806330101
WL,Wheat,573752.0201458081
WL,Cereal grains nec,734500.7285638477
WL,"Vegetables, fruit, nuts",165769.7300700188
WL,Oil seeds,548589.4397662566
WL,"Sugar cane, sugar beet",725996.2483349377
WL,Plant-based fibers,596779.503363979
WL,Crops nec,356172.839995547
WL,Cattle,8599687.451248232
WL,Pigs,1479613.3362540829
WL,Poultry,645339.4022597196
WL,Meat animals nec,6165040.39525552
WL,Animal products nec,575243.6281754673
WL,Raw milk,7407698.300473347
WL,"Wool, silk-worm cocoons",573774.0614639489
WL,Manure (conventional treatment),0.0
WL,Manure (biogas treatment),0.0
WL,"Products of forestry, logging and related services (02)",602077.4778288617
WL,Fish and other fishing products; services incidental of fishing (05),206168.5509221179
WL,Anthracite,199736.1260619805
WL,Coking Coal,417806.8358748128
WL,Other Bituminous Coal,419193.0654329669
WL,Sub-Bituminous Coal,0.0
WL,Patent Fuel,0.0
WL,Lignite/Brown Coal,0.0
WL,BKB/Peat Briquettes,0.0
WL,Peat,415525.2087462
WL,"Crude petroleum and services related to crude oil extraction, excluding surveying",244002.55960183364
WL,"Natural gas and services related to natural gas extraction, excluding surveying",2804459.529164043
WL,Natural Gas Liquids,2799174.7251434703
WL,Other Hydrocarbons,0.0
WL,Uranium and thorium ores (12),0.0
WL,Iron ores,482433.8050085008
WL,Copper ores and concentrates,1151786.6118556694
WL,Nickel ores and concentrates,749082.4733659006
WL,Aluminium ores and concentrates,747657.5490228285
WL,Precious metal ores and concentrates,0.0
WL,"Lead, zinc and tin ores and concentrates",680537.4202154494
WL,Other non-ferrous metal ores and concentrates,485462.2508866047
WL,Stone,782442.3530407007
WL,Sand and clay,921567.5688891194
WL,"Chemical and fertilizer minerals, salt and other mining and quarrying products n.e.c.",0.0
WL,Products of meat cattle,55104.81190400035
WL,Products of meat pigs,41214.62553676938
WL,Products of meat poultry,52860.26313346063
WL,Meat products nec,15018.014815944613
WL,products of Vegetable oils and fats,162939.04335994762
WL,Dairy products,55577.23500800675
WL,Processed rice,101796.80036964925
WL,Sugar,54229.197408586755
WL,Food products nec,10667.672839781704
WL,Beverages,19385.94380335945
WL,Fish products,444280.3154684832
WL,Tobacco products (16),34055.35741543287
WL,Textiles (17),76174.01973742413
WL,Wearing apparel; furs (18),16271.909748998945
WL,Leather and leather products (19),26382.293114968656
WL,Wood and products of wood and cork (except furniture); articles of straw and plaiting materials (20),88208.26970558478
WL,"Wood material for treatment, Re-processing of secondary wood material into new wood material",0.0
WL,Pulp,677378.8539281668
WL,"Secondary paper for treatment, Re-processing of secondary paper into new pulp",0.0
WL,Paper and paper products,59298.201698031415
WL,Printed matter and recorded media (22),13710.98647734117
WL,Coke Oven Coke,981102.1979823624
WL,Gas Coke,0.0
WL,Coal Tar,424327.0967182349
WL,Motor Gasoline,249133.49526192626
WL,Aviation Gasoline,305289.5979024338
WL,Gasoline Type Jet Fuel,0.0
WL,Kerosene Type Jet Fuel,243748.9743676533
WL,Kerosene,343687.2329471242
WL,Gas/Diesel Oil,246001.62498990813
WL,Heavy Fuel Oil,247047.57626023362
WL,Refinery Gas,554182.3486519551
WL,Liquefied Petroleum Gases (LPG),250578.9664217393
WL,Refinery Feedstocks,259240.77308684686
WL,Ethane,248603.03361346596
WL,Naphtha,253713.94564580644
WL,White Spirit & SBP,279792.77527451084
WL,Lubricants,252646.51385453157
WL,Bitumen,246899.33516776757
WL,Paraffin Waxes,260776.97803649507
WL,Petroleum Coke,251861.00516391254
WL,Non-specified Petroleum Products,361669.3464260207
WL,Nuclear fuel,2026998.1957602869
WL,"Plastics, basic",38806.56713455901
WL,"Secondary plastic for treatment, Re-processing of secondary plastic into new plastic",0.0
WL,N-fertiliser,343581.24122568674
WL,P- and other fertiliser,108783.60972253783
WL,Chemicals nec,840274.093773337
WL,Charcoal,800927.7937224517
WL,Additives/Blending Components,439768.44901659025
WL,Biogasoline,643300.887948681
WL,Biodiesels,485310.3095254667
WL,Other Liquid Biofuels,0.0
WL,Rubber and plastic products (25),1676423.950558772
WL,Glass and glass products,246412.11916384246
WL,"Secondary glass for treatment, Re-processing of secondary glass into new glass",0.0
WL,Ceramic goods,896860.4558782371
WL,"Bricks, tiles and construction products, in baked clay",274677.94152692886
WL,"Cement, lime and plaster",410917.2695998256
WL,"Ash for treatment, Re-processing of ash into clinker",0.0
WL,Other non-metallic mineral products,325523.75103625713
WL,Basic iron and steel and of ferro-alloys and first products thereof,596465.9866687104
WL,"Secondary steel for treatment, Re-processing of secondary steel into new steel",0.0
WL,Precious metals,126572.43247293842
WL,"Secondary preciuos metals for treatment, Re-processing of secondary preciuos metals into new preciuos metals",0.0
WL,Aluminium and aluminium products,54463.030711037616
WL,"Secondary aluminium for treatment, Re-processing of secondary aluminium into new aluminium",0.0
WL,"Lead, zinc and tin and products thereof",50093.884045495186
WL,"Secondary lead for treatment, Re-processing of secondary lead into new lead",0.0
WL,Copper products,85244.98720449924
WL,"Secondary copper for treatment, Re-processing of secondary copper into new copper",0.0
WL,Other non-ferrous metal products,206815.9358939622
WL,"Secondary other non-ferrous metals for treatment, Re-processing of secondary other non-ferrous metals into new other non-ferrous metals",0.0
WL,Foundry work services,368730.1114897274
WL,"Fabricated metal products, except machinery and equipment (28)",12352.200276204869
WL,Machinery and equipment n.e.c. (29),146951.45554975214
WL,Office machinery and computers (30),5335.971532599428
WL,Electrical machinery and apparatus n.e.c. (31),8333.644517373861
WL,"Radio, television and communication equipment and apparatus (32)",7755.998657916174
WL,"Medical, precision and optical instruments, watches and clocks (33)",1076606.5891523424
WL,"Motor vehicles, trailers and semi-trailers (34)",16100.749119276259
WL,Other transport equipment (35),9927.886382312523
WL,Furniture; other manufactured goods n.e.c. (36),712671.7556429979
WL,Secondary raw materials,6447189.45215618
WL,"Bottles for treatment, Recycling of bottles by direct reuse",0.0
WL,Electricity by coal,18768406.75902201
WL,Electricity by gas,6984081.451238988
WL,Electricity by nuclear,2302.824671248401
WL,Electricity by hydro,4973.549907288194
WL,Electricity by wind,90521.04503089415
WL,Electricity by petroleum and other oil derivatives,11427923.213755088
WL,Electricity by biomass and waste,6114600.401814894
WL,Electricity by solar photovoltaic,441.42970324571525
WL,Electricity by solar thermal,0.0
WL,"Electricity by tide, wave, ocean",0.0
WL,Electricity by Geothermal,51542.88484974712
WL,Electricity nec,0.0
WL,Transmission services of electricity,12373.702448388753
WL,Distribution and trade services of electricity,3996.7127700268297
WL,Coke oven gas,393452.25015412737
WL,Blast Furnace Gas,1195624.7779546091
WL,Oxygen Steel Furnace Gas,592176.3191226041
WL,Gas Works Gas,0.0
WL,Biogas,1482287.0332188294
WL,Distribution services of gaseous fuels through mains,581051.0037698329
WL,Steam and hot water supply services,0.0
WL,"Collected and purified water, distribution services of water (41)",0.0
WL,Construction work (45),37163.4088400005
WL,"Secondary construction material for treatment, Re-processing of secondary construction material into aggregates",0.0
WL,"Sale, maintenance, repair of motor vehicles, motor vehicles parts, motorcycles, motor cycles parts and accessoiries",77708.54277719735
WL,Retail trade services of motor fuel,231950.97459123385
WL,"Wholesale trade and commission trade services, except of motor vehicles and motorcycles (51)",31607.752869240772
WL,"Retail  trade services, except of motor vehicles and motorcycles; repair services of personal and household goods (52)",17508.339964136747
WL,Hotel and restaurant services (55),13573.495334998848
WL,Railway transportation services,77356.65474033456
WL,Other land transportation services,79444.77640382964
WL,Transportation services via pipelines,394330.23998219974
WL,Sea and coastal water transportation services,1944681.8347374066
WL,Inland water transportation services,1384301.720297095
WL,Air transport services (62),599630.1903071463
WL,Supporting and auxiliary transport services; travel agency services (63),63120.163842339825
WL,Post and telecommunication services (64),15125.038405901374
WL,"Financial intermediation services, except insurance and pension funding services (65)",15899.456463517437
WL,"Insurance and pension funding services, except compulsory social security services (66)",98237.91530328461
WL,Services auxiliary to financial intermediation (67),37658.90617319876
WL,Real estate services (70),6127.775768381463
WL,Renting services of machinery and equipment without operator and of personal and household goods (71),30369.47249784652
WL,Computer and related services (72),9722.74363447457
WL,Research and development services (73),191252.59361748787
WL,Other business services (74),24370.314064654107
WL,Public administration and defence services; compulsory social security services (75),14844.455229431529
WL,Education services (80),50119.322443551915
WL,Health and social work services (85),3361.7156081390103
WL,Food waste for treatment: incineration,6447181.322158252
WL,Paper waste for treatment: incineration,6447184.476448666
WL,Plastic waste for treatment: incineration,6447189.18747343
WL,Intert/metal waste for treatment: incineration,81733.33357539741
WL,Textiles waste for treatment: incineration,6447187.5142807085
WL,Wood waste for treatment: incineration,3463649.296654122
WL,Oil/hazardous waste for treatment: incineration,322865.8378507034
WL,Food waste for treatment: biogasification and land application,6447188.210927721
WL,Paper waste for treatment: biogasification and land application,20944.32531390345
WL,Sewage sludge for treatment: biogasification and land application,322865.8313608863
WL,Food waste for treatment: composting and land application,322865.8305914204
WL,Paper and wood waste for treatment: composting and land application,8491.666144211487
WL,Food waste for treatment: waste water treatment,274611.1704816479
WL,Other waste for treatment: waste water treatment,767767.6461678877
WL,Food waste for treatment: landfill,274611.19135055796
WL,Paper for treatment: landfill,322865.8212977567
WL,Plastic waste for treatment: landfill,6447189.921502116
WL,Inert/metal/hazardous waste for treatment: landfill,1440971.3399040576
WL,Textiles waste for treatment: landfill,29038.808397402016
WL,Wood waste for treatment: landfill,6447190.41065006
WL,Membership organisation services n.e.c. (91),12200.204756362367
WL,"Recreational, cultural and sporting services (92)",12889.895019135383
WL,Other services (93),23101.403737561734
WL,Private households with employed persons (95),10530.242316557318
WL,Extra-territorial organizations and bodies,0.0
WE,Paddy rice,168349.0017540977
WE,Wheat,3317386.13373068
WE,Cereal grains nec,1970258.0584533203
WE,"Vegetables, fruit, nuts",320631.94564225496
WE,Oil seeds,1394938.687744677
WE,"Sugar cane, sugar beet",1088707.6830280176
WE,Plant-based fibers,140937.6211328499
WE,Crops nec,949960.9044994614
WE,Cattle,2533862.006956369
WE,Pigs,722582.5656065082
WE,Poultry,419473.1022904746
WE,Meat animals nec,2073686.275693162
WE,Animal products nec,385629.40637334215
WE,Raw milk,8524006.720583577
WE,"Wool, silk-worm cocoons",738609.9062179321
WE,Manure (conventional treatment),0.0
WE,Manure (biogas treatment),0.0
WE,"Products of forestry, logging and related services (02)",210110.7583370813
WE,Fish and other fishing products; services incidental of fishing (05),594697.3626014957
WE,Anthracite,172485.05962794292
WE,Coking Coal,169684.38612683237
WE,Other Bituminous Coal,205603.9748690441
WE,Sub-Bituminous Coal,169787.58147442064
WE,Patent Fuel,0.0
WE,Lignite/Brown Coal,173810.10525763832
WE,BKB/Peat Briquettes,180638.33984764773
WE,Peat,222421.6713075774
WE,"Crude petroleum and services related to crude oil extraction, excluding surveying",229021.49578556442
WE,"Natural gas and services related to natural gas extraction, excluding surveying",244613.26868705696
WE,Natural Gas Liquids,244036.79386429745
WE,Other Hydrocarbons,47581.055268143515
WE,Uranium and thorium ores (12),19815.83253664546
WE,Iron ores,199227.58653751088
WE,Copper ores and concentrates,214137.91947090015
WE,Nickel ores and concentrates,103296.72166527934
WE,Aluminium ores and concentrates,355448.5633515352
WE,Precious metal ores and concentrates,85837.79174963468
WE,"Lead, zinc and tin ores and concentrates",3014755.1318314206
WE,Other non-ferrous metal ores and concentrates,285498.2909171117
WE,Stone,369532.6167683709
WE,Sand and clay,1489175.20090175
WE,"Chemical and fertilizer minerals, salt and other mining and quarrying products n.e.c.",386758.38762951875
WE,Products of meat cattle,113902.14062227788
WE,Products of meat pigs,259320.12135175525
WE,Products of meat poultry,122337.85113558303
WE,Meat products nec,59493.771676813914
WE,products of Vegetable oils and fats,101523.08811157219
WE,Dairy products,48479.19842062261
WE,Processed rice,317658.87770393206
WE,Sugar,236578.98650631603
WE,Food products nec,45517.17026004718
WE,Beverages,72525.98035917582
WE,Fish products,274470.7479199032
WE,Tobacco products (16),752811.6704201561
WE,Textiles (17),43164.31281806091
WE,Wearing apparel; furs (18),43279.162885216996
WE,Leather and leather products (19),74280.1366048382
WE,Wood and products of wood and cork (except furniture); articles of straw and plaiting materials (20),135174.3688749427
WE,"Wood material for treatment, Re-processing of secondary wood material into new wood material",0.0
WE,Pulp,111845.32729320327
WE,"Secondary paper for treatment, Re-processing of secondary paper into new pulp",0.0
WE,Paper and paper products,151944.15192537723
WE,Printed matter and recorded media (22),33790.920478619766
WE,Coke Oven Coke,289578.8472849536
WE,Gas Coke,0.0
WE,Coal Tar,1053917.271359669
WE,Motor Gasoline,187100.77796657386
WE,Aviation Gasoline,564464.6888107659
WE,Gasoline Type Jet Fuel,0.0
WE,Kerosene Type Jet Fuel,279827.23736935214
WE,Kerosene,254061.3890986854
WE,Gas/Diesel Oil,192980.03582657222
WE,Heavy Fuel Oil,209803.43716352698
WE,Refinery Gas,417945.2792815167
WE,Liquefied Petroleum Gases (LPG),249527.1495481395
WE,Refinery Feedstocks,211615.98835200584
WE,Ethane,0.0
WE,Naphtha,252152.8782281406
WE,White Spirit & SBP,0.0
WE,Lubricants,204058.1054959419
WE,Bitumen,264648.079032058
WE,Paraffin Waxes,0.0
WE,Petroleum Coke,374455.39634872985
WE,Non-specified Petroleum Products,414706.934485092
WE,Nuclear fuel,1.2912622290814175
WE,"Plastics, basic",181249.71020633783
WE,"Secondary plastic for treatment, Re-processing of secondary plastic into new plastic",0.0
WE,N-fertiliser,417871.9681010834
WE,P- and other fertiliser,678131.4743025694
WE,Chemicals nec,303327.51536498684
WE,Charcoal,510874.28793229116
WE,Additives/Blending Components,815743.9290854925
WE,Biogasoline,361481.1851816787
WE,Biodiesels,391649.3145165747
WE,Other Liquid Biofuels,0.0
WE,Rubber and plastic products (25),68881.8506153866
WE,Glass and glass products,590175.3912466665
WE,"Secondary glass for treatment, Re-processing of secondary glass into new glass",0.0
WE,Ceramic goods,1836669.8608419476
WE,"Bricks, tiles and construction products, in baked clay",1580120.6621167914
WE,"Cement, lime and plaster",1249216.0880637437
WE,"Ash for treatment, Re-processing of ash into clinker",0.0
WE,Other non-metallic mineral products,1021836.554476893
WE,Basic iron and steel and of ferro-alloys and first products thereof,3609971.6680257064
WE,"Secondary steel for treatment, Re-processing of secondary steel into new steel",0.0
WE,Precious metals,99014.87981678343
WE,"Secondary preciuos metals for treatment, Re-processing of secondary preciuos metals into new preciuos metals",0.0
WE,Aluminium and aluminium products,208079.80519002935
WE,"Secondary aluminium for treatment, Re-processing of secondary aluminium into new aluminium",0.0
WE,"Lead, zinc and tin and products thereof",216547.89058516463
WE,"Secondary lead for treatment, Re-processing of secondary lead into new lead",0.0
WE,Copper products,255186.2859368016
WE,"Secondary copper for treatment, Re-processing of secondary copper into new copper",0.0
WE,Other non-ferrous metal products,66312.0118046558
WE,"Secondary other non-ferrous metals for treatment, Re-processing of secondary other non-ferrous metals into new other non-ferrous metals",0.0
WE,Foundry work services,4249782.627791294
WE,"Fabricated metal products, except machinery and equipment (28)",28074.71202006239
WE,Machinery and equipment n.e.c. (29),0.0
WE,Office machinery and computers (30),174519.95914546173
WE,Electrical machinery and apparatus n.e.c. (31),48796.665184327656
WE,"Radio, television and communication equipment and apparatus (32)",72226.48928879928
WE,"Medical, precision and optical instruments, watches and clocks (33)",70116.66788328384
WE,"Motor vehicles, trailers and semi-trailers (34)",13795.841202853613
WE,Other transport equipment (35),60189.23016894495
WE,Furniture; other manufactured goods n.e.c. (36),119556.76669339965
WE,Secondary raw materials,0.0
WE,"Bottles for treatment, Recycling of bottles by direct reuse",0.0
WE,Electricity by coal,56183634.83952071
WE,Electricity by gas,29154863.811238304
WE,Electricity by nuclear,3620.3047237370615
WE,Electricity by hydro,12724.026167807575
WE,Electricity by wind,3992.450035053593
WE,Electricity by petroleum and other oil derivatives,48184812.473943666
WE,Electricity by biomass and waste,460516.59239286504
WE,Electricity by solar photovoltaic,264.00710625064994
WE,Electricity by solar thermal,0.0
WE,"Electricity by tide, wave, ocean",0.0
WE,Electricity by Geothermal,25557.50899211037
WE,Electricity nec,0.0
WE,Transmission services of electricity,16023.542578611157
WE,Distribution and trade services of electricity,5804.226497925166
WE,Coke oven gas,3519998.748355057
WE,Blast Furnace Gas,3484834.9437488564
WE,Oxygen Steel Furnace Gas,0.0
WE,Gas Works Gas,3907614.065777561
WE,Biogas,4889694.636484058
WE,Distribution services of gaseous fuels through mains,3491961.9747101674
WE,Steam and hot water supply services,48333126.02012034
WE,"Collected and purified water, distribution services of water (41)",0.0
WE,Construction work (45),85749.24044654662
WE,"Secondary construction material for treatment, Re-processing of secondary construction material into aggregates",0.0
WE,"Sale, maintenance, repair of motor vehicles, motor vehicles parts, motorcycles, motor cycles parts and accessoiries",59188.88455078965
WE,Retail trade services of motor fuel,96109.53003657759
WE,"Wholesale trade and commission trade services, except of motor vehicles and motorcycles (51)",50530.159987939915
WE,"Retail  trade services, except of motor vehicles and motorcycles; repair services of personal and household goods (52)",81228.12156146839
WE,Hotel and restaurant services (55),21956.536280277793
WE,Railway transportation services,633750.732080053
WE,Other land transportation services,89647.39318475164
WE,Transportation services via pipelines,2846799.596319151
WE,Sea and coastal water transportation services,662260.1243622868
WE,Inland water transportation services,523290.4097215926
WE,Air transport services (62),301031.4593373133
WE,Supporting and auxiliary transport services; travel agency services (63),80364.79795799084
WE,Post and telecommunication services (64),24616.131651348693
WE,"Financial intermediation services, except insurance and pension funding services (65)",38818.31268533452
WE,"Insurance and pension funding services, except compulsory social security services (66)",68778.91069914107
WE,Services auxiliary to financial intermediation (67),43733.43602972152
WE,Real estate services (70),70986.27763917406
WE,Renting services of machinery and equipment without operator and of personal and household goods (71),0.0
WE,Computer and related services (72),52295.22905588601
WE,Research and development services (73),153303.8715129159
WE,Other business services (74),16185.176185311519
WE,Public administration and defence services; compulsory social security services (75),29249.737595254534
WE,Education services (80),17195.853756106448
WE,Health and social work services (85),10841.327666437906
WE,Food waste for treatment: incineration,0.0
WE,Paper waste for treatment: incineration,0.0
WE,Plastic waste for treatment: incineration,0.0
WE,Intert/metal waste for treatment: incineration,0.0
WE,Textiles waste for treatment: incineration,0.0
WE,Wood waste for treatment: incineration,0.0
WE,Oil/hazardous waste for treatment: incineration,0.0
WE,Food waste for treatment: biogasification and land application,0.0
WE,Paper waste for treatment: biogasification and land application,0.0
WE,Sewage sludge for treatment: biogasification and land application,0.0
WE,Food waste for treatment: composting and land application,0.0
WE,Paper and wood waste for treatment: composting and land application,0.0
WE,Food waste for treatment: waste water treatment,0.0
WE,Other waste for treatment: waste water treatment,0.0
WE,Food waste for treatment: landfill,0.0
WE,Paper for treatment: landfill,0.0
WE,Plastic waste for treatment: landfill,0.0
WE,Inert/metal/hazardous waste for treatment: landfill,0.0
WE,Textiles waste for treatment: landfill,0.0
WE,Wood waste for treatment: landfill,0.0
WE,Membership organisation services n.e.c. (91),299705.2215089231
WE,"Recreational, cultural and sporting services (92)",319353.170797272
WE,Other services (93),153254.45175567825
WE,Private households with employed persons (95),703878.3964412524
WE,Extra-territorial organizations and bodies,0.0
WF,Paddy rice,4108454.464075799
WF,Wheat,435488.7693026917
WF,Cereal grains nec,847345.8339740068
WF,"Vegetables, fruit, nuts",154782.9045003896
WF,Oil seeds,390590.44586302177
WF,"Sugar cane, sugar beet",1249807.5428474292
WF,Plant-based fibers,990623.8776652698
WF,Crops nec,303522.9934616649
WF,Cattle,16824734.49648911
WF,Pigs,1120157.3478142002
WF,Poultry,789779.9922673419
WF,Meat animals nec,2986687.19565484
WF,Animal products nec,496044.6070058136
WF,Raw milk,19317671.45928786
WF,"Wool, silk-worm cocoons",100659.36254300922
WF,Manure (conventional treatment),0.0
WF,Manure (biogas treatment),0.0
WF,"Products of forestry, logging and related services (02)",1180114.129252558
WF,Fish and other fishing products; services incidental of fishing (05),65906.46945691037
WF,Anthracite,8663397.205590064
WF,Coking Coal,8466045.238597034
WF,Other Bituminous Coal,6155565.689730262
WF,Sub-Bituminous Coal,0.0
WF,Patent Fuel,0.0
WF,Lignite/Brown Coal,8644798.143051201
WF,BKB/Peat Briquettes,8578513.635378402
WF,Peat,8511218.233817792
WF,"Crude petroleum and services related to crude oil extraction, excluding surveying",44337.71895257755
WF,"Natural gas and services related to natural gas extraction, excluding surveying",598335.4347464564
WF,Natural Gas Liquids,609127.8678158789
WF,Other Hydrocarbons,2887604.704354256
WF,Uranium and thorium ores (12),173338.69021030792
WF,Iron ores,851390.072989999
WF,Copper ores and concentrates,270459.5436186529
WF,Nickel ores and concentrates,295840.3705025356
WF,Aluminium ores and concentrates,7654208.86223233
WF,Precious metal ores and concentrates,262879.73404128145
WF,"Lead, zinc and tin ores and concentrates",1036059.36228055
WF,Other non-ferrous metal ores and concentrates,849331.7854289551
WF,Stone,295828.2736632833
WF,Sand and clay,327583.83992883016
WF,"Chemical and fertilizer minerals, salt and other mining and quarrying products n.e.c.",74624.62823465724
WF,Products of meat cattle,189668.19347543092
WF,Products of meat pigs,123573.59450884358
WF,Products of meat poultry,127768.5295526087
WF,Meat products nec,181620.03129727353
WF,products of Vegetable oils and fats,104203.632828947
WF,Dairy products,74827.38983305084
WF,Processed rice,304560.7409757345
WF,Sugar,234175.7102865588
WF,Food products nec,164911.01788659857
WF,Beverages,299476.22610122815
WF,Fish products,165148.70722412213
WF,Tobacco products (16),307892.5960366087
WF,Textiles (17),23893.492612605554
WF,Wearing apparel; furs (18),30400.644078979236
WF,Leather and leather products (19),45782.73099564587
WF,Wood and products of wood and cork (except furniture); articles of straw and plaiting materials (20),73931.43394939763
WF,"Wood material for treatment, Re-processing of secondary wood material into new wood material",0.0
WF,Pulp,167798.2995877107
WF,"Secondary paper for treatment, Re-processing of secondary paper into new pulp",0.0
WF,Paper and paper products,77403.36280151478
WF,Printed matter and recorded media (22),30296.973927963678
WF,Coke Oven Coke,1811235.5675053846
WF,Gas Coke,0.0
WF,Coal Tar,0.0
WF,Motor Gasoline,188577.68506406684
WF,Aviation Gasoline,1053207.0921420038
WF,Gasoline Type Jet Fuel,0.0
WF,Kerosene Type Jet Fuel,193695.35626214332
WF,Kerosene,214652.61663881922
WF,Gas/Diesel Oil,185187.82031882857
WF,Heavy Fuel Oil,212038.95916574565
WF,Refinery Gas,464571.0361896087
WF,Liquefied Petroleum Gases (LPG),191346.7944183451
WF,Refinery Feedstocks,184505.84464098446
WF,Ethane,0.0
WF,Naphtha,186777.69987565864
WF,White Spirit & SBP,346231.92716537346
WF,Lubricants,190743.62278533005
WF,Bitumen,603484.2307086143
WF,Paraffin Waxes,0.0
WF,Petroleum Coke,552032.9673960002
WF,Non-specified Petroleum Products,522362.57825948636
WF,Nuclear fuel,12.700564920600677
WF,"Plastics, basic",177512.8372260056
WF,"Secondary plastic for treatment, Re-processing of secondary plastic into new plastic",0.0
WF,N-fertiliser,1109904.3379542674
WF,P- and other fertiliser,341413.50848635065
WF,Chemicals nec,295827.66301830404
WF,Charcoal,194944.13227113464
WF,Additives/Blending Components,0.0
WF,Biogasoline,385654.5788207768
WF,Biodiesels,0.0
WF,Other Liquid Biofuels,0.0
WF,Rubber and plastic products (25),2720853.194252028
WF,Glass and glass products,1022640.2227858191
WF,"Secondary glass for treatment, Re-processing of secondary glass into new glass",0.0
WF,Ceramic goods,648285.3626458043
WF,"Bricks, tiles and construction products, in baked clay",239785.82304980775
WF,"Cement, lime and plaster",834169.3783793212
WF,"Ash for treatment, Re-processing of ash into clinker",0.0
WF,Other non-metallic mineral products,1521845.6033666674
WF,Basic iron and steel and of ferro-alloys and first products thereof,324222.77161934297
WF,"Secondary steel for treatment, Re-processing of secondary steel into new steel",0.0
WF,Precious metals,154594.43688332598
WF,"Secondary preciuos metals for treatment, Re-processing of secondary preciuos metals into new preciuos metals",0.0
WF,Aluminium and aluminium products,216776.46315592882
WF,"Secondary aluminium for treatment, Re-processing of secondary aluminium into new aluminium",0.0
WF,"Lead, zinc and tin and products thereof",78124.5136220114
WF,"Secondary lead for treatment, Re-processing of secondary lead into new lead",0.0
WF,Copper products,54591.930861830995
WF,"Secondary copper for treatment, Re-processing of secondary copper into new copper",0.0
WF,Other non-ferrous metal products,59550.21196304535
WF,"Secondary other non-ferrous metals for treatment, Re-processing of secondary other non-ferrous metals into new other non-ferrous metals",0.0
WF,Foundry work services,487866.13040737517
WF,"Fabricated metal products, except machinery and equipment (28)",25044.216444523314
WF,Machinery and equipment n.e.c. (29),0.0
WF,Office machinery and computers (30),13826.603524833363
WF,Electrical machinery and apparatus n.e.c. (31),21828.843797354406
WF,"Radio, television and communication equipment and apparatus (32)",14278.433431709887
WF,"Medical, precision and optical instruments, watches and clocks (33)",1802308.2224843584
WF,"Motor vehicles, trailers and semi-trailers (34)",32513.090540470155
WF,Other transport equipment (35),9945.59187015835
WF,Furniture; other manufactured goods n.e.c. (36),2903859.8283807123
WF,Secondary raw materials,0.0
WF,"Bottles for treatment, Recycling of bottles by direct reuse",0.0
WF,Electricity by coal,17136957.881138537
WF,Electricity by gas,6629680.357793314
WF,Electricity by nuclear,0.0
WF,Electricity by hydro,6970.208856431711
WF,Electricity by wind,240.24446075696238
WF,Electricity by petroleum and other oil derivatives,12329374.704973951
WF,Electricity by biomass and waste,6131323.404618267
WF,Electricity by solar photovoltaic,24881.10593332163
WF,Electricity by solar thermal,242.4466301288613
WF,"Electricity by tide, wave, ocean",0.0
WF,Electricity by Geothermal,6825.734191199584
WF,Electricity nec,0.0
WF,Transmission services of electricity,24925.292165330433
WF,Distribution and trade services of electricity,6004.764091144885
WF,Coke oven gas,6494628.341427051
WF,Blast Furnace Gas,5974296.411153869
WF,Oxygen Steel Furnace Gas,3166253.8541118354
WF,Gas Works Gas,0.0
WF,Biogas,7495362.29527302
WF,Distribution services of gaseous fuels through mains,165044.32539642288
WF,Steam and hot water supply services,0.0
WF,"Collected and purified water, distribution services of water (41)",68468.63197050565
WF,Construction work (45),79792.39747673791
WF,"Secondary construction material for treatment, Re-processing of secondary construction material into aggregates",0.0
WF,"Sale, maintenance, repair of motor vehicles, motor vehicles parts, motorcycles, motor cycles parts and accessoiries",126007.74789079542
WF,Retail trade services of motor fuel,234163.58158885647
WF,"Wholesale trade and commission trade services, except of motor vehicles and motorcycles (51)",42142.02045351027
WF,"Retail  trade services, except of motor vehicles and motorcycles; repair services of personal and household goods (52)",43863.79340780937
WF,Hotel and restaurant services (55),38781.533949852346
WF,Railway transportation services,244053.4174663617
WF,Other land transportation services,567062.2015361674
WF,Transportation services via pipelines,545512.6468899786
WF,Sea and coastal water transportation services,450620.8027789927
WF,Inland water transportation services,1125494.2589254633
WF,Air transport services (62),377145.4996127516
WF,Supporting and auxiliary transport services; travel agency services (63),174234.18679023537
WF,Post and telecommunication services (64),35673.78361501206
WF,"Financial intermediation services, except insurance and pension funding services (65)",30267.74456154033
WF,"Insurance and pension funding services, except compulsory social security services (66)",85119.27841060616
WF,Services auxiliary to financial intermediation (67),66751.04411024714
WF,Real estate services (70),27925.930300613763
WF,Renting services of machinery and equipment without operator and of personal and household goods (71),98802.82049416841
WF,Computer and related services (72),45934.334481376085
WF,Research and development services (73),286025.7952847367
WF,Other business services (74),36252.198053123866
WF,Public administration and defence services; compulsory social security services (75),74437.67885752927
WF,Education services (80),111793.65227053408
WF,Health and social work services (85),31321.494567414713
WF,Food waste for treatment: incineration,0.0
WF,Paper waste for treatment: incineration,0.0
WF,Plastic waste for treatment: incineration,0.0
WF,Intert/metal waste for treatment: incineration,0.0
WF,Textiles waste for treatment: incineration,0.0
WF,Wood waste for treatment: incineration,0.0
WF,Oil/hazardous waste for treatment: incineration,0.0
WF,Food waste for treatment: biogasification and land application,0.0
WF,Paper waste for treatment: biogasification and land application,0.0
WF,Sewage sludge for treatment: biogasification and land application,0.0
WF,Food waste for treatment: composting and land application,0.0
WF,Paper and wood waste for treatment: composting and land application,0.0
WF,Food waste for treatment: waste water treatment,68468.63207018242
WF,Other waste for treatment: waste water treatment,0.0
WF,Food waste for treatment: landfill,309591.647877383
WF,Paper for treatment: landfill,98802.81908894202
WF,Plastic waste for treatment: landfill,98802.81906344974
WF,Inert/metal/hazardous waste for treatment: landfill,0.0
WF,Textiles waste for treatment: landfill,0.0
WF,Wood waste for treatment: landfill,0.0
WF,Membership organisation services n.e.c. (91),99258.31982527953
WF,"Recreational, cultural and sporting services (92)",69560.64743166961
WF,Other services (93),102199.7067613021
WF,Private households with employed persons (95),25167.081715539134
WF,Extra-territorial organizations and bodies,0.0
WM,Paddy rice,1724648.3345573572
WM,Wheat,1783520.6177209062
WM,Cereal grains nec,928186.7226056544
WM,"Vegetables, fruit, nuts",404754.21646826353
WM,Oil seeds,726263.1480974376
WM,"Sugar cane, sugar beet",3028873.7404873027
WM,Plant-based fibers,1939372.6668496614
WM,Crops nec,965799.316326885
WM,Cattle,2722164.7588823405
WM,Pigs,1148326.9011954335
WM,Poultry,882506.4639650638
WM,Meat animals nec,1670621.6604086014
WM,Animal products nec,2123883.130931293
WM,Raw milk,1716476.7360263257
WM,"Wool, silk-worm cocoons",3341045.29279979
WM,Manure (conventional treatment),0.0
WM,Manure (biogas treatment),0.0
WM,"Products of forestry, logging and related services (02)",6042725.3973608725
WM,Fish and other fishing products; services incidental of fishing (05),111200.56720395212
WM,Anthracite,0.0
WM,Coking Coal,16050933.463912062
WM,Other Bituminous Coal,31644343.414116006
WM,Sub-Bituminous Coal,0.0
WM,Patent Fuel,0.0
WM,Lignite/Brown Coal,0.0
WM,BKB/Peat Briquettes,0.0
WM,Peat,0.0
WM,"Crude petroleum and services related to crude oil extraction, excluding surveying",83064.33434440267
WM,"Natural gas and services related to natural gas extraction, excluding surveying",899490.4693482306
WM,Natural Gas Liquids,894978.3544365877
WM,Other Hydrocarbons,6939105.64625451
WM,Uranium and thorium ores (12),0.0
WM,Iron ores,76492.19648330577
WM,Copper ores and concentrates,632334.829369373
WM,Nickel ores and concentrates,0.0
WM,Aluminium ores and concentrates,312439.24014897423
WM,Precious metal ores and concentrates,0.0
WM,"Lead, zinc and tin ores and concentrates",34793.334547274775
WM,Other non-ferrous metal ores and concentrates,634150.2841038376
WM,Stone,363865.608407699
WM,Sand and clay,632335.1591630297
WM,"Chemical and fertilizer minerals, salt and other mining and quarrying products n.e.c.",0.0
WM,Products of meat cattle,523466.8663079994
WM,Products of meat pigs,463709.6402578397
WM,Products of meat poultry,31625.403339551096
WM,Meat products nec,352145.390365726
WM,products of Vegetable oils and fats,377213.6483621624
WM,Dairy products,248270.466742793
WM,Processed rice,110062.33134313428
WM,Sugar,5735756.427680932
WM,Food products nec,76988.3134657128
WM,Beverages,169104.3055362013
WM,Fish products,282736.292197955
WM,Tobacco products (16),343675.49479029316
WM,Textiles (17),40116.52387807004
WM,Wearing apparel; furs (18),100039.01760496925
WM,Leather and leather products (19),198807.31774732444
WM,Wood and products of wood and cork (except furniture); articles of straw and plaiting materials (20),233290.10994160184
WM,"Wood material for treatment, Re-processing of secondary wood material into new wood material",0.0
WM,Pulp,469649.6197266218
WM,"Secondary paper for treatment, Re-processing of secondary paper into new pulp",0.0
WM,Paper and paper products,82596.53112025102
WM,Printed matter and recorded media (22),66828.3611103169
WM,Coke Oven Coke,4696123.086560564
WM,Gas Coke,1983224.4648494832
WM,Coal Tar,501223.3149364693
WM,Motor Gasoline,578145.3844990294
WM,Aviation Gasoline,603737.760762211
WM,Gasoline Type Jet Fuel,0.0
WM,Kerosene Type Jet Fuel,579119.0185447617
WM,Kerosene,580366.8128125604
WM,Gas/Diesel Oil,570305.185224189
WM,Heavy Fuel Oil,585052.930787445
WM,Refinery Gas,853747.9753325385
WM,Liquefied Petroleum Gases (LPG),596308.772684458
WM,Refinery Feedstocks,691314.2154506019
WM,Ethane,578571.2977091795
WM,Naphtha,592964.1737156396
WM,White Spirit & SBP,622491.4151462152
WM,Lubricants,764054.7509208946
WM,Bitumen,777650.9131246615
WM,Paraffin Waxes,845529.160827033
WM,Petroleum Coke,843615.3212883516
WM,Non-specified Petroleum Products,601532.5445002378
WM,Nuclear fuel,0.0
WM,"Plastics, basic",1604485.4767405475
WM,"Secondary plastic for treatment, Re-processing of secondary plastic into new plastic",0.0
WM,N-fertiliser,1041470.518936825
WM,P- and other fertiliser,277905.3377531439
WM,Chemicals nec,561151.8537500475
WM,Charcoal,702305.1516303259
WM,Additives/Blending Components,0.0
WM,Biogasoline,0.0
WM,Biodiesels,0.0
WM,Other Liquid Biofuels,798901.9845535873
WM,Rubber and plastic products (25),626602.9870461499
WM,Glass and glass products,572779.519737745
WM,"Secondary glass for treatment, Re-processing of secondary glass into new glass",0.0
WM,Ceramic goods,629570.9128301769
WM,"Bricks, tiles and construction products, in baked clay",1172055.8583769652
WM,"Cement, lime and plaster",1866371.6050215364
WM,"Ash for treatment, Re-processing of ash into clinker",0.0
WM,Other non-metallic mineral products,329375.5564326549
WM,Basic iron and steel and of ferro-alloys and first products thereof,222919.0031880489
WM,"Secondary steel for treatment, Re-processing of secondary steel into new steel",0.0
WM,Precious metals,134662.86442843705
WM,"Secondary preciuos metals for treatment, Re-processing of secondary preciuos metals into new preciuos metals",0.0
WM,Aluminium and aluminium products,146756.60590565277
WM,"Secondary aluminium for treatment, Re-processing of secondary aluminium into new aluminium",0.0
WM,"Lead, zinc and tin and products thereof",258234.1131648943
WM,"Secondary lead for treatment, Re-processing of secondary lead into new lead",0.0
WM,Copper products,210067.16272261058
WM,"Secondary copper for treatment, Re-processing of secondary copper into new copper",0.0
WM,Other non-ferrous metal products,633679.9447183686
WM,"Secondary other non-ferrous metals for treatment, Re-processing of secondary other non-ferrous metals into new other non-ferrous metals",0.0
WM,Foundry work services,621063.963031174
WM,"Fabricated metal products, except machinery and equipment (28)",16169.477539950045
WM,Machinery and equipment n.e.c. (29),80366.60746652643
WM,Office machinery and computers (30),109090.51163882478
WM,Electrical machinery and apparatus n.e.c. (31),10500.651698412508
WM,"Radio, television and communication equipment and apparatus (32)",9397.7413833514
WM,"Medical, precision and optical instruments, watches and clocks (33)",13975908.079203766
WM,"Motor vehicles, trailers and semi-trailers (34)",9028.700400935255
WM,Other transport equipment (35),54058.20084546791
WM,Furniture; other manufactured goods n.e.c. (36),5153815.680062301
WM,Secondary raw materials,258615.59890195774
WM,"Bottles for treatment, Recycling of bottles by direct reuse",0.0
WM,Electricity by coal,20743766.672697544
WM,Electricity by gas,9588915.139085755
WM,Electricity by nuclear,1178.9749912558243
WM,Electricity by hydro,257294.79800629173
WM,Electricity by wind,280847.60030725173
WM,Electricity by petroleum and other oil derivatives,15605042.361711264
WM,Electricity by biomass and waste,95024.85448533625
WM,Electricity by solar photovoltaic,21430.10533442876
WM,Electricity by solar thermal,0.0
WM,"Electricity by tide, wave, ocean",0.0
WM,Electricity by Geothermal,0.0
WM,Electricity nec,0.0
WM,Transmission services of electricity,901119.9680764242
WM,Distribution and trade services of electricity,53759.69990912869
WM,Coke oven gas,442588.2138335341
WM,Blast Furnace Gas,28034357.81703979
WM,Oxygen Steel Furnace Gas,26776662.570058495
WM,Gas Works Gas,447095.8191336995
WM,Biogas,30360869.67418334
WM,Distribution services of gaseous fuels through mains,943965.1818502907
WM,Steam and hot water supply services,0.0
WM,"Collected and purified water, distribution services of water (41)",134486.13991509966
WM,Construction work (45),35947.93389687515
WM,"Secondary construction material for treatment, Re-processing of secondary construction material into aggregates",0.0
WM,"Sale, maintenance, repair of motor vehicles, motor vehicles parts, motorcycles, motor cycles parts and accessoiries",68197.47390596326
WM,Retail trade services of motor fuel,984762.6646043897
WM,"Wholesale trade and commission trade services, except of motor vehicles and motorcycles (51)",77091.24745206542
WM,"Retail  trade services, except of motor vehicles and motorcycles; repair services of personal and household goods (52)",38473.821461199674
WM,Hotel and restaurant services (55),27426.405463658677
WM,Railway transportation services,132478.70801250797
WM,Other land transportation services,8396.361592700623
WM,Transportation services via pipelines,369719.0773040454
WM,Sea and coastal water transportation services,3023471.639635192
WM,Inland water transportation services,64691.25063292559
WM,Air transport services (62),1524479.3104919395
WM,Supporting and auxiliary transport services; travel agency services (63),133553.86460153744
WM,Post and telecommunication services (64),70205.86410753473
WM,"Financial intermediation services, except insurance and pension funding services (65)",11588.989728833794
WM,"Insurance and pension funding services, except compulsory social security services (66)",30747.29502390985
WM,Services auxiliary to financial intermediation (67),33817.193649450244
WM,Real estate services (70),11479.53590297197
WM,Renting services of machinery and equipment without operator and of personal and household goods (71),195577.97642367517
WM,Computer and related services (72),32487.834280561816
WM,Research and development services (73),385423.0621589175
WM,Other business services (74),18938.267940360674
WM,Public administration and defence services; compulsory social security services (75),364273.4074815029
WM,Education services (80),30054.96679253805
WM,Health and social work services (85),19399.888501248824
WM,Food waste for treatment: incineration,1821408.313954214
WM,Paper waste for treatment: incineration,1821407.8904007396
WM,Plastic waste for treatment: incineration,982931.2064426019
WM,Intert/metal waste for treatment: incineration,60194.60869765481
WM,Textiles waste for treatment: incineration,1211229.3154198204
WM,Wood waste for treatment: incineration,1821408.6685296397
WM,Oil/hazardous waste for treatment: incineration,1821408.714769465
WM,Food waste for treatment: biogasification and land application,465701.63715844165
WM,Paper waste for treatment: biogasification and land application,465701.50904904725
WM,Sewage sludge for treatment: biogasification and land application,255983.78403006587
WM,Food waste for treatment: composting and land application,1821408.7513388793
WM,Paper and wood waste for treatment: composting and land application,363865.3712080648
WM,Food waste for treatment: waste water treatment,1821406.651575186
WM,Other waste for treatment: waste water treatment,632335.035535295
WM,Food waste for treatment: landfill,1821407.4419281536
WM,Paper for treatment: landfill,1821406.716556266
WM,Plastic waste for treatment: landfill,459715.3200737975
WM,Inert/metal/hazardous waste for treatment: landfill,1821407.563310429
WM,Textiles waste for treatment: landfill,4197987.137570904
WM,Wood waste for treatment: landfill,459715.2332704762
WM,Membership organisation services n.e.c. (91),78050.57462901383
WM,"Recreational, cultural and sporting services (92)",40859.77552311795
WM,Other services (93),157062.0699816955
WM,Private households with employed persons (95),239585.98104554293
WM,Extra-territorial organizations and bodies,0.0
