region,sector,0
AT,Paddy rice,0.0
AT,Wheat,959342.137061954
AT,Cereal grains nec,1346209.1662825958
AT,"Vegetables, fruit, nuts",298823.35357184795
AT,Oil seeds,478249.7902664391
AT,"Sugar cane, sugar beet",1103015.9719283963
AT,Plant-based fibers,376345.22951625776
AT,Crops nec,1265457.6622748564
AT,Cattle,3574106.500259863
AT,Pigs,549909.9230967069
AT,Poultry,237521.09999181223
AT,Meat animals nec,2572051.7241929737
AT,Animal products nec,938503.0138761996
AT,Raw milk,3203278.8369112564
AT,"Wool, silk-worm cocoons",897229.6408193968
AT,Manure (conventional treatment),0.0
AT,Manure (biogas treatment),0.0
AT,"Products of forestry, logging and related services (02)",218727.64257261614
AT,Fish and other fishing products; services incidental of fishing (05),17879.63345542781
AT,Anthracite,95885.52310569129
AT,Coking Coal,1027200.2776583075
AT,Other Bituminous Coal,105098.2071641834
AT,Sub-Bituminous Coal,33874.211693068224
AT,Patent Fuel,6963764.389431877
AT,Lignite/Brown Coal,758595.4158421746
AT,BKB/Peat Briquettes,2138555.2520101564
AT,Peat,0.0
AT,"Crude petroleum and services related to crude oil extraction, excluding surveying",1685289.4192111255
AT,"Natural gas and services related to natural gas extraction, excluding surveying",298539.07555087603
AT,Natural Gas Liquids,6479147.361935579
AT,Other Hydrocarbons,787660.0415553816
AT,Uranium and thorium ores (12),264748.93612854596
AT,Iron ores,327086.6525756866
AT,Copper ores and concentrates,698208.0333558421
AT,Nickel ores and concentrates,0.0
AT,Aluminium ores and concentrates,2105982.210436886
AT,Precious metal ores and concentrates,457941.21759242873
AT,"Lead, zinc and tin ores and concentrates",621571.765463746
AT,Other non-ferrous metal ores and concentrates,26831.557666737408
AT,Stone,393918.0929128818
AT,Sand and clay,107200.65769151633
AT,"Chemical and fertilizer minerals, salt and other mining and quarrying products n.e.c.",2072852.7828500739
AT,Products of meat cattle,21708.968610650856
AT,Products of meat pigs,49210.288386752974
AT,Products of meat poultry,81617.7357170458
AT,Meat products nec,22754.969437489326
AT,products of Vegetable oils and fats,33613.161186342
AT,Dairy products,36883.64920301114
AT,Processed rice,66138.7816321811
AT,Sugar,37982.88952571507
AT,Food products nec,31256.9426270808
AT,Beverages,133729.5665007667
AT,Fish products,87092.09028007077
AT,Tobacco products (16),208497.23261948436
AT,Textiles (17),22654.097566424498
AT,Wearing apparel; furs (18),19876.248758376227
AT,Leather and leather products (19),14576.270510778126
AT,Wood and products of wood and cork (except furniture); articles of straw and plaiting materials (20),71735.17085289916
AT,"Wood material for treatment, Re-processing of secondary wood material into new wood material",0.0
AT,Pulp,69608.91042691444
AT,"Secondary paper for treatment, Re-processing of secondary paper into new pulp",0.0
AT,Paper and paper products,152526.7281149824
AT,Printed matter and recorded media (22),45433.76007415067
AT,Coke Oven Coke,944004.5704680585
AT,Gas Coke,0.0
AT,Coal Tar,613926.9087018117
AT,Motor Gasoline,289204.39463872486
AT,Aviation Gasoline,289204.6177888875
AT,Gasoline Type Jet Fuel,0.0
AT,Kerosene Type Jet Fuel,289134.17661436065
AT,Kerosene,289204.63551408093
AT,Gas/Diesel Oil,289391.93252383306
AT,Heavy Fuel Oil,135754.67474201374
AT,Refinery Gas,289140.76637477486
AT,Liquefied Petroleum Gases (LPG),297195.48896009783
AT,Refinery Feedstocks,160841.18987483394
AT,Ethane,56266.77406148758
AT,Naphtha,289123.7197277641
AT,White Spirit & SBP,0.0
AT,Lubricants,0.0
AT,Bitumen,151006.7379422168
AT,Paraffin Waxes,54750.32192780526
AT,Petroleum Coke,289204.52193834964
AT,Non-specified Petroleum Products,316812.8351922772
AT,Nuclear fuel,2596.309977047819
AT,"Plastics, basic",229124.60261199455
AT,"Secondary plastic for treatment, Re-processing of secondary plastic into new plastic",0.0
AT,N-fertiliser,35154.22254643791
AT,P- and other fertiliser,146108.77973854612
AT,Chemicals nec,73423.78615962852
AT,Charcoal,160028.69795235965
AT,Additives/Blending Components,0.0
AT,Biogasoline,37891.61330877627
AT,Biodiesels,133778.96128820468
AT,Other Liquid Biofuels,450567.1565961874
AT,Rubber and plastic products (25),16721.21368483671
AT,Glass and glass products,218371.64382797567
AT,"Secondary glass for treatment, Re-processing of secondary glass into new glass",0.0
AT,Ceramic goods,281468.8526220555
AT,"Bricks, tiles and construction products, in baked clay",294506.34537292767
AT,"Cement, lime and plaster",601101.9506199844
AT,"Ash for treatment, Re-processing of ash into clinker",0.0
AT,Other non-metallic mineral products,122126.85535401662
AT,Basic iron and steel and of ferro-alloys and first products thereof,283394.8109996291
AT,"Secondary steel for treatment, Re-processing of secondary steel into new steel",0.0
AT,Precious metals,10607.031539003507
AT,"Secondary preciuos metals for treatment, Re-processing of secondary preciuos metals into new preciuos metals",0.0
AT,Aluminium and aluminium products,33251.62756162467
AT,"Secondary aluminium for treatment, Re-processing of secondary aluminium into new aluminium",0.0
AT,"Lead, zinc and tin and products thereof",136158.78014586668
AT,"Secondary lead for treatment, Re-processing of secondary lead into new lead",0.0
AT,Copper products,15439.110206169256
AT,"Secondary copper for treatment, Re-processing of secondary copper into new copper",0.0
AT,Other non-ferrous metal products,28067.504252755713
AT,"Secondary other non-ferrous metals for treatment, Re-processing of secondary other non-ferrous metals into new other non-ferrous metals",0.0
AT,Foundry work services,960070.8527066351
AT,"Fabricated metal products, except machinery and equipment (28)",16908.8196079717
AT,Machinery and equipment n.e.c. (29),10491.318126820453
AT,Office machinery and computers (30),72914.14764901929
AT,Electrical machinery and apparatus n.e.c. (31),33795.154588728736
AT,"Radio, television and communication equipment and apparatus (32)",14270.379865926181
AT,"Medical, precision and optical instruments, watches and clocks (33)",18188.841257717886
AT,"Motor vehicles, trailers and semi-trailers (34)",17783.373309796778
AT,Other transport equipment (35),13045.60841925314
AT,Furniture; other manufactured goods n.e.c. (36),47781.15015621553
AT,Secondary raw materials,174236.69325635614
AT,"Bottles for treatment, Recycling of bottles by direct reuse",0.0
AT,Electricity by coal,8527840.457450671
AT,Electricity by gas,3266853.6774101295
AT,Electricity by nuclear,0.0
AT,Electricity by hydro,774.795671187369
AT,Electricity by wind,5076.10811929214
AT,Electricity by petroleum and other oil derivatives,280198.48066059384
AT,Electricity by biomass and waste,1116055.2362857203
AT,Electricity by solar photovoltaic,575.6010725727766
AT,Electricity by solar thermal,0.0
AT,"Electricity by tide, wave, ocean",0.0
AT,Electricity by Geothermal,0.0
AT,Electricity nec,0.0
AT,Transmission services of electricity,598.3288293696497
AT,Distribution and trade services of electricity,988.3679518476515
AT,Coke oven gas,2203984.0765470476
AT,Blast Furnace Gas,2190278.82458507
AT,Oxygen Steel Furnace Gas,0.0
AT,Gas Works Gas,1102312.7302748358
AT,Biogas,2183863.352294606
AT,Distribution services of gaseous fuels through mains,1975442.6730984054
AT,Steam and hot water supply services,1191715.086346075
AT,"Collected and purified water, distribution services of water (41)",8960.299924591394
AT,Construction work (45),61199.29935659962
AT,"Secondary construction material for treatment, Re-processing of secondary construction material into aggregates",0.0
AT,"Sale, maintenance, repair of motor vehicles, motor vehicles parts, motorcycles, motor cycles parts and accessoiries",19879.12040959592
AT,Retail trade services of motor fuel,19453.15576816078
AT,"Wholesale trade and commission trade services, except of motor vehicles and motorcycles (51)",26982.376817554825
AT,"Retail  trade services, except of motor vehicles and motorcycles; repair services of personal and household goods (52)",22096.514497989476
AT,Hotel and restaurant services (55),37165.241221243254
AT,Railway transportation services,81137.70089079339
AT,Other land transportation services,54141.90413023487
AT,Transportation services via pipelines,352515.270474716
AT,Sea and coastal water transportation services,806696.0628396716
AT,Inland water transportation services,410987.26043945056
AT,Air transport services (62),413640.5026006282
AT,Supporting and auxiliary transport services; travel agency services (63),34207.44779152715
AT,Post and telecommunication services (64),8298.022614181913
AT,"Financial intermediation services, except insurance and pension funding services (65)",2694.8579658883364
AT,"Insurance and pension funding services, except compulsory social security services (66)",962.8555855656675
AT,Services auxiliary to financial intermediation (67),2600.541487086219
AT,Real estate services (70),11645.697571089737
AT,Renting services of machinery and equipment without operator and of personal and household goods (71),51265.40716582707
AT,Computer and related services (72),35063.82388927166
AT,Research and development services (73),55836.84680119591
AT,Other business services (74),66951.08268924557
AT,Public administration and defence services; compulsory social security services (75),27992.76550341944
AT,Education services (80),20913.454121557643
AT,Health and social work services (85),18817.33561749078
AT,Food waste for treatment: incineration,82706.96626900704
AT,Paper waste for treatment: incineration,75503.3255870398
AT,Plastic waste for treatment: incineration,72306.88700168731
AT,Intert/metal waste for treatment: incineration,66525.91255515695
AT,Textiles waste for treatment: incineration,63591.355917111294
AT,Wood waste for treatment: incineration,82666.44338044681
AT,Oil/hazardous waste for treatment: incineration,72625.84311053695
AT,Food waste for treatment: biogasification and land application,60067.81300274128
AT,Paper waste for treatment: biogasification and land application,57976.44432549281
AT,Sewage sludge for treatment: biogasification and land application,685929.4772033306
AT,Food waste for treatment: composting and land application,91450.68113359687
AT,Paper and wood waste for treatment: composting and land application,2950575.4327895846
AT,Food waste for treatment: waste water treatment,794025.6761231112
AT,Other waste for treatment: waste water treatment,898513.9000777022
AT,Food waste for treatment: landfill,3834531.4719595937
AT,Paper for treatment: landfill,239578.65357446356
AT,Plastic waste for treatment: landfill,290530.14220443525
AT,Inert/metal/hazardous waste for treatment: landfill,137905.06156251006
AT,Textiles waste for treatment: landfill,2841018.2493843767
AT,Wood waste for treatment: landfill,272283.2938089611
AT,Membership organisation services n.e.c. (91),35902.58523006417
AT,"Recreational, cultural and sporting services (92)",12314.750609961593
AT,Other services (93),41634.07529838613
AT,Private households with employed persons (95),140.15250434639552
AT,Extra-territorial organizations and bodies,0.0
BE,Paddy rice,0.0
BE,Wheat,1165214.6286684265
BE,Cereal grains nec,1474682.7294651957
BE,"Vegetables, fruit, nuts",222573.8428397364
BE,Oil seeds,864767.7032490772
BE,"Sugar cane, sugar beet",917528.43702418
BE,Plant-based fibers,2889948.2121886504
BE,Crops nec,195789.36453438638
BE,Cattle,2643852.4330717064
BE,Pigs,851403.1069772443
BE,Poultry,422265.350415937
BE,Meat animals nec,687755.3126572161
BE,Animal products nec,771623.283716362
BE,Raw milk,2964180.912845469
BE,"Wool, silk-worm cocoons",133438.67068150872
BE,Manure (conventional treatment),0.0
BE,Manure (biogas treatment),0.0
BE,"Products of forestry, logging and related services (02)",449795.1552107198
BE,Fish and other fishing products; services incidental of fishing (05),94481.5434914104
BE,Anthracite,289829779.1305336
BE,Coking Coal,0.0
BE,Other Bituminous Coal,9431138.027318183
BE,Sub-Bituminous Coal,1493200.9004235133
BE,Patent Fuel,0.0
BE,Lignite/Brown Coal,0.0
BE,BKB/Peat Briquettes,0.0
BE,Peat,0.0
BE,"Crude petroleum and services related to crude oil extraction, excluding surveying",6201453048582.621
BE,"Natural gas and services related to natural gas extraction, excluding surveying",904045102.4197158
BE,Natural Gas Liquids,0.0
BE,Other Hydrocarbons,1836151.96851223
BE,Uranium and thorium ores (12),0.0
BE,Iron ores,0.0
BE,Copper ores and concentrates,0.0
BE,Nickel ores and concentrates,0.0
BE,Aluminium ores and concentrates,0.0
BE,Precious metal ores and concentrates,0.0
BE,"Lead, zinc and tin ores and concentrates",0.0
BE,Other non-ferrous metal ores and concentrates,566162.4064973211
BE,Stone,263883.48503145005
BE,Sand and clay,1782197.3182026711
BE,"Chemical and fertilizer minerals, salt and other mining and quarrying products n.e.c.",124125.53791168238
BE,Products of meat cattle,39948.02627829025
BE,Products of meat pigs,47928.256299932546
BE,Products of meat poultry,20456.74798834694
BE,Meat products nec,36544.868564879136
BE,products of Vegetable oils and fats,41498.951143820086
BE,Dairy products,44430.13344168027
BE,Processed rice,22050.424503247414
BE,Sugar,38454.727443609845
BE,Food products nec,50186.96804355781
BE,Beverages,52760.99420147095
BE,Fish products,22125.03392024495
BE,Tobacco products (16),73963.01001255622
BE,Textiles (17),29446.901776497627
BE,Wearing apparel; furs (18),5672.471763459889
BE,Leather and leather products (19),13164.956551825277
BE,Wood and products of wood and cork (except furniture); articles of straw and plaiting materials (20),40718.16986371411
BE,"Wood material for treatment, Re-processing of secondary wood material into new wood material",0.0
BE,Pulp,46655.97919915566
BE,"Secondary paper for treatment, Re-processing of secondary paper into new pulp",0.0
BE,Paper and paper products,79926.91339922351
BE,Printed matter and recorded media (22),27839.974609164903
BE,Coke Oven Coke,1723353.2550499626
BE,Gas Coke,0.0
BE,Coal Tar,568359.487272857
BE,Motor Gasoline,561971.3019650807
BE,Aviation Gasoline,1082825.1943777916
BE,Gasoline Type Jet Fuel,0.0
BE,Kerosene Type Jet Fuel,519489.78718284017
BE,Kerosene,531985.2067875284
BE,Gas/Diesel Oil,525118.772350183
BE,Heavy Fuel Oil,481976.4798526743
BE,Refinery Gas,496625.9428742813
BE,Liquefied Petroleum Gases (LPG),1149750.9150424004
BE,Refinery Feedstocks,393399.56423175446
BE,Ethane,0.0
BE,Naphtha,608959.582021183
BE,White Spirit & SBP,425991.64573018794
BE,Lubricants,0.0
BE,Bitumen,2376505337.3809214
BE,Paraffin Waxes,0.0
BE,Petroleum Coke,404590.4608011169
BE,Non-specified Petroleum Products,415425.6757285234
BE,Nuclear fuel,36793.78663034172
BE,"Plastics, basic",208592.51693473978
BE,"Secondary plastic for treatment, Re-processing of secondary plastic into new plastic",0.0
BE,N-fertiliser,881452.0057395329
BE,P- and other fertiliser,228360.6709881938
BE,Chemicals nec,28353.452681177747
BE,Charcoal,281757.75821472355
BE,Additives/Blending Components,0.0
BE,Biogasoline,33887.58857441846
BE,Biodiesels,32677.085847194663
BE,Other Liquid Biofuels,698251.4124694244
BE,Rubber and plastic products (25),27953.775904743714
BE,Glass and glass products,184928.84154486508
BE,"Secondary glass for treatment, Re-processing of secondary glass into new glass",0.0
BE,Ceramic goods,311740.6498309557
BE,"Bricks, tiles and construction products, in baked clay",385334.762496653
BE,"Cement, lime and plaster",1125135.9308601927
BE,"Ash for treatment, Re-processing of ash into clinker",0.0
BE,Other non-metallic mineral products,355826.95896096644
BE,Basic iron and steel and of ferro-alloys and first products thereof,480663.492518461
BE,"Secondary steel for treatment, Re-processing of secondary steel into new steel",0.0
BE,Precious metals,15595.697722974539
BE,"Secondary preciuos metals for treatment, Re-processing of secondary preciuos metals into new preciuos metals",0.0
BE,Aluminium and aluminium products,21072.478795183877
BE,"Secondary aluminium for treatment, Re-processing of secondary aluminium into new aluminium",0.0
BE,"Lead, zinc and tin and products thereof",26688.50593623686
BE,"Secondary lead for treatment, Re-processing of secondary lead into new lead",0.0
BE,Copper products,11269.542768040454
BE,"Secondary copper for treatment, Re-processing of secondary copper into new copper",0.0
BE,Other non-ferrous metal products,44015.334897081535
BE,"Secondary other non-ferrous metals for treatment, Re-processing of secondary other non-ferrous metals into new other non-ferrous metals",0.0
BE,Foundry work services,217338.8674535076
BE,"Fabricated metal products, except machinery and equipment (28)",17231.57082526843
BE,Machinery and equipment n.e.c. (29),7202.096174787668
BE,Office machinery and computers (30),16072.989676047438
BE,Electrical machinery and apparatus n.e.c. (31),11053.672382887486
BE,"Radio, television and communication equipment and apparatus (32)",21273.67520909001
BE,"Medical, precision and optical instruments, watches and clocks (33)",34492.424896789555
BE,"Motor vehicles, trailers and semi-trailers (34)",2767.97452843626
BE,Other transport equipment (35),14590.172909002735
BE,Furniture; other manufactured goods n.e.c. (36),92763.84557050154
BE,Secondary raw materials,88328.51630266955
BE,"Bottles for treatment, Recycling of bottles by direct reuse",0.0
BE,Electricity by coal,1108842.2222144613
BE,Electricity by gas,10897840.268006956
BE,Electricity by nuclear,3146.4200649979884
BE,Electricity by hydro,832679.6068399975
BE,Electricity by wind,25750.196323461238
BE,Electricity by petroleum and other oil derivatives,5867339.122847551
BE,Electricity by biomass and waste,8770911.363590905
BE,Electricity by solar photovoltaic,34581.00189845451
BE,Electricity by solar thermal,0.0
BE,"Electricity by tide, wave, ocean",54112.33654228651
BE,Electricity by Geothermal,31888167.2911079
BE,Electricity nec,1089299.6168809528
BE,Transmission services of electricity,6678.845126040195
BE,Distribution and trade services of electricity,5161.9835930119125
BE,Coke oven gas,1238352.1263074202
BE,Blast Furnace Gas,392022.7742218241
BE,Oxygen Steel Furnace Gas,0.0
BE,Gas Works Gas,1261105.3372749824
BE,Biogas,1007482.4516038065
BE,Distribution services of gaseous fuels through mains,989873.9057569111
BE,Steam and hot water supply services,6045714.157128988
BE,"Collected and purified water, distribution services of water (41)",54556.89315935521
BE,Construction work (45),8802.022283029972
BE,"Secondary construction material for treatment, Re-processing of secondary construction material into aggregates",0.0
BE,"Sale, maintenance, repair of motor vehicles, motor vehicles parts, motorcycles, motor cycles parts and accessoiries",16050.260318113525
BE,Retail trade services of motor fuel,2039.152180045441
BE,"Wholesale trade and commission trade services, except of motor vehicles and motorcycles (51)",106631.66576800986
BE,"Retail  trade services, except of motor vehicles and motorcycles; repair services of personal and household goods (52)",2867.3507630885465
BE,Hotel and restaurant services (55),8042.358815024577
BE,Railway transportation services,39143.76028155015
BE,Other land transportation services,25400.116480036802
BE,Transportation services via pipelines,58780.71853607833
BE,Sea and coastal water transportation services,523914.7409820566
BE,Inland water transportation services,128535.84895645564
BE,Air transport services (62),498852.27107670263
BE,Supporting and auxiliary transport services; travel agency services (63),19138.646706313793
BE,Post and telecommunication services (64),3823.3273735941398
BE,"Financial intermediation services, except insurance and pension funding services (65)",1849.8230172263993
BE,"Insurance and pension funding services, except compulsory social security services (66)",1671.2119715250765
BE,Services auxiliary to financial intermediation (67),8235.801619237109
BE,Real estate services (70),2213.4123953979006
BE,Renting services of machinery and equipment without operator and of personal and household goods (71),55861.30348230261
BE,Computer and related services (72),19069.86765979396
BE,Research and development services (73),94015.13925027262
BE,Other business services (74),14588.747961593082
BE,Public administration and defence services; compulsory social security services (75),24416.921907989727
BE,Education services (80),2283.0424770058908
BE,Health and social work services (85),7700.335950069085
BE,Food waste for treatment: incineration,22688.517265728115
BE,Paper waste for treatment: incineration,25227.84147595509
BE,Plastic waste for treatment: incineration,148503.12446919418
BE,Intert/metal waste for treatment: incineration,33944.3425369359
BE,Textiles waste for treatment: incineration,16544.956536152902
BE,Wood waste for treatment: incineration,1890023.3898905031
BE,Oil/hazardous waste for treatment: incineration,26792.66548010396
BE,Food waste for treatment: biogasification and land application,21743.054751180196
BE,Paper waste for treatment: biogasification and land application,134346.8861876257
BE,Sewage sludge for treatment: biogasification and land application,23740.160414974427
BE,Food waste for treatment: composting and land application,60962.937414760556
BE,Paper and wood waste for treatment: composting and land application,1467802.9776961862
BE,Food waste for treatment: waste water treatment,243764.97355853085
BE,Other waste for treatment: waste water treatment,173153.72168860282
BE,Food waste for treatment: landfill,280465.184538567
BE,Paper for treatment: landfill,32669.637141889965
BE,Plastic waste for treatment: landfill,44971.692658385364
BE,Inert/metal/hazardous waste for treatment: landfill,35241.90641364409
BE,Textiles waste for treatment: landfill,193823.46678670796
BE,Wood waste for treatment: landfill,512400.50837904436
BE,Membership organisation services n.e.c. (91),5087.637566729927
BE,"Recreational, cultural and sporting services (92)",6121.145650555148
BE,Other services (93),13850.879634077755
BE,Private households with employed persons (95),598.1438519874552
BE,Extra-territorial organizations and bodies,0.0
BG,Paddy rice,95431.24949606319
BG,Wheat,1043435.9728653656
BG,Cereal grains nec,992441.3729367538
BG,"Vegetables, fruit, nuts",194533.67558413607
BG,Oil seeds,1380758.9349614014
BG,"Sugar cane, sugar beet",6883649.9865099555
BG,Plant-based fibers,164427.11177078975
BG,Crops nec,74089.71557085076
BG,Cattle,2744658.221946502
BG,Pigs,1320864.3752201253
BG,Poultry,764335.2735305291
BG,Meat animals nec,1788757.391323535
BG,Animal products nec,981216.07805609
BG,Raw milk,3664038.7832865072
BG,"Wool, silk-worm cocoons",289048.4099662006
BG,Manure (conventional treatment),0.0
BG,Manure (biogas treatment),0.0
BG,"Products of forestry, logging and related services (02)",232668.63139464622
BG,Fish and other fishing products; services incidental of fishing (05),54937.71596153048
BG,Anthracite,82737.73284586624
BG,Coking Coal,194288.18327716665
BG,Other Bituminous Coal,4412393.423690683
BG,Sub-Bituminous Coal,2739.0026682264834
BG,Patent Fuel,82738.24854467572
BG,Lignite/Brown Coal,4702513.084516622
BG,BKB/Peat Briquettes,4676171.622958958
BG,Peat,3235.000465662612
BG,"Crude petroleum and services related to crude oil extraction, excluding surveying",1161822.4593458206
BG,"Natural gas and services related to natural gas extraction, excluding surveying",6524748.84641002
BG,Natural Gas Liquids,1332128.6484197767
BG,Other Hydrocarbons,43822.95338095173
BG,Uranium and thorium ores (12),96044.25010891378
BG,Iron ores,60273.24262345362
BG,Copper ores and concentrates,86332.41536128495
BG,Nickel ores and concentrates,91132.02686931945
BG,Aluminium ores and concentrates,91131.95110522321
BG,Precious metal ores and concentrates,100732.60314513877
BG,"Lead, zinc and tin ores and concentrates",1936239.3978047532
BG,Other non-ferrous metal ores and concentrates,136584.4374967796
BG,Stone,931604.7693808567
BG,Sand and clay,973914.0753205292
BG,"Chemical and fertilizer minerals, salt and other mining and quarrying products n.e.c.",142394.53284899134
BG,Products of meat cattle,79204.32517662473
BG,Products of meat pigs,59653.3773157126
BG,Products of meat poultry,94694.26187915934
BG,Meat products nec,70866.13012236058
BG,products of Vegetable oils and fats,108172.1176116293
BG,Dairy products,77684.86685311994
BG,Processed rice,384496.7006836274
BG,Sugar,78355.96122758188
BG,Food products nec,256665.63030189506
BG,Beverages,193715.47054356727
BG,Fish products,471919.3318678357
BG,Tobacco products (16),36528.72589565203
BG,Textiles (17),736444.5205843898
BG,Wearing apparel; furs (18),62989.61369928096
BG,Leather and leather products (19),1005719.8410929183
BG,Wood and products of wood and cork (except furniture); articles of straw and plaiting materials (20),65208.37530136034
BG,"Wood material for treatment, Re-processing of secondary wood material into new wood material",0.0
BG,Pulp,114367.32822756952
BG,"Secondary paper for treatment, Re-processing of secondary paper into new pulp",0.0
BG,Paper and paper products,101247.86320997872
BG,Printed matter and recorded media (22),21248.15090268753
BG,Coke Oven Coke,0.0
BG,Gas Coke,0.0
BG,Coal Tar,0.0
BG,Motor Gasoline,383034.5935682574
BG,Aviation Gasoline,388026.51491270424
BG,Gasoline Type Jet Fuel,0.0
BG,Kerosene Type Jet Fuel,316039.764309292
BG,Kerosene,388026.4510739743
BG,Gas/Diesel Oil,317358.7265106318
BG,Heavy Fuel Oil,457725.52961876034
BG,Refinery Gas,546576.0514312511
BG,Liquefied Petroleum Gases (LPG),1087778.2133063287
BG,Refinery Feedstocks,392502.7471274515
BG,Ethane,0.0
BG,Naphtha,306593.9197288481
BG,White Spirit & SBP,388026.48489802476
BG,Lubricants,388026.43772365496
BG,Bitumen,458072.62266092654
BG,Paraffin Waxes,0.0
BG,Petroleum Coke,388026.43289803586
BG,Non-specified Petroleum Products,171607.0442525856
BG,Nuclear fuel,0.0
BG,"Plastics, basic",1737763.0402272006
BG,"Secondary plastic for treatment, Re-processing of secondary plastic into new plastic",0.0
BG,N-fertiliser,510176555.85781294
BG,P- and other fertiliser,524655.0500847085
BG,Chemicals nec,575267.1311932759
BG,Charcoal,1452802.1983655342
BG,Additives/Blending Components,1447589.9084897598
BG,Biogasoline,1447507.2558812033
BG,Biodiesels,1448928.4493769603
BG,Other Liquid Biofuels,1172102.678082549
BG,Rubber and plastic products (25),67922.22895661459
BG,Glass and glass products,657813.0443069481
BG,"Secondary glass for treatment, Re-processing of secondary glass into new glass",0.0
BG,Ceramic goods,910313.2464116907
BG,"Bricks, tiles and construction products, in baked clay",1394511.3623553833
BG,"Cement, lime and plaster",1060500.2532207912
BG,"Ash for treatment, Re-processing of ash into clinker",0.0
BG,Other non-metallic mineral products,332065.20415411977
BG,Basic iron and steel and of ferro-alloys and first products thereof,77518.88669784009
BG,"Secondary steel for treatment, Re-processing of secondary steel into new steel",0.0
BG,Precious metals,702738.0272657693
BG,"Secondary preciuos metals for treatment, Re-processing of secondary preciuos metals into new preciuos metals",0.0
BG,Aluminium and aluminium products,61517.5578038142
BG,"Secondary aluminium for treatment, Re-processing of secondary aluminium into new aluminium",0.0
BG,"Lead, zinc and tin and products thereof",54437.80883140655
BG,"Secondary lead for treatment, Re-processing of secondary lead into new lead",0.0
BG,Copper products,46319.215524446896
BG,"Secondary copper for treatment, Re-processing of secondary copper into new copper",0.0
BG,Other non-ferrous metal products,82115.66415327427
BG,"Secondary other non-ferrous metals for treatment, Re-processing of secondary other non-ferrous metals into new other non-ferrous metals",0.0
BG,Foundry work services,920216.5549940127
BG,"Fabricated metal products, except machinery and equipment (28)",111422.99799439136
BG,Machinery and equipment n.e.c. (29),81437.41634785263
BG,Office machinery and computers (30),42259.09738233616
BG,Electrical machinery and apparatus n.e.c. (31),32850.16078823453
BG,"Radio, television and communication equipment and apparatus (32)",28896.96148468598
BG,"Medical, precision and optical instruments, watches and clocks (33)",56575.955055447004
BG,"Motor vehicles, trailers and semi-trailers (34)",9607.561237296237
BG,Other transport equipment (35),61475.841195265246
BG,Furniture; other manufactured goods n.e.c. (36),139898.55972335
BG,Secondary raw materials,84629.79371913268
BG,"Bottles for treatment, Recycling of bottles by direct reuse",0.0
BG,Electricity by coal,26589980.00220539
BG,Electricity by gas,2386385.431298077
BG,Electricity by nuclear,87.83970561731836
BG,Electricity by hydro,7614.8414492802085
BG,Electricity by wind,83819.10570427381
BG,Electricity by petroleum and other oil derivatives,158184.76520041298
BG,Electricity by biomass and waste,2844375.0526953703
BG,Electricity by solar photovoltaic,1346.6235626418793
BG,Electricity by solar thermal,0.0
BG,"Electricity by tide, wave, ocean",43846.3259776122
BG,Electricity by Geothermal,4372569.385593416
BG,Electricity nec,50865.779092365796
BG,Transmission services of electricity,137.98344038285626
BG,Distribution and trade services of electricity,189.4564821166551
BG,Coke oven gas,47293.73891936569
BG,Blast Furnace Gas,52415.82185398392
BG,Oxygen Steel Furnace Gas,4713866.429027425
BG,Gas Works Gas,4713253.5549251
BG,Biogas,234224.38013995122
BG,Distribution services of gaseous fuels through mains,635235.3468905292
BG,Steam and hot water supply services,1842244.8455626762
BG,"Collected and purified water, distribution services of water (41)",237814.29034124024
BG,Construction work (45),96653.07488226974
BG,"Secondary construction material for treatment, Re-processing of secondary construction material into aggregates",0.0
BG,"Sale, maintenance, repair of motor vehicles, motor vehicles parts, motorcycles, motor cycles parts and accessoiries",68015.45663280261
BG,Retail trade services of motor fuel,54350.62502357642
BG,"Wholesale trade and commission trade services, except of motor vehicles and motorcycles (51)",142207.41172322302
BG,"Retail  trade services, except of motor vehicles and motorcycles; repair services of personal and household goods (52)",68441.05816228334
BG,Hotel and restaurant services (55),45480.96425173843
BG,Railway transportation services,207229.13170837736
BG,Other land transportation services,162771.74547856377
BG,Transportation services via pipelines,631536.0492478466
BG,Sea and coastal water transportation services,2633976.1224229336
BG,Inland water transportation services,62300.227391976056
BG,Air transport services (62),209586.7832966748
BG,Supporting and auxiliary transport services; travel agency services (63),49281.30014022141
BG,Post and telecommunication services (64),10129.015018973085
BG,"Financial intermediation services, except insurance and pension funding services (65)",4387.874644244534
BG,"Insurance and pension funding services, except compulsory social security services (66)",2959.799310991341
BG,Services auxiliary to financial intermediation (67),3885.6341310861862
BG,Real estate services (70),19534.673610408834
BG,Renting services of machinery and equipment without operator and of personal and household goods (71),26495.430537250657
BG,Computer and related services (72),12101.945878482959
BG,Research and development services (73),41143.70802604565
BG,Other business services (74),18959.229712418204
BG,Public administration and defence services; compulsory social security services (75),18469.042132342456
BG,Education services (80),19559.747172898617
BG,Health and social work services (85),56045.31638563608
BG,Food waste for treatment: incineration,2411603.3961200905
BG,Paper waste for treatment: incineration,1104452.5273806287
BG,Plastic waste for treatment: incineration,2468677.543565177
BG,Intert/metal waste for treatment: incineration,1089741.347646308
BG,Textiles waste for treatment: incineration,2438467.033056693
BG,Wood waste for treatment: incineration,2493182.3444938776
BG,Oil/hazardous waste for treatment: incineration,978841.0174958286
BG,Food waste for treatment: biogasification and land application,601403.8127776338
BG,Paper waste for treatment: biogasification and land application,601280.8725453163
BG,Sewage sludge for treatment: biogasification and land application,371755.95656138554
BG,Food waste for treatment: composting and land application,2934268.3290895266
BG,Paper and wood waste for treatment: composting and land application,28387.865283858777
BG,Food waste for treatment: waste water treatment,107565.91283656984
BG,Other waste for treatment: waste water treatment,994963.075138091
BG,Food waste for treatment: landfill,74765.00082285599
BG,Paper for treatment: landfill,75088.3852647262
BG,Plastic waste for treatment: landfill,1756232.8597485423
BG,Inert/metal/hazardous waste for treatment: landfill,75650.20479594264
BG,Textiles waste for treatment: landfill,74835.07139368539
BG,Wood waste for treatment: landfill,76091.78606988506
BG,Membership organisation services n.e.c. (91),14.25045156715757
BG,"Recreational, cultural and sporting services (92)",2436.685414839267
BG,Other services (93),9304.314632529387
BG,Private households with employed persons (95),0.0
BG,Extra-territorial organizations and bodies,0.0
CY,Paddy rice,0.0
CY,Wheat,3285998.5500369947
CY,Cereal grains nec,1797232.6697350945
CY,"Vegetables, fruit, nuts",411442.196273301
CY,Oil seeds,43865.15130793815
CY,"Sugar cane, sugar beet",466902.5728143665
CY,Plant-based fibers,45748.031475952725
CY,Crops nec,43991.03280317915
CY,Cattle,2692648.2688658847
CY,Pigs,314430.6827129354
CY,Poultry,215122.16512386693
CY,Meat animals nec,646590.6199800225
CY,Animal products nec,937261.9944300904
CY,Raw milk,1170370.6240647135
CY,"Wool, silk-worm cocoons",31731.703337206483
CY,Manure (conventional treatment),0.0
CY,Manure (biogas treatment),0.0
CY,"Products of forestry, logging and related services (02)",57631.73593738366
CY,Fish and other fishing products; services incidental of fishing (05),117872.54576658754
CY,Anthracite,0.0
CY,Coking Coal,102860134808.39214
CY,Other Bituminous Coal,1411042040.1568527
CY,Sub-Bituminous Coal,9341829.944605373
CY,Patent Fuel,0.0
CY,Lignite/Brown Coal,6192765285.539708
CY,BKB/Peat Briquettes,0.0
CY,Peat,0.0
CY,"Crude petroleum and services related to crude oil extraction, excluding surveying",2511005.1928917356
CY,"Natural gas and services related to natural gas extraction, excluding surveying",10304113.31176307
CY,Natural Gas Liquids,0.0
CY,Other Hydrocarbons,10844766.605107713
CY,Uranium and thorium ores (12),2227298.7744432124
CY,Iron ores,12852741.733957991
CY,Copper ores and concentrates,215783.79701828002
CY,Nickel ores and concentrates,2439355.051080959
CY,Aluminium ores and concentrates,1113625.4915449962
CY,Precious metal ores and concentrates,21174140.160419263
CY,"Lead, zinc and tin ores and concentrates",1998784.493409965
CY,Other non-ferrous metal ores and concentrates,4161114.3527676463
CY,Stone,239503.7053231153
CY,Sand and clay,4633407.818053211
CY,"Chemical and fertilizer minerals, salt and other mining and quarrying products n.e.c.",2430974.544724834
CY,Products of meat cattle,18916.609233077153
CY,Products of meat pigs,72076.66092365072
CY,Products of meat poultry,14210.795006493652
CY,Meat products nec,9134.705747154383
CY,products of Vegetable oils and fats,923576.1478591989
CY,Dairy products,70381.13555879684
CY,Processed rice,28975.564528700656
CY,Sugar,13868.54725231318
CY,Food products nec,77121.86053400996
CY,Beverages,31018.05103593344
CY,Fish products,57945.58566153132
CY,Tobacco products (16),24806.743646488914
CY,Textiles (17),2199.5467828635497
CY,Wearing apparel; furs (18),10883.825329723071
CY,Leather and leather products (19),8414.630699105659
CY,Wood and products of wood and cork (except furniture); articles of straw and plaiting materials (20),23964.375161799817
CY,"Wood material for treatment, Re-processing of secondary wood material into new wood material",0.0
CY,Pulp,3233.7457159934575
CY,"Secondary paper for treatment, Re-processing of secondary paper into new pulp",0.0
CY,Paper and paper products,2567.5025701295026
CY,Printed matter and recorded media (22),2309.49444370495
CY,Coke Oven Coke,0.0
CY,Gas Coke,0.0
CY,Coal Tar,0.0
CY,Motor Gasoline,2447474785.072392
CY,Aviation Gasoline,11942.068699544514
CY,Gasoline Type Jet Fuel,0.0
CY,Kerosene Type Jet Fuel,14401.940505200224
CY,Kerosene,0.0
CY,Gas/Diesel Oil,17257.113790280004
CY,Heavy Fuel Oil,12638.776104015982
CY,Refinery Gas,0.0
CY,Liquefied Petroleum Gases (LPG),0.0
CY,Refinery Feedstocks,0.0
CY,Ethane,0.0
CY,Naphtha,0.0
CY,White Spirit & SBP,0.0
CY,Lubricants,68951.36910862976
CY,Bitumen,0.0
CY,Paraffin Waxes,0.0
CY,Petroleum Coke,0.0
CY,Non-specified Petroleum Products,0.0
CY,Nuclear fuel,0.031049812685951368
CY,"Plastics, basic",79218.49344662581
CY,"Secondary plastic for treatment, Re-processing of secondary plastic into new plastic",0.0
CY,N-fertiliser,2458612.452845143
CY,P- and other fertiliser,124211.13828445609
CY,Chemicals nec,34703.19816471444
CY,Charcoal,29679.062276101915
CY,Additives/Blending Components,2457381.259064674
CY,Biogasoline,1903914.5792118516
CY,Biodiesels,152909.50265621135
CY,Other Liquid Biofuels,2284587.357118011
CY,Rubber and plastic products (25),67275.84475336631
CY,Glass and glass products,1403996.1781388544
CY,"Secondary glass for treatment, Re-processing of secondary glass into new glass",0.0
CY,Ceramic goods,41259.29519832878
CY,"Bricks, tiles and construction products, in baked clay",2420372.662815505
CY,"Cement, lime and plaster",2002040.716309629
CY,"Ash for treatment, Re-processing of ash into clinker",0.0
CY,Other non-metallic mineral products,683228.6592132637
CY,Basic iron and steel and of ferro-alloys and first products thereof,3524.4395541624035
CY,"Secondary steel for treatment, Re-processing of secondary steel into new steel",0.0
CY,Precious metals,10370.71676046223
CY,"Secondary preciuos metals for treatment, Re-processing of secondary preciuos metals into new preciuos metals",0.0
CY,Aluminium and aluminium products,82427.40684184407
CY,"Secondary aluminium for treatment, Re-processing of secondary aluminium into new aluminium",0.0
CY,"Lead, zinc and tin and products thereof",37252.282409048705
CY,"Secondary lead for treatment, Re-processing of secondary lead into new lead",0.0
CY,Copper products,26631.73171654957
CY,"Secondary copper for treatment, Re-processing of secondary copper into new copper",0.0
CY,Other non-ferrous metal products,13852.99523885512
CY,"Secondary other non-ferrous metals for treatment, Re-processing of secondary other non-ferrous metals into new other non-ferrous metals",0.0
CY,Foundry work services,99975.06842559046
CY,"Fabricated metal products, except machinery and equipment (28)",26063.69103016625
CY,Machinery and equipment n.e.c. (29),8227.025877809365
CY,Office machinery and computers (30),71.21655589140941
CY,Electrical machinery and apparatus n.e.c. (31),657.4274365439074
CY,"Radio, television and communication equipment and apparatus (32)",881.9827862613371
CY,"Medical, precision and optical instruments, watches and clocks (33)",2947.490934712812
CY,"Motor vehicles, trailers and semi-trailers (34)",3717.2573300943604
CY,Other transport equipment (35),43538.35101968506
CY,Furniture; other manufactured goods n.e.c. (36),36528.482953902145
CY,Secondary raw materials,49165.342621033145
CY,"Bottles for treatment, Recycling of bottles by direct reuse",0.0
CY,Electricity by coal,44516.56040440675
CY,Electricity by gas,104487.2792870667
CY,Electricity by nuclear,113227.85938422654
CY,Electricity by hydro,103426.56777155872
CY,Electricity by wind,175.01553837726186
CY,Electricity by petroleum and other oil derivatives,6591752.567813148
CY,Electricity by biomass and waste,2295.412106568622
CY,Electricity by solar photovoltaic,5.6365248315139524
CY,Electricity by solar thermal,83478.87768855973
CY,"Electricity by tide, wave, ocean",3184.971248852088
CY,Electricity by Geothermal,37836.34488016325
CY,Electricity nec,127948.65269245158
CY,Transmission services of electricity,258.33285148670404
CY,Distribution and trade services of electricity,439.93607940418514
CY,Coke oven gas,117906.00020335338
CY,Blast Furnace Gas,116747.48704979036
CY,Oxygen Steel Furnace Gas,110029.32485015878
CY,Gas Works Gas,5992256.713506572
CY,Biogas,106.41269339819185
CY,Distribution services of gaseous fuels through mains,42252.64546551319
CY,Steam and hot water supply services,21202.141725912756
CY,"Collected and purified water, distribution services of water (41)",131770.9506926776
CY,Construction work (45),36847.24210519734
CY,"Secondary construction material for treatment, Re-processing of secondary construction material into aggregates",0.0
CY,"Sale, maintenance, repair of motor vehicles, motor vehicles parts, motorcycles, motor cycles parts and accessoiries",12856.161267016527
CY,Retail trade services of motor fuel,226213.49801914694
CY,"Wholesale trade and commission trade services, except of motor vehicles and motorcycles (51)",9974.475269422066
CY,"Retail  trade services, except of motor vehicles and motorcycles; repair services of personal and household goods (52)",9783.723622100944
CY,Hotel and restaurant services (55),6899.491726928466
CY,Railway transportation services,13394.850023214854
CY,Other land transportation services,135347.163571754
CY,Transportation services via pipelines,18933.822641837396
CY,Sea and coastal water transportation services,2354995.590910461
CY,Inland water transportation services,4104.483224121319
CY,Air transport services (62),33855.4457364234
CY,Supporting and auxiliary transport services; travel agency services (63),33.22933080911354
CY,Post and telecommunication services (64),319.89508789426526
CY,"Financial intermediation services, except insurance and pension funding services (65)",478.3658501120597
CY,"Insurance and pension funding services, except compulsory social security services (66)",148906.76921853726
CY,Services auxiliary to financial intermediation (67),1324.468275299115
CY,Real estate services (70),4502.938093968501
CY,Renting services of machinery and equipment without operator and of personal and household goods (71),573.4985658512501
CY,Computer and related services (72),1009.9104114105562
CY,Research and development services (73),186187.59455100697
CY,Other business services (74),3503.8972378789736
CY,Public administration and defence services; compulsory social security services (75),43731.0383549688
CY,Education services (80),3031.9549365269836
CY,Health and social work services (85),1946.9918098496555
CY,Food waste for treatment: incineration,97529.20525344246
CY,Paper waste for treatment: incineration,115546.58588034692
CY,Plastic waste for treatment: incineration,118537.02456267977
CY,Intert/metal waste for treatment: incineration,67323.006280862
CY,Textiles waste for treatment: incineration,233638.95709714442
CY,Wood waste for treatment: incineration,122317.16651721907
CY,Oil/hazardous waste for treatment: incineration,1329988.5127009074
CY,Food waste for treatment: biogasification and land application,41863.52635518281
CY,Paper waste for treatment: biogasification and land application,37663.07452805127
CY,Sewage sludge for treatment: biogasification and land application,58368.76955209276
CY,Food waste for treatment: composting and land application,49440.77292347059
CY,Paper and wood waste for treatment: composting and land application,50828.80345146458
CY,Food waste for treatment: waste water treatment,493715.8634341813
CY,Other waste for treatment: waste water treatment,2631097.9438884603
CY,Food waste for treatment: landfill,567678.3576968949
CY,Paper for treatment: landfill,16196.273011466828
CY,Plastic waste for treatment: landfill,19708.606299194376
CY,Inert/metal/hazardous waste for treatment: landfill,28701.058539768495
CY,Textiles waste for treatment: landfill,11963.59076672761
CY,Wood waste for treatment: landfill,9949.528738943338
CY,Membership organisation services n.e.c. (91),4724.025685090223
CY,"Recreational, cultural and sporting services (92)",2149.8037379824905
CY,Other services (93),2397.9128860684496
CY,Private households with employed persons (95),0.009806426416190854
CY,Extra-territorial organizations and bodies,0.0
CZ,Paddy rice,293890.15327137924
CZ,Wheat,874528.6284733019
CZ,Cereal grains nec,1035913.1790799189
CZ,"Vegetables, fruit, nuts",309495.9080284112
CZ,Oil seeds,763283.4292629623
CZ,"Sugar cane, sugar beet",734186.5233919536
CZ,Plant-based fibers,497087.58742958563
CZ,Crops nec,60399.60561889712
CZ,Cattle,3683890.6104579647
CZ,Pigs,337113.27226612373
CZ,Poultry,215503.8527737836
CZ,Meat animals nec,588424.3251060592
CZ,Animal products nec,523014.59559249104
CZ,Raw milk,1292845.7010869642
CZ,"Wool, silk-worm cocoons",5368.875068312079
CZ,Manure (conventional treatment),0.0
CZ,Manure (biogas treatment),0.0
CZ,"Products of forestry, logging and related services (02)",145704.4551133354
CZ,Fish and other fishing products; services incidental of fishing (05),73774.72669326965
CZ,Anthracite,314820.1666194009
CZ,Coking Coal,966018.6656656289
CZ,Other Bituminous Coal,967749.7247245981
CZ,Sub-Bituminous Coal,27626.60384317797
CZ,Patent Fuel,1190127.3898532323
CZ,Lignite/Brown Coal,968104.4463149382
CZ,BKB/Peat Briquettes,672696.6826133728
CZ,Peat,1060767.580637085
CZ,"Crude petroleum and services related to crude oil extraction, excluding surveying",840636.1774784476
CZ,"Natural gas and services related to natural gas extraction, excluding surveying",262141.5325137454
CZ,Natural Gas Liquids,2383659.928744559
CZ,Other Hydrocarbons,2880071.4483238067
CZ,Uranium and thorium ores (12),9500823.13708258
CZ,Iron ores,1129700.3478585233
CZ,Copper ores and concentrates,3858788.4533603443
CZ,Nickel ores and concentrates,408894.6505435353
CZ,Aluminium ores and concentrates,1144964.0240765216
CZ,Precious metal ores and concentrates,400219.27216661134
CZ,"Lead, zinc and tin ores and concentrates",1431321.9226150324
CZ,Other non-ferrous metal ores and concentrates,1286344.974677503
CZ,Stone,1468749.7431874925
CZ,Sand and clay,226368.60205533614
CZ,"Chemical and fertilizer minerals, salt and other mining and quarrying products n.e.c.",439793.23516809405
CZ,Products of meat cattle,44074.00097873954
CZ,Products of meat pigs,166915.01224147514
CZ,Products of meat poultry,36574.484466424554
CZ,Meat products nec,109774.1302724841
CZ,products of Vegetable oils and fats,369644.0781089013
CZ,Dairy products,77201.73085491566
CZ,Processed rice,215460.3026228817
CZ,Sugar,805549.4013794255
CZ,Food products nec,89088.17249508818
CZ,Beverages,194405.04607718217
CZ,Fish products,1856766.1580402404
CZ,Tobacco products (16),620506.8218532961
CZ,Textiles (17),159862.62615250377
CZ,Wearing apparel; furs (18),54825.40748681325
CZ,Leather and leather products (19),128321.16439957637
CZ,Wood and products of wood and cork (except furniture); articles of straw and plaiting materials (20),56482.26177867524
CZ,"Wood material for treatment, Re-processing of secondary wood material into new wood material",0.0
CZ,Pulp,128472.10270839589
CZ,"Secondary paper for treatment, Re-processing of secondary paper into new pulp",0.0
CZ,Paper and paper products,52769.474770363224
CZ,Printed matter and recorded media (22),27681.885541319665
CZ,Coke Oven Coke,285714.32436206605
CZ,Gas Coke,0.0
CZ,Coal Tar,384839.58776747016
CZ,Motor Gasoline,369427.004538612
CZ,Aviation Gasoline,14223632.29409357
CZ,Gasoline Type Jet Fuel,0.0
CZ,Kerosene Type Jet Fuel,254311.19384818972
CZ,Kerosene,1085779.30900112
CZ,Gas/Diesel Oil,515904.9223119994
CZ,Heavy Fuel Oil,195590.6479044572
CZ,Refinery Gas,2821868.211818764
CZ,Liquefied Petroleum Gases (LPG),216282.55285764302
CZ,Refinery Feedstocks,284796.76794057636
CZ,Ethane,0.0
CZ,Naphtha,235232.51811864763
CZ,White Spirit & SBP,14194469.526431013
CZ,Lubricants,1226431.732353388
CZ,Bitumen,453050.66921400244
CZ,Paraffin Waxes,229954.4448765235
CZ,Petroleum Coke,4166114.993905303
CZ,Non-specified Petroleum Products,211165.29575257993
CZ,Nuclear fuel,3523.9853647564573
CZ,"Plastics, basic",242684.37820399387
CZ,"Secondary plastic for treatment, Re-processing of secondary plastic into new plastic",0.0
CZ,N-fertiliser,465987.1470285662
CZ,P- and other fertiliser,214352.8501353133
CZ,Chemicals nec,35050.395070295344
CZ,Charcoal,398771.96733073663
CZ,Additives/Blending Components,158469.0085234376
CZ,Biogasoline,3777197.8483252763
CZ,Biodiesels,194619.70622665202
CZ,Other Liquid Biofuels,491823.46322883805
CZ,Rubber and plastic products (25),53931.63477472853
CZ,Glass and glass products,468140.7567387644
CZ,"Secondary glass for treatment, Re-processing of secondary glass into new glass",0.0
CZ,Ceramic goods,375204.046761012
CZ,"Bricks, tiles and construction products, in baked clay",325866.4609619001
CZ,"Cement, lime and plaster",1314932.1840584537
CZ,"Ash for treatment, Re-processing of ash into clinker",0.0
CZ,Other non-metallic mineral products,508725.9683451927
CZ,Basic iron and steel and of ferro-alloys and first products thereof,567556.7573750502
CZ,"Secondary steel for treatment, Re-processing of secondary steel into new steel",0.0
CZ,Precious metals,115911.31965531585
CZ,"Secondary preciuos metals for treatment, Re-processing of secondary preciuos metals into new preciuos metals",0.0
CZ,Aluminium and aluminium products,134744.13561706815
CZ,"Secondary aluminium for treatment, Re-processing of secondary aluminium into new aluminium",0.0
CZ,"Lead, zinc and tin and products thereof",149169.0838740841
CZ,"Secondary lead for treatment, Re-processing of secondary lead into new lead",0.0
CZ,Copper products,516779.6635431244
CZ,"Secondary copper for treatment, Re-processing of secondary copper into new copper",0.0
CZ,Other non-ferrous metal products,63608.21940691631
CZ,"Secondary other non-ferrous metals for treatment, Re-processing of secondary other non-ferrous metals into new other non-ferrous metals",0.0
CZ,Foundry work services,260417.57701509047
CZ,"Fabricated metal products, except machinery and equipment (28)",24362.23467441808
CZ,Machinery and equipment n.e.c. (29),11410.677118546542
CZ,Office machinery and computers (30),4934.254186430107
CZ,Electrical machinery and apparatus n.e.c. (31),197163.51183373894
CZ,"Radio, television and communication equipment and apparatus (32)",47658.3283988032
CZ,"Medical, precision and optical instruments, watches and clocks (33)",80822.26746412682
CZ,"Motor vehicles, trailers and semi-trailers (34)",25830.506824639517
CZ,Other transport equipment (35),43083.45512644779
CZ,Furniture; other manufactured goods n.e.c. (36),195203.13495877787
CZ,Secondary raw materials,177444.62239783775
CZ,"Bottles for treatment, Recycling of bottles by direct reuse",0.0
CZ,Electricity by coal,11564564.050960433
CZ,Electricity by gas,3938131.168566514
CZ,Electricity by nuclear,3153.933424611165
CZ,Electricity by hydro,12498.397352648033
CZ,Electricity by wind,24697.513784493327
CZ,Electricity by petroleum and other oil derivatives,1305451.2979062835
CZ,Electricity by biomass and waste,367624.07540069055
CZ,Electricity by solar photovoltaic,13969.618113207702
CZ,Electricity by solar thermal,0.0
CZ,"Electricity by tide, wave, ocean",0.0
CZ,Electricity by Geothermal,0.0
CZ,Electricity nec,210868.5718258686
CZ,Transmission services of electricity,4694.237012986705
CZ,Distribution and trade services of electricity,3949.5321043772888
CZ,Coke oven gas,2383841.725519287
CZ,Blast Furnace Gas,1324322.6930897548
CZ,Oxygen Steel Furnace Gas,3108026.445758034
CZ,Gas Works Gas,2258742.3343461123
CZ,Biogas,2202126.1832575323
CZ,Distribution services of gaseous fuels through mains,537114.8957933767
CZ,Steam and hot water supply services,1101472.7190450025
CZ,"Collected and purified water, distribution services of water (41)",45770.12020955426
CZ,Construction work (45),40443.587955164825
CZ,"Secondary construction material for treatment, Re-processing of secondary construction material into aggregates",0.0
CZ,"Sale, maintenance, repair of motor vehicles, motor vehicles parts, motorcycles, motor cycles parts and accessoiries",122133.43559155797
CZ,Retail trade services of motor fuel,35930.16663437024
CZ,"Wholesale trade and commission trade services, except of motor vehicles and motorcycles (51)",74074.32078143845
CZ,"Retail  trade services, except of motor vehicles and motorcycles; repair services of personal and household goods (52)",34292.44745094547
CZ,Hotel and restaurant services (55),27355.611892137662
CZ,Railway transportation services,483011.2780248917
CZ,Other land transportation services,108004.37189862128
CZ,Transportation services via pipelines,594236.2385993155
CZ,Sea and coastal water transportation services,111777.88858195336
CZ,Inland water transportation services,50293.46607597352
CZ,Air transport services (62),475739.5645065263
CZ,Supporting and auxiliary transport services; travel agency services (63),42357.354756433124
CZ,Post and telecommunication services (64),17472.928295800666
CZ,"Financial intermediation services, except insurance and pension funding services (65)",3603.679102451168
CZ,"Insurance and pension funding services, except compulsory social security services (66)",108356.28772891348
CZ,Services auxiliary to financial intermediation (67),3386.8899558140197
CZ,Real estate services (70),65973.5900980824
CZ,Renting services of machinery and equipment without operator and of personal and household goods (71),64219.133902671
CZ,Computer and related services (72),14942.53016969197
CZ,Research and development services (73),105620.9248069541
CZ,Other business services (74),140133.07780223622
CZ,Public administration and defence services; compulsory social security services (75),25395.741650678625
CZ,Education services (80),7160.378341194854
CZ,Health and social work services (85),6112.126515595793
CZ,Food waste for treatment: incineration,88049.83866036615
CZ,Paper waste for treatment: incineration,85580.84379062227
CZ,Plastic waste for treatment: incineration,663231.2655948292
CZ,Intert/metal waste for treatment: incineration,117803.82846434948
CZ,Textiles waste for treatment: incineration,167947.18096731888
CZ,Wood waste for treatment: incineration,87830.59699046734
CZ,Oil/hazardous waste for treatment: incineration,81775.23904911402
CZ,Food waste for treatment: biogasification and land application,1652087.4514166308
CZ,Paper waste for treatment: biogasification and land application,1654021.6804765451
CZ,Sewage sludge for treatment: biogasification and land application,60286.50308108587
CZ,Food waste for treatment: composting and land application,157922.4373812416
CZ,Paper and wood waste for treatment: composting and land application,1846635.6468405356
CZ,Food waste for treatment: waste water treatment,1156279.3031619221
CZ,Other waste for treatment: waste water treatment,912941.3666334873
CZ,Food waste for treatment: landfill,198943.42684676955
CZ,Paper for treatment: landfill,103181.1878652427
CZ,Plastic waste for treatment: landfill,268078.8119493161
CZ,Inert/metal/hazardous waste for treatment: landfill,111340.05985554348
CZ,Textiles waste for treatment: landfill,81583.50582588828
CZ,Wood waste for treatment: landfill,74490.89972864413
CZ,Membership organisation services n.e.c. (91),33376.57482118978
CZ,"Recreational, cultural and sporting services (92)",17461.77890048756
CZ,Other services (93),21235.43052819366
CZ,Private households with employed persons (95),225694.5104876354
CZ,Extra-territorial organizations and bodies,0.0
DE,Paddy rice,0.0
DE,Wheat,912986.0436947542
DE,Cereal grains nec,1012993.308728704
DE,"Vegetables, fruit, nuts",149466.10228807968
DE,Oil seeds,1014294.2106747745
DE,"Sugar cane, sugar beet",707116.1230905452
DE,Plant-based fibers,0.0
DE,Crops nec,970657.6134718298
DE,Cattle,2691534.184213608
DE,Pigs,727191.685349477
DE,Poultry,352998.57038623083
DE,Meat animals nec,1094327.201263133
DE,Animal products nec,2408834.55365312
DE,Raw milk,2530241.1157534802
DE,"Wool, silk-worm cocoons",9442.218412299764
DE,Manure (conventional treatment),0.0
DE,Manure (biogas treatment),0.0
DE,"Products of forestry, logging and related services (02)",146760.4247306681
DE,Fish and other fishing products; services incidental of fishing (05),248099.856540674
DE,Anthracite,0.0
DE,Coking Coal,0.0
DE,Other Bituminous Coal,0.0
DE,Sub-Bituminous Coal,0.0
DE,Patent Fuel,0.0
DE,Lignite/Brown Coal,1672533.3124578309
DE,BKB/Peat Briquettes,1358564.8747547604
DE,Peat,0.0
DE,"Crude petroleum and services related to crude oil extraction, excluding surveying",2328221.1647933433
DE,"Natural gas and services related to natural gas extraction, excluding surveying",895932.1413309092
DE,Natural Gas Liquids,0.0
DE,Other Hydrocarbons,0.0
DE,Uranium and thorium ores (12),147124.30070801542
DE,Iron ores,37752.105810350724
DE,Copper ores and concentrates,186380.15053194427
DE,Nickel ores and concentrates,186380.14683719177
DE,Aluminium ores and concentrates,186380.14575681766
DE,Precious metal ores and concentrates,186380.14714063518
DE,"Lead, zinc and tin ores and concentrates",1201661.1448850185
DE,Other non-ferrous metal ores and concentrates,81419.08567005365
DE,Stone,179702.21008644887
DE,Sand and clay,540305.7225183375
DE,"Chemical and fertilizer minerals, salt and other mining and quarrying products n.e.c.",383224.6537400718
DE,Products of meat cattle,15369.638406939901
DE,Products of meat pigs,11055.903768514794
DE,Products of meat poultry,6926.076332865641
DE,Meat products nec,30250.36879929738
DE,products of Vegetable oils and fats,24998.75114520484
DE,Dairy products,75323.80042351024
DE,Processed rice,43024.32842460573
DE,Sugar,20378.02154268894
DE,Food products nec,46338.26450961861
DE,Beverages,109498.70991827484
DE,Fish products,118063.13013885828
DE,Tobacco products (16),32014.709251577275
DE,Textiles (17),27997.460155439127
DE,Wearing apparel; furs (18),4093.7278606182904
DE,Leather and leather products (19),3335.474841732807
DE,Wood and products of wood and cork (except furniture); articles of straw and plaiting materials (20),84585.81483576297
DE,"Wood material for treatment, Re-processing of secondary wood material into new wood material",0.0
DE,Pulp,219161.04198862886
DE,"Secondary paper for treatment, Re-processing of secondary paper into new pulp",0.0
DE,Paper and paper products,32281.617055563343
DE,Printed matter and recorded media (22),5081.311226615653
DE,Coke Oven Coke,8646447.95297263
DE,Gas Coke,0.0
DE,Coal Tar,0.0
DE,Motor Gasoline,407342.27513594757
DE,Aviation Gasoline,424783.8249939401
DE,Gasoline Type Jet Fuel,0.0
DE,Kerosene Type Jet Fuel,435762.01783237915
DE,Kerosene,426076.2971907623
DE,Gas/Diesel Oil,434101.3855665336
DE,Heavy Fuel Oil,459481.4174092437
DE,Refinery Gas,429772.8792052619
DE,Liquefied Petroleum Gases (LPG),439224.50198529445
DE,Refinery Feedstocks,427642.1241001413
DE,Ethane,0.0
DE,Naphtha,426810.2693957325
DE,White Spirit & SBP,428384.59079456574
DE,Lubricants,429338.01949486235
DE,Bitumen,426038.03584176325
DE,Paraffin Waxes,264918.5323593371
DE,Petroleum Coke,266075.0692267068
DE,Non-specified Petroleum Products,267353.55703417986
DE,Nuclear fuel,510.398786750809
DE,"Plastics, basic",199773.09921155186
DE,"Secondary plastic for treatment, Re-processing of secondary plastic into new plastic",0.0
DE,N-fertiliser,131032.44049013314
DE,P- and other fertiliser,1264685.1888895272
DE,Chemicals nec,50080.422448942874
DE,Charcoal,171596.5273331451
DE,Additives/Blending Components,44115.51051633311
DE,Biogasoline,44868.114481693134
DE,Biodiesels,45455.50831719924
DE,Other Liquid Biofuels,50870.47424639073
DE,Rubber and plastic products (25),25956.278927226867
DE,Glass and glass products,327373.6149460435
DE,"Secondary glass for treatment, Re-processing of secondary glass into new glass",0.0
DE,Ceramic goods,411161.7711641969
DE,"Bricks, tiles and construction products, in baked clay",458923.74843931216
DE,"Cement, lime and plaster",814177.2726144822
DE,"Ash for treatment, Re-processing of ash into clinker",0.0
DE,Other non-metallic mineral products,435580.8496874076
DE,Basic iron and steel and of ferro-alloys and first products thereof,634989.7493136041
DE,"Secondary steel for treatment, Re-processing of secondary steel into new steel",0.0
DE,Precious metals,14210.230178324724
DE,"Secondary preciuos metals for treatment, Re-processing of secondary preciuos metals into new preciuos metals",0.0
DE,Aluminium and aluminium products,64120.22302037681
DE,"Secondary aluminium for treatment, Re-processing of secondary aluminium into new aluminium",0.0
DE,"Lead, zinc and tin and products thereof",34635.665921293534
DE,"Secondary lead for treatment, Re-processing of secondary lead into new lead",0.0
DE,Copper products,43324.1032074447
DE,"Secondary copper for treatment, Re-processing of secondary copper into new copper",0.0
DE,Other non-ferrous metal products,52805.85787075819
DE,"Secondary other non-ferrous metals for treatment, Re-processing of secondary other non-ferrous metals into new other non-ferrous metals",0.0
DE,Foundry work services,591078.6626314404
DE,"Fabricated metal products, except machinery and equipment (28)",20806.133927753646
DE,Machinery and equipment n.e.c. (29),14218.725550501747
DE,Office machinery and computers (30),27052.1414816942
DE,Electrical machinery and apparatus n.e.c. (31),94934.71113275946
DE,"Radio, television and communication equipment and apparatus (32)",259927.75350648793
DE,"Medical, precision and optical instruments, watches and clocks (33)",23161.911831601643
DE,"Motor vehicles, trailers and semi-trailers (34)",9704.31673850143
DE,Other transport equipment (35),16323.637642969928
DE,Furniture; other manufactured goods n.e.c. (36),12645.63133181083
DE,Secondary raw materials,377529.24222919747
DE,"Bottles for treatment, Recycling of bottles by direct reuse",0.0
DE,Electricity by coal,13019558.211353123
DE,Electricity by gas,2853134.3953879583
DE,Electricity by nuclear,11503.955555611115
DE,Electricity by hydro,8865.274604125132
DE,Electricity by wind,2840.5115590440005
DE,Electricity by petroleum and other oil derivatives,1736086.3158931602
DE,Electricity by biomass and waste,2564018.3186122603
DE,Electricity by solar photovoltaic,13117.87239057237
DE,Electricity by solar thermal,0.0
DE,"Electricity by tide, wave, ocean",0.0
DE,Electricity by Geothermal,5.056475324348805
DE,Electricity nec,636275.526498019
DE,Transmission services of electricity,147636.2804978013
DE,Distribution and trade services of electricity,17925.31543582191
DE,Coke oven gas,44286.52940180241
DE,Blast Furnace Gas,51100.522635471425
DE,Oxygen Steel Furnace Gas,38157.848593039904
DE,Gas Works Gas,111295.72369316402
DE,Biogas,44444.60080661508
DE,Distribution services of gaseous fuels through mains,65802.62882020495
DE,Steam and hot water supply services,8764327.194700833
DE,"Collected and purified water, distribution services of water (41)",23276.73310682659
DE,Construction work (45),95409.53996926645
DE,"Secondary construction material for treatment, Re-processing of secondary construction material into aggregates",0.0
DE,"Sale, maintenance, repair of motor vehicles, motor vehicles parts, motorcycles, motor cycles parts and accessoiries",28634.46128147773
DE,Retail trade services of motor fuel,7852.9973390358155
DE,"Wholesale trade and commission trade services, except of motor vehicles and motorcycles (51)",51134.851277604415
DE,"Retail  trade services, except of motor vehicles and motorcycles; repair services of personal and household goods (52)",31898.3205243739
DE,Hotel and restaurant services (55),26491.191796426236
DE,Railway transportation services,75825.96596770907
DE,Other land transportation services,53823.25304943045
DE,Transportation services via pipelines,411169.95666361204
DE,Sea and coastal water transportation services,1263620.7510510338
DE,Inland water transportation services,70800.80738745106
DE,Air transport services (62),730253.8318316834
DE,Supporting and auxiliary transport services; travel agency services (63),8027.7041184017635
DE,Post and telecommunication services (64),21294.371277160983
DE,"Financial intermediation services, except insurance and pension funding services (65)",279.2853033559143
DE,"Insurance and pension funding services, except compulsory social security services (66)",75.55582464624537
DE,Services auxiliary to financial intermediation (67),18987.40080663797
DE,Real estate services (70),9302.129714175833
DE,Renting services of machinery and equipment without operator and of personal and household goods (71),33227.02363079244
DE,Computer and related services (72),12190.72680597986
DE,Research and development services (73),49492.322828987264
DE,Other business services (74),30690.174480906888
DE,Public administration and defence services; compulsory social security services (75),31316.364847556775
DE,Education services (80),3528.4294451877877
DE,Health and social work services (85),26949.157231763806
DE,Food waste for treatment: incineration,31402.038227744924
DE,Paper waste for treatment: incineration,26624.82371834604
DE,Plastic waste for treatment: incineration,16144.403674113391
DE,Intert/metal waste for treatment: incineration,75567.54728146672
DE,Textiles waste for treatment: incineration,16124.004896115803
DE,Wood waste for treatment: incineration,23408.237594960232
DE,Oil/hazardous waste for treatment: incineration,30766.311064204685
DE,Food waste for treatment: biogasification and land application,11132.612909269834
DE,Paper waste for treatment: biogasification and land application,5732.417495754167
DE,Sewage sludge for treatment: biogasification and land application,23427.506378477527
DE,Food waste for treatment: composting and land application,75007.80731274647
DE,Paper and wood waste for treatment: composting and land application,35511.37803589192
DE,Food waste for treatment: waste water treatment,692307.4133445639
DE,Other waste for treatment: waste water treatment,443245.8666004569
DE,Food waste for treatment: landfill,178874.00749868987
DE,Paper for treatment: landfill,85103.33044393161
DE,Plastic waste for treatment: landfill,1879669.243100744
DE,Inert/metal/hazardous waste for treatment: landfill,91123.49996004057
DE,Textiles waste for treatment: landfill,1833879.1663596292
DE,Wood waste for treatment: landfill,2288553.574156149
DE,Membership organisation services n.e.c. (91),13978.120145952142
DE,"Recreational, cultural and sporting services (92)",22886.39228275714
DE,Other services (93),37204.065058837485
DE,Private households with employed persons (95),0.7426959677957274
DE,Extra-territorial organizations and bodies,0.0
DK,Paddy rice,6550.075340070807
DK,Wheat,1437530.3756109455
DK,Cereal grains nec,1077863.2766199876
DK,"Vegetables, fruit, nuts",232338.08914702997
DK,Oil seeds,1326821.165765723
DK,"Sugar cane, sugar beet",743512.5663499141
DK,Plant-based fibers,6550.085534891826
DK,Crops nec,228011.43269807816
DK,Cattle,4813957.80136035
DK,Pigs,1457685.6078694225
DK,Poultry,479224.16944280546
DK,Meat animals nec,152979.23754590107
DK,Animal products nec,194590.7108199316
DK,Raw milk,1474549.4160513948
DK,"Wool, silk-worm cocoons",6019.335882268242
DK,Manure (conventional treatment),0.0
DK,Manure (biogas treatment),0.0
DK,"Products of forestry, logging and related services (02)",223697.13943040435
DK,Fish and other fishing products; services incidental of fishing (05),305801.2579256314
DK,Anthracite,0.0
DK,Coking Coal,7000.987900570708
DK,Other Bituminous Coal,2903999.2484072843
DK,Sub-Bituminous Coal,0.0
DK,Patent Fuel,2393266.632039334
DK,Lignite/Brown Coal,4819332.591001429
DK,BKB/Peat Briquettes,9527365.846414857
DK,Peat,3123136.4756908044
DK,"Crude petroleum and services related to crude oil extraction, excluding surveying",427660.84979659
DK,"Natural gas and services related to natural gas extraction, excluding surveying",398413.7346408804
DK,Natural Gas Liquids,427866.6774815964
DK,Other Hydrocarbons,2681960.303668624
DK,Uranium and thorium ores (12),884341.2200818594
DK,Iron ores,1147.9288232408164
DK,Copper ores and concentrates,9885825.725682084
DK,Nickel ores and concentrates,12824.492926810783
DK,Aluminium ores and concentrates,3505567.888255634
DK,Precious metal ores and concentrates,4112325.70222917
DK,"Lead, zinc and tin ores and concentrates",11732879.18505574
DK,Other non-ferrous metal ores and concentrates,20161851.031164516
DK,Stone,639739.8103520072
DK,Sand and clay,689221.7287755937
DK,"Chemical and fertilizer minerals, salt and other mining and quarrying products n.e.c.",578163.6632910658
DK,Products of meat cattle,32043.53211195226
DK,Products of meat pigs,41203.474148730544
DK,Products of meat poultry,54529.88298204522
DK,Meat products nec,72353.05889365614
DK,products of Vegetable oils and fats,60433.26664721123
DK,Dairy products,40014.348724788346
DK,Processed rice,164404.12172596136
DK,Sugar,29745.49257307536
DK,Food products nec,38999.23162541506
DK,Beverages,124202.29467196617
DK,Fish products,44437.39189413803
DK,Tobacco products (16),21709.051051877068
DK,Textiles (17),7994.066926320941
DK,Wearing apparel; furs (18),3885.2176844814385
DK,Leather and leather products (19),17044.291239362574
DK,Wood and products of wood and cork (except furniture); articles of straw and plaiting materials (20),59571.20166094613
DK,"Wood material for treatment, Re-processing of secondary wood material into new wood material",0.0
DK,Pulp,33355.39749269458
DK,"Secondary paper for treatment, Re-processing of secondary paper into new pulp",0.0
DK,Paper and paper products,13907.647131673833
DK,Printed matter and recorded media (22),3077.395358577131
DK,Coke Oven Coke,0.0
DK,Gas Coke,0.0
DK,Coal Tar,0.0
DK,Motor Gasoline,273509.792634046
DK,Aviation Gasoline,270261.0190872559
DK,Gasoline Type Jet Fuel,0.0
DK,Kerosene Type Jet Fuel,273607.6135382962
DK,Kerosene,274592.3484358581
DK,Gas/Diesel Oil,273751.5877247364
DK,Heavy Fuel Oil,273922.1792799254
DK,Refinery Gas,274543.52676567016
DK,Liquefied Petroleum Gases (LPG),271501.30405849585
DK,Refinery Feedstocks,273139.5015439651
DK,Ethane,0.0
DK,Naphtha,0.0
DK,White Spirit & SBP,0.0
DK,Lubricants,0.0
DK,Bitumen,0.0
DK,Paraffin Waxes,0.0
DK,Petroleum Coke,27859.780728562124
DK,Non-specified Petroleum Products,0.0
DK,Nuclear fuel,69622.30048330597
DK,"Plastics, basic",229158.80953045006
DK,"Secondary plastic for treatment, Re-processing of secondary plastic into new plastic",0.0
DK,N-fertiliser,39181.47916117819
DK,P- and other fertiliser,118701.11143794723
DK,Chemicals nec,18877.057271930542
DK,Charcoal,199666.83815829796
DK,Additives/Blending Components,250665.0254155702
DK,Biogasoline,37492.511344851955
DK,Biodiesels,19711.686478077198
DK,Other Liquid Biofuels,18429.423557138274
DK,Rubber and plastic products (25),17595.37073239014
DK,Glass and glass products,335711.4654963571
DK,"Secondary glass for treatment, Re-processing of secondary glass into new glass",0.0
DK,Ceramic goods,251798.60836502558
DK,"Bricks, tiles and construction products, in baked clay",561576.4016301576
DK,"Cement, lime and plaster",1508980.4575328294
DK,"Ash for treatment, Re-processing of ash into clinker",0.0
DK,Other non-metallic mineral products,368945.2906359427
DK,Basic iron and steel and of ferro-alloys and first products thereof,59230.85196690891
DK,"Secondary steel for treatment, Re-processing of secondary steel into new steel",0.0
DK,Precious metals,13895.254620113528
DK,"Secondary preciuos metals for treatment, Re-processing of secondary preciuos metals into new preciuos metals",0.0
DK,Aluminium and aluminium products,1942.8660166591812
DK,"Secondary aluminium for treatment, Re-processing of secondary aluminium into new aluminium",0.0
DK,"Lead, zinc and tin and products thereof",3972.0178005387324
DK,"Secondary lead for treatment, Re-processing of secondary lead into new lead",0.0
DK,Copper products,4766.8219613559295
DK,"Secondary copper for treatment, Re-processing of secondary copper into new copper",0.0
DK,Other non-ferrous metal products,4914.234448315622
DK,"Secondary other non-ferrous metals for treatment, Re-processing of secondary other non-ferrous metals into new other non-ferrous metals",0.0
DK,Foundry work services,15569.546324189374
DK,"Fabricated metal products, except machinery and equipment (28)",18461.624781161332
DK,Machinery and equipment n.e.c. (29),7200.999598419971
DK,Office machinery and computers (30),17673.11047480662
DK,Electrical machinery and apparatus n.e.c. (31),8096.367330893052
DK,"Radio, television and communication equipment and apparatus (32)",7849.435928910979
DK,"Medical, precision and optical instruments, watches and clocks (33)",7315.07384818568
DK,"Motor vehicles, trailers and semi-trailers (34)",8171.353704304957
DK,Other transport equipment (35),40727.34555396973
DK,Furniture; other manufactured goods n.e.c. (36),42391.18264142909
DK,Secondary raw materials,85702.34776660896
DK,"Bottles for treatment, Recycling of bottles by direct reuse",0.0
DK,Electricity by coal,21879113.071245473
DK,Electricity by gas,3654961.490915627
DK,Electricity by nuclear,96731.78515043501
DK,Electricity by hydro,8573.515209509542
DK,Electricity by wind,35227.963894244815
DK,Electricity by petroleum and other oil derivatives,3332404.059839597
DK,Electricity by biomass and waste,49370.31673725749
DK,Electricity by solar photovoltaic,597.1534507476297
DK,Electricity by solar thermal,0.0
DK,"Electricity by tide, wave, ocean",0.0
DK,Electricity by Geothermal,96731.93084272137
DK,Electricity nec,96731.7854397503
DK,Transmission services of electricity,4173.572089582861
DK,Distribution and trade services of electricity,2841.543940503903
DK,Coke oven gas,96731.81507796851
DK,Blast Furnace Gas,96731.91706728077
DK,Oxygen Steel Furnace Gas,96732.02670233158
DK,Gas Works Gas,96732.49522884983
DK,Biogas,17943.34203657649
DK,Distribution services of gaseous fuels through mains,17924.007178137017
DK,Steam and hot water supply services,3769525.4518152806
DK,"Collected and purified water, distribution services of water (41)",3070.1020086461967
DK,Construction work (45),34455.27830704593
DK,"Secondary construction material for treatment, Re-processing of secondary construction material into aggregates",0.0
DK,"Sale, maintenance, repair of motor vehicles, motor vehicles parts, motorcycles, motor cycles parts and accessoiries",12167.828584605315
DK,Retail trade services of motor fuel,2265.1492065722414
DK,"Wholesale trade and commission trade services, except of motor vehicles and motorcycles (51)",4532.500800921812
DK,"Retail  trade services, except of motor vehicles and motorcycles; repair services of personal and household goods (52)",4091.4752057055484
DK,Hotel and restaurant services (55),7736.644156778679
DK,Railway transportation services,951805.7475222935
DK,Other land transportation services,42753.249044445816
DK,Transportation services via pipelines,401.4847569358818
DK,Sea and coastal water transportation services,1627289.73398067
DK,Inland water transportation services,9742.061413392457
DK,Air transport services (62),150466.21336176625
DK,Supporting and auxiliary transport services; travel agency services (63),12401.212930764359
DK,Post and telecommunication services (64),4283.295097555119
DK,"Financial intermediation services, except insurance and pension funding services (65)",1138.1227943227227
DK,"Insurance and pension funding services, except compulsory social security services (66)",625.5953232454564
DK,Services auxiliary to financial intermediation (67),583.3147604789391
DK,Real estate services (70),2061.604759187213
DK,Renting services of machinery and equipment without operator and of personal and household goods (71),22588.199570560206
DK,Computer and related services (72),12813.653444759166
DK,Research and development services (73),21516.54373045901
DK,Other business services (74),13835.636073929953
DK,Public administration and defence services; compulsory social security services (75),7325.174410610204
DK,Education services (80),3811.721310111901
DK,Health and social work services (85),3358.8525698425933
DK,Food waste for treatment: incineration,63680.35721874157
DK,Paper waste for treatment: incineration,54122.375113543305
DK,Plastic waste for treatment: incineration,45637.9088278299
DK,Intert/metal waste for treatment: incineration,36325.22254012321
DK,Textiles waste for treatment: incineration,50436.58464391705
DK,Wood waste for treatment: incineration,49775.22505800622
DK,Oil/hazardous waste for treatment: incineration,52573.19479965925
DK,Food waste for treatment: biogasification and land application,31069.915430979945
DK,Paper waste for treatment: biogasification and land application,19688.462302647968
DK,Sewage sludge for treatment: biogasification and land application,48245.963854854286
DK,Food waste for treatment: composting and land application,39566.67275923739
DK,Paper and wood waste for treatment: composting and land application,1521374.1600175733
DK,Food waste for treatment: waste water treatment,322097.2146979118
DK,Other waste for treatment: waste water treatment,343439.52324083296
DK,Food waste for treatment: landfill,136277.7641904346
DK,Paper for treatment: landfill,17680.321759962957
DK,Plastic waste for treatment: landfill,221763.29109465392
DK,Inert/metal/hazardous waste for treatment: landfill,55547.05069103143
DK,Textiles waste for treatment: landfill,4567.506645993854
DK,Wood waste for treatment: landfill,3536.0890670180324
DK,Membership organisation services n.e.c. (91),2821.1470577995547
DK,"Recreational, cultural and sporting services (92)",7297.060184975776
DK,Other services (93),6748.622690449809
DK,Private households with employed persons (95),9456.38451037579
DK,Extra-territorial organizations and bodies,0.0
EE,Paddy rice,6902.653047763576
EE,Wheat,1477569.5870028476
EE,Cereal grains nec,1095448.5949764634
EE,"Vegetables, fruit, nuts",197288.28104404768
EE,Oil seeds,1828218.6956039798
EE,"Sugar cane, sugar beet",6904.078953970033
EE,Plant-based fibers,98325.85615494399
EE,Crops nec,73554.74230284982
EE,Cattle,7103996.468234134
EE,Pigs,482428.88786786085
EE,Poultry,216082.1083779595
EE,Meat animals nec,3178641.659697919
EE,Animal products nec,5185383.642828482
EE,Raw milk,2139639.7461938346
EE,"Wool, silk-worm cocoons",21087.75939563449
EE,Manure (conventional treatment),0.0
EE,Manure (biogas treatment),0.0
EE,"Products of forestry, logging and related services (02)",178931.20610674482
EE,Fish and other fishing products; services incidental of fishing (05),197073.50380216577
EE,Anthracite,0.0
EE,Coking Coal,250452.28249524607
EE,Other Bituminous Coal,8048368.56100047
EE,Sub-Bituminous Coal,813826.8083092701
EE,Patent Fuel,5876296.932195936
EE,Lignite/Brown Coal,3012563.2348786984
EE,BKB/Peat Briquettes,3260827.952987034
EE,Peat,452890.57531984226
EE,"Crude petroleum and services related to crude oil extraction, excluding surveying",49995.23728150081
EE,"Natural gas and services related to natural gas extraction, excluding surveying",1248523.0051031453
EE,Natural Gas Liquids,220088.475217545
EE,Other Hydrocarbons,92947.54504569674
EE,Uranium and thorium ores (12),426026.8903087751
EE,Iron ores,844412.7578275307
EE,Copper ores and concentrates,2488410.182034082
EE,Nickel ores and concentrates,51175.608084086685
EE,Aluminium ores and concentrates,488918.12995342043
EE,Precious metal ores and concentrates,583031.4848677838
EE,"Lead, zinc and tin ores and concentrates",1336852.1212091574
EE,Other non-ferrous metal ores and concentrates,181771.06143356394
EE,Stone,37166.83271411627
EE,Sand and clay,632718.7908720206
EE,"Chemical and fertilizer minerals, salt and other mining and quarrying products n.e.c.",1097999.4784849433
EE,Products of meat cattle,17001.201282463142
EE,Products of meat pigs,17392.32569986144
EE,Products of meat poultry,372571.77615199087
EE,Meat products nec,40561.5959076019
EE,products of Vegetable oils and fats,12141.084418075432
EE,Dairy products,50641.09454910858
EE,Processed rice,44753.167664913744
EE,Sugar,39905.15901758188
EE,Food products nec,38687.99647092137
EE,Beverages,138391.73370321124
EE,Fish products,40121.97592270904
EE,Tobacco products (16),20920.472153773513
EE,Textiles (17),9377.490528929247
EE,Wearing apparel; furs (18),11160.296066057248
EE,Leather and leather products (19),29253.98219440014
EE,Wood and products of wood and cork (except furniture); articles of straw and plaiting materials (20),39878.29470787348
EE,"Wood material for treatment, Re-processing of secondary wood material into new wood material",0.0
EE,Pulp,66898.45933384611
EE,"Secondary paper for treatment, Re-processing of secondary paper into new pulp",0.0
EE,Paper and paper products,603.3814047034849
EE,Printed matter and recorded media (22),11060.401072110302
EE,Coke Oven Coke,3524543.880074241
EE,Gas Coke,0.0
EE,Coal Tar,0.0
EE,Motor Gasoline,0.0
EE,Aviation Gasoline,15118.972235357249
EE,Gasoline Type Jet Fuel,0.0
EE,Kerosene Type Jet Fuel,35504.510435092794
EE,Kerosene,32777.32440075304
EE,Gas/Diesel Oil,0.0
EE,Heavy Fuel Oil,2944765.184231808
EE,Refinery Gas,0.0
EE,Liquefied Petroleum Gases (LPG),15347.985699148674
EE,Refinery Feedstocks,0.0
EE,Ethane,0.0
EE,Naphtha,0.0
EE,White Spirit & SBP,0.0
EE,Lubricants,15117.123132085246
EE,Bitumen,0.0
EE,Paraffin Waxes,0.0
EE,Petroleum Coke,0.0
EE,Non-specified Petroleum Products,0.0
EE,Nuclear fuel,21502.134117897305
EE,"Plastics, basic",36598.57836203917
EE,"Secondary plastic for treatment, Re-processing of secondary plastic into new plastic",0.0
EE,N-fertiliser,42042.33229076684
EE,P- and other fertiliser,49164.92396928567
EE,Chemicals nec,9207.068970870338
EE,Charcoal,7056.527020059014
EE,Additives/Blending Components,11952.818112364033
EE,Biogasoline,13809.760265415576
EE,Biodiesels,20087.419138801746
EE,Other Liquid Biofuels,6832.796267457263
EE,Rubber and plastic products (25),11110.992623068592
EE,Glass and glass products,618810.1607720815
EE,"Secondary glass for treatment, Re-processing of secondary glass into new glass",0.0
EE,Ceramic goods,444905.63441893435
EE,"Bricks, tiles and construction products, in baked clay",238419.48990678132
EE,"Cement, lime and plaster",1049356.9422203398
EE,"Ash for treatment, Re-processing of ash into clinker",0.0
EE,Other non-metallic mineral products,494036.12858330074
EE,Basic iron and steel and of ferro-alloys and first products thereof,9328.915413456114
EE,"Secondary steel for treatment, Re-processing of secondary steel into new steel",0.0
EE,Precious metals,11710.576404188372
EE,"Secondary preciuos metals for treatment, Re-processing of secondary preciuos metals into new preciuos metals",0.0
EE,Aluminium and aluminium products,14348.80677952602
EE,"Secondary aluminium for treatment, Re-processing of secondary aluminium into new aluminium",0.0
EE,"Lead, zinc and tin and products thereof",10629.619580256393
EE,"Secondary lead for treatment, Re-processing of secondary lead into new lead",0.0
EE,Copper products,6335.097598159509
EE,"Secondary copper for treatment, Re-processing of secondary copper into new copper",0.0
EE,Other non-ferrous metal products,10214.737513970327
EE,"Secondary other non-ferrous metals for treatment, Re-processing of secondary other non-ferrous metals into new other non-ferrous metals",0.0
EE,Foundry work services,21355.894361964074
EE,"Fabricated metal products, except machinery and equipment (28)",9981.48577235653
EE,Machinery and equipment n.e.c. (29),98718.3643628871
EE,Office machinery and computers (30),7058.699999632537
EE,Electrical machinery and apparatus n.e.c. (31),60791.73355800794
EE,"Radio, television and communication equipment and apparatus (32)",55112.93343388402
EE,"Medical, precision and optical instruments, watches and clocks (33)",52612.813613342696
EE,"Motor vehicles, trailers and semi-trailers (34)",228642.50426284195
EE,Other transport equipment (35),13126.718751590115
EE,Furniture; other manufactured goods n.e.c. (36),31853.44477111683
EE,Secondary raw materials,1197727.7132769267
EE,"Bottles for treatment, Recycling of bottles by direct reuse",0.0
EE,Electricity by coal,78538.6605649401
EE,Electricity by gas,3159711.857850047
EE,Electricity by nuclear,76898.44223284995
EE,Electricity by hydro,5956.675632370666
EE,Electricity by wind,11478.193458254254
EE,Electricity by petroleum and other oil derivatives,4474267.298552493
EE,Electricity by biomass and waste,1022928.9270361847
EE,Electricity by solar photovoltaic,206.1849967203158
EE,Electricity by solar thermal,0.0
EE,"Electricity by tide, wave, ocean",30900.23116200724
EE,Electricity by Geothermal,24597.893585430913
EE,Electricity nec,60293.26481337722
EE,Transmission services of electricity,332.8231584110661
EE,Distribution and trade services of electricity,2134.7752230907863
EE,Coke oven gas,236439.64700243695
EE,Blast Furnace Gas,50475.042101952014
EE,Oxygen Steel Furnace Gas,16821.439337088985
EE,Gas Works Gas,236863.94827564817
EE,Biogas,236199.45658447914
EE,Distribution services of gaseous fuels through mains,38412.24613772445
EE,Steam and hot water supply services,2479286.7351473453
EE,"Collected and purified water, distribution services of water (41)",10758.20832106363
EE,Construction work (45),68685.51773890192
EE,"Secondary construction material for treatment, Re-processing of secondary construction material into aggregates",0.0
EE,"Sale, maintenance, repair of motor vehicles, motor vehicles parts, motorcycles, motor cycles parts and accessoiries",42660.260094971716
EE,Retail trade services of motor fuel,38843.48488664286
EE,"Wholesale trade and commission trade services, except of motor vehicles and motorcycles (51)",35602.616641410794
EE,"Retail  trade services, except of motor vehicles and motorcycles; repair services of personal and household goods (52)",46215.01920862568
EE,Hotel and restaurant services (55),140847.63197195373
EE,Railway transportation services,406761.4319322685
EE,Other land transportation services,103437.32609044726
EE,Transportation services via pipelines,24677.046359757536
EE,Sea and coastal water transportation services,425923.67269992124
EE,Inland water transportation services,135182.30601345786
EE,Air transport services (62),484380.5220453908
EE,Supporting and auxiliary transport services; travel agency services (63),16822.22115026445
EE,Post and telecommunication services (64),2901.600217512187
EE,"Financial intermediation services, except insurance and pension funding services (65)",2102.4512154681324
EE,"Insurance and pension funding services, except compulsory social security services (66)",1207.5762274349518
EE,Services auxiliary to financial intermediation (67),1883.425075490755
EE,Real estate services (70),21770.27375515427
EE,Renting services of machinery and equipment without operator and of personal and household goods (71),67118.13742830335
EE,Computer and related services (72),28535.833404244448
EE,Research and development services (73),199960.7815369232
EE,Other business services (74),31107.155067341035
EE,Public administration and defence services; compulsory social security services (75),7790.502432594291
EE,Education services (80),8724.844404152693
EE,Health and social work services (85),2435.1429415576167
EE,Food waste for treatment: incineration,4810901.669398328
EE,Paper waste for treatment: incineration,792224.8101972474
EE,Plastic waste for treatment: incineration,976139.0773637793
EE,Intert/metal waste for treatment: incineration,5035912.372705419
EE,Textiles waste for treatment: incineration,4839456.57169517
EE,Wood waste for treatment: incineration,75527.12994765938
EE,Oil/hazardous waste for treatment: incineration,88586.89106842423
EE,Food waste for treatment: biogasification and land application,4243862.93401102
EE,Paper waste for treatment: biogasification and land application,4251397.502031224
EE,Sewage sludge for treatment: biogasification and land application,136985.54213009513
EE,Food waste for treatment: composting and land application,125787.86388704031
EE,Paper and wood waste for treatment: composting and land application,37239.9944775586
EE,Food waste for treatment: waste water treatment,630994.3641882034
EE,Other waste for treatment: waste water treatment,393223.3563785357
EE,Food waste for treatment: landfill,699321.6666677208
EE,Paper for treatment: landfill,94472.49085950991
EE,Plastic waste for treatment: landfill,57699.94494227769
EE,Inert/metal/hazardous waste for treatment: landfill,870693.7806224483
EE,Textiles waste for treatment: landfill,60691.494172602404
EE,Wood waste for treatment: landfill,68052.65255985415
EE,Membership organisation services n.e.c. (91),26453.451187387687
EE,"Recreational, cultural and sporting services (92)",8204.520429659107
EE,Other services (93),14700.85308851602
EE,Private households with employed persons (95),0.000821913258522224
EE,Extra-territorial organizations and bodies,0.0
ES,Paddy rice,5194729.308963774
ES,Wheat,1786144.8470841157
ES,Cereal grains nec,1105502.8653023692
ES,"Vegetables, fruit, nuts",248679.41479408424
ES,Oil seeds,255152.0142204669
ES,"Sugar cane, sugar beet",297552.0917607788
ES,Plant-based fibers,202346.90712189075
ES,Crops nec,21090.65651715261
ES,Cattle,10294189.062109234
ES,Pigs,654626.0600733667
ES,Poultry,459192.65539131087
ES,Meat animals nec,1812898.255014653
ES,Animal products nec,1731087.850239305
ES,Raw milk,2082926.70585568
ES,"Wool, silk-worm cocoons",11863.330449450275
ES,Manure (conventional treatment),0.0
ES,Manure (biogas treatment),0.0
ES,"Products of forestry, logging and related services (02)",61981.18628672376
ES,Fish and other fishing products; services incidental of fishing (05),582644.872644556
ES,Anthracite,0.0
ES,Coking Coal,0.0
ES,Other Bituminous Coal,16453.752602403412
ES,Sub-Bituminous Coal,0.0
ES,Patent Fuel,0.0
ES,Lignite/Brown Coal,0.0
ES,BKB/Peat Briquettes,0.0
ES,Peat,0.0
ES,"Crude petroleum and services related to crude oil extraction, excluding surveying",12962164.737335471
ES,"Natural gas and services related to natural gas extraction, excluding surveying",634687.0917525701
ES,Natural Gas Liquids,0.0
ES,Other Hydrocarbons,0.0
ES,Uranium and thorium ores (12),5646598.22093481
ES,Iron ores,0.0
ES,Copper ores and concentrates,294069.5357362983
ES,Nickel ores and concentrates,337900.334934852
ES,Aluminium ores and concentrates,0.0
ES,Precious metal ores and concentrates,125804.6802485695
ES,"Lead, zinc and tin ores and concentrates",44.76548583524032
ES,Other non-ferrous metal ores and concentrates,188172.52682119384
ES,Stone,404504.23921917955
ES,Sand and clay,1190802.51328563
ES,"Chemical and fertilizer minerals, salt and other mining and quarrying products n.e.c.",25229.304054107644
ES,Products of meat cattle,22791.850604881736
ES,Products of meat pigs,31263.004446736733
ES,Products of meat poultry,30427.29223425055
ES,Meat products nec,11595.852830578171
ES,products of Vegetable oils and fats,19819.897850631492
ES,Dairy products,29297.614708137065
ES,Processed rice,11620.615856028524
ES,Sugar,81848.38130433123
ES,Food products nec,26645.461780854217
ES,Beverages,49001.93158489866
ES,Fish products,28786.054919294056
ES,Tobacco products (16),17622.683703139053
ES,Textiles (17),10246.586746407766
ES,Wearing apparel; furs (18),18439.764357583306
ES,Leather and leather products (19),22886.701026111587
ES,Wood and products of wood and cork (except furniture); articles of straw and plaiting materials (20),56241.086007199556
ES,"Wood material for treatment, Re-processing of secondary wood material into new wood material",0.0
ES,Pulp,69497.08277210438
ES,"Secondary paper for treatment, Re-processing of secondary paper into new pulp",0.0
ES,Paper and paper products,78658.80599642955
ES,Printed matter and recorded media (22),24828.055676473192
ES,Coke Oven Coke,6475292.5069550825
ES,Gas Coke,0.0
ES,Coal Tar,6941469.15155337
ES,Motor Gasoline,754977.8724716419
ES,Aviation Gasoline,771561.7008392652
ES,Gasoline Type Jet Fuel,0.0
ES,Kerosene Type Jet Fuel,751499.0937636972
ES,Kerosene,756917.0529686463
ES,Gas/Diesel Oil,762521.0836136425
ES,Heavy Fuel Oil,660165.4492426006
ES,Refinery Gas,621923.2743241574
ES,Liquefied Petroleum Gases (LPG),661115.037244555
ES,Refinery Feedstocks,648296.2643325926
ES,Ethane,0.0
ES,Naphtha,749554.2312171989
ES,White Spirit & SBP,642877.7652003069
ES,Lubricants,750143.459782273
ES,Bitumen,944815.1347393423
ES,Paraffin Waxes,743050.0009420761
ES,Petroleum Coke,672456.8123527375
ES,Non-specified Petroleum Products,754635.067373716
ES,Nuclear fuel,1245.0294757339004
ES,"Plastics, basic",411310.0602331026
ES,"Secondary plastic for treatment, Re-processing of secondary plastic into new plastic",0.0
ES,N-fertiliser,596699.9386933031
ES,P- and other fertiliser,1864109.3101912357
ES,Chemicals nec,289740.74342598335
ES,Charcoal,258407.15588406482
ES,Additives/Blending Components,753499.336189476
ES,Biogasoline,167636.9146549575
ES,Biodiesels,187616.7584968807
ES,Other Liquid Biofuels,584576.3695769169
ES,Rubber and plastic products (25),22227.447835490337
ES,Glass and glass products,195039.85011839235
ES,"Secondary glass for treatment, Re-processing of secondary glass into new glass",0.0
ES,Ceramic goods,897946.9628069231
ES,"Bricks, tiles and construction products, in baked clay",592188.3945672653
ES,"Cement, lime and plaster",1066506.5081733346
ES,"Ash for treatment, Re-processing of ash into clinker",0.0
ES,Other non-metallic mineral products,370158.35275748075
ES,Basic iron and steel and of ferro-alloys and first products thereof,153848.6136204816
ES,"Secondary steel for treatment, Re-processing of secondary steel into new steel",0.0
ES,Precious metals,55072.66784225042
ES,"Secondary preciuos metals for treatment, Re-processing of secondary preciuos metals into new preciuos metals",0.0
ES,Aluminium and aluminium products,187115.184701758
ES,"Secondary aluminium for treatment, Re-processing of secondary aluminium into new aluminium",0.0
ES,"Lead, zinc and tin and products thereof",188698.35248819788
ES,"Secondary lead for treatment, Re-processing of secondary lead into new lead",0.0
ES,Copper products,62940.850971912936
ES,"Secondary copper for treatment, Re-processing of secondary copper into new copper",0.0
ES,Other non-ferrous metal products,38005.23951581939
ES,"Secondary other non-ferrous metals for treatment, Re-processing of secondary other non-ferrous metals into new other non-ferrous metals",0.0
ES,Foundry work services,797962.5112774341
ES,"Fabricated metal products, except machinery and equipment (28)",21049.530039734564
ES,Machinery and equipment n.e.c. (29),28896.4227043132
ES,Office machinery and computers (30),46395.78537720775
ES,Electrical machinery and apparatus n.e.c. (31),70463.34877875615
ES,"Radio, television and communication equipment and apparatus (32)",32337.187625536284
ES,"Medical, precision and optical instruments, watches and clocks (33)",20403.453574781754
ES,"Motor vehicles, trailers and semi-trailers (34)",7014.574098716172
ES,Other transport equipment (35),17816.154761589703
ES,Furniture; other manufactured goods n.e.c. (36),121951.61048844202
ES,Secondary raw materials,55612.47064851003
ES,"Bottles for treatment, Recycling of bottles by direct reuse",0.0
ES,Electricity by coal,14096493.327890132
ES,Electricity by gas,4843063.9308227245
ES,Electricity by nuclear,26637.0510047739
ES,Electricity by hydro,29356.852446504545
ES,Electricity by wind,14686.07742777468
ES,Electricity by petroleum and other oil derivatives,13153760.374440765
ES,Electricity by biomass and waste,1192844.510202324
ES,Electricity by solar photovoltaic,9307.35058512902
ES,Electricity by solar thermal,0.003936068575463683
ES,"Electricity by tide, wave, ocean",238.44772648944766
ES,Electricity by Geothermal,0.0
ES,Electricity nec,31074.162898688446
ES,Transmission services of electricity,15584.024641554315
ES,Distribution and trade services of electricity,22650.9931709286
ES,Coke oven gas,90480.22406480036
ES,Blast Furnace Gas,94736.52196852602
ES,Oxygen Steel Furnace Gas,4441.314921282582
ES,Gas Works Gas,9129.9717141612
ES,Biogas,91360.71703147146
ES,Distribution services of gaseous fuels through mains,97857.56713684271
ES,Steam and hot water supply services,13892.558654612025
ES,"Collected and purified water, distribution services of water (41)",30398.092856464238
ES,Construction work (45),19479.39437045127
ES,"Secondary construction material for treatment, Re-processing of secondary construction material into aggregates",0.0
ES,"Sale, maintenance, repair of motor vehicles, motor vehicles parts, motorcycles, motor cycles parts and accessoiries",31617.6076477578
ES,Retail trade services of motor fuel,34917.62664026304
ES,"Wholesale trade and commission trade services, except of motor vehicles and motorcycles (51)",24698.105835149745
ES,"Retail  trade services, except of motor vehicles and motorcycles; repair services of personal and household goods (52)",3974.014071628475
ES,Hotel and restaurant services (55),5609.090804950764
ES,Railway transportation services,1133865.1169321977
ES,Other land transportation services,85022.57265992672
ES,Transportation services via pipelines,97949.48996537956
ES,Sea and coastal water transportation services,2170355.2440644535
ES,Inland water transportation services,1014422.2418902233
ES,Air transport services (62),874869.8049205372
ES,Supporting and auxiliary transport services; travel agency services (63),12812.900935614156
ES,Post and telecommunication services (64),6374.378325627968
ES,"Financial intermediation services, except insurance and pension funding services (65)",1619.466248126354
ES,"Insurance and pension funding services, except compulsory social security services (66)",249474.34847318436
ES,Services auxiliary to financial intermediation (67),21447.6722614573
ES,Real estate services (70),3614.5665179637494
ES,Renting services of machinery and equipment without operator and of personal and household goods (71),13908.985081192264
ES,Computer and related services (72),2592.482244642644
ES,Research and development services (73),38946.56430921317
ES,Other business services (74),25097.431956831213
ES,Public administration and defence services; compulsory social security services (75),14065.082090021417
ES,Education services (80),13668.813113350832
ES,Health and social work services (85),10405.908063784253
ES,Food waste for treatment: incineration,15670.240446607324
ES,Paper waste for treatment: incineration,14319.541420931431
ES,Plastic waste for treatment: incineration,19658.366367851286
ES,Intert/metal waste for treatment: incineration,20724.962719440246
ES,Textiles waste for treatment: incineration,10828.953130814512
ES,Wood waste for treatment: incineration,16363.958076822722
ES,Oil/hazardous waste for treatment: incineration,12414.250686753163
ES,Food waste for treatment: biogasification and land application,13462.741161856688
ES,Paper waste for treatment: biogasification and land application,8442.189932676922
ES,Sewage sludge for treatment: biogasification and land application,11913.747810756868
ES,Food waste for treatment: composting and land application,79092.9732746714
ES,Paper and wood waste for treatment: composting and land application,0.0
ES,Food waste for treatment: waste water treatment,329961.90453006764
ES,Other waste for treatment: waste water treatment,347493.5214681476
ES,Food waste for treatment: landfill,229785.80073063436
ES,Paper for treatment: landfill,18841.692825316266
ES,Plastic waste for treatment: landfill,44188.48360158261
ES,Inert/metal/hazardous waste for treatment: landfill,24212.35328627869
ES,Textiles waste for treatment: landfill,50347.46403516927
ES,Wood waste for treatment: landfill,2970.393189421235
ES,Membership organisation services n.e.c. (91),11315.476015021943
ES,"Recreational, cultural and sporting services (92)",13606.683587001009
ES,Other services (93),11458.71725235549
ES,Private households with employed persons (95),0.017757343469824792
ES,Extra-territorial organizations and bodies,0.0
FI,Paddy rice,7372.384111475015
FI,Wheat,538366.0585259616
FI,Cereal grains nec,1760449.998155365
FI,"Vegetables, fruit, nuts",87983.83711967248
FI,Oil seeds,877453.0868294911
FI,"Sugar cane, sugar beet",777761.7358938677
FI,Plant-based fibers,6530.679994557023
FI,Crops nec,191146.011570301
FI,Cattle,2822926.5007978077
FI,Pigs,310819.30962976406
FI,Poultry,556877.7192746674
FI,Meat animals nec,67203.38259654774
FI,Animal products nec,1698656.1947870392
FI,Raw milk,1980780.6127238541
FI,"Wool, silk-worm cocoons",9283.831675824471
FI,Manure (conventional treatment),0.0
FI,Manure (biogas treatment),0.0
FI,"Products of forestry, logging and related services (02)",141686.36050718423
FI,Fish and other fishing products; services incidental of fishing (05),276579.903416171
FI,Anthracite,41633915.429633036
FI,Coking Coal,80996171.18948475
FI,Other Bituminous Coal,169496798.75677213
FI,Sub-Bituminous Coal,0.0
FI,Patent Fuel,0.0
FI,Lignite/Brown Coal,0.0
FI,BKB/Peat Briquettes,141469769.29347917
FI,Peat,122892.67891729185
FI,"Crude petroleum and services related to crude oil extraction, excluding surveying",9036405882383.83
FI,"Natural gas and services related to natural gas extraction, excluding surveying",562792861.3293859
FI,Natural Gas Liquids,9408978936897.012
FI,Other Hydrocarbons,5924.248150146412
FI,Uranium and thorium ores (12),195145.0274778853
FI,Iron ores,10645817.370455978
FI,Copper ores and concentrates,5220.5938934289225
FI,Nickel ores and concentrates,269831.964307203
FI,Aluminium ores and concentrates,52500.95043058738
FI,Precious metal ores and concentrates,45517.481521421054
FI,"Lead, zinc and tin ores and concentrates",17995.648494373658
FI,Other non-ferrous metal ores and concentrates,76170.95253374985
FI,Stone,1475899.072014813
FI,Sand and clay,335389.7815865003
FI,"Chemical and fertilizer minerals, salt and other mining and quarrying products n.e.c.",112742.5291980813
FI,Products of meat cattle,162193.88763761023
FI,Products of meat pigs,15025.472968915552
FI,Products of meat poultry,682550.0455607612
FI,Meat products nec,1724.7236630055552
FI,products of Vegetable oils and fats,70497.61335610831
FI,Dairy products,20871.37228795534
FI,Processed rice,18324819.70039004
FI,Sugar,25917.98042853249
FI,Food products nec,27908.41794155398
FI,Beverages,50022.979359094104
FI,Fish products,66978.41909720968
FI,Tobacco products (16),1934462.648197232
FI,Textiles (17),14376.775987516063
FI,Wearing apparel; furs (18),13886.537946716348
FI,Leather and leather products (19),4763.147754557667
FI,Wood and products of wood and cork (except furniture); articles of straw and plaiting materials (20),11479.576549803833
FI,"Wood material for treatment, Re-processing of secondary wood material into new wood material",0.0
FI,Pulp,234092.4506896329
FI,"Secondary paper for treatment, Re-processing of secondary paper into new pulp",0.0
FI,Paper and paper products,76057.53145288315
FI,Printed matter and recorded media (22),6581.204506457232
FI,Coke Oven Coke,2079636.7921704745
FI,Gas Coke,0.0
FI,Coal Tar,522184.5363314773
FI,Motor Gasoline,372215.4701850207
FI,Aviation Gasoline,1223934.2462520679
FI,Gasoline Type Jet Fuel,0.0
FI,Kerosene Type Jet Fuel,503123.2851423675
FI,Kerosene,197458462.16229123
FI,Gas/Diesel Oil,457302.2180910051
FI,Heavy Fuel Oil,1531549.5489971593
FI,Refinery Gas,417296.5774493
FI,Liquefied Petroleum Gases (LPG),2297860.513370857
FI,Refinery Feedstocks,332355.3104020721
FI,Ethane,24577619825.9122
FI,Naphtha,3967149.761690914
FI,White Spirit & SBP,360913.38109966303
FI,Lubricants,576755.4933568595
FI,Bitumen,691197.8311362171
FI,Paraffin Waxes,16582959079.66623
FI,Petroleum Coke,950587.859544188
FI,Non-specified Petroleum Products,1069624.3938815736
FI,Nuclear fuel,8535.772509275183
FI,"Plastics, basic",152471.4199897508
FI,"Secondary plastic for treatment, Re-processing of secondary plastic into new plastic",0.0
FI,N-fertiliser,775330.4469519379
FI,P- and other fertiliser,79978.23501357796
FI,Chemicals nec,96643.45986324044
FI,Charcoal,5905724.1651829
FI,Additives/Blending Components,12111541.586356614
FI,Biogasoline,5234306.181394381
FI,Biodiesels,9206.044739607842
FI,Other Liquid Biofuels,28296.57282003544
FI,Rubber and plastic products (25),41537.64016994586
FI,Glass and glass products,252091.4998320906
FI,"Secondary glass for treatment, Re-processing of secondary glass into new glass",0.0
FI,Ceramic goods,183361.25420809007
FI,"Bricks, tiles and construction products, in baked clay",158359.80374269653
FI,"Cement, lime and plaster",501768.0492949067
FI,"Ash for treatment, Re-processing of ash into clinker",0.0
FI,Other non-metallic mineral products,219531.3583138274
FI,Basic iron and steel and of ferro-alloys and first products thereof,250893.8928586064
FI,"Secondary steel for treatment, Re-processing of secondary steel into new steel",0.0
FI,Precious metals,24449.378787825743
FI,"Secondary preciuos metals for treatment, Re-processing of secondary preciuos metals into new preciuos metals",0.0
FI,Aluminium and aluminium products,60280.35744639246
FI,"Secondary aluminium for treatment, Re-processing of secondary aluminium into new aluminium",0.0
FI,"Lead, zinc and tin and products thereof",97700.77215447726
FI,"Secondary lead for treatment, Re-processing of secondary lead into new lead",0.0
FI,Copper products,49517.27798903409
FI,"Secondary copper for treatment, Re-processing of secondary copper into new copper",0.0
FI,Other non-ferrous metal products,79125.78964963056
FI,"Secondary other non-ferrous metals for treatment, Re-processing of secondary other non-ferrous metals into new other non-ferrous metals",0.0
FI,Foundry work services,514916.56328976055
FI,"Fabricated metal products, except machinery and equipment (28)",28328.806283344267
FI,Machinery and equipment n.e.c. (29),8376.493947851504
FI,Office machinery and computers (30),16709.32637963607
FI,Electrical machinery and apparatus n.e.c. (31),6944.740467917863
FI,"Radio, television and communication equipment and apparatus (32)",9623.077443671787
FI,"Medical, precision and optical instruments, watches and clocks (33)",6622.327595326534
FI,"Motor vehicles, trailers and semi-trailers (34)",51107.32925325725
FI,Other transport equipment (35),48884.18598744072
FI,Furniture; other manufactured goods n.e.c. (36),139447.1949933622
FI,Secondary raw materials,213704.09119532726
FI,"Bottles for treatment, Recycling of bottles by direct reuse",0.0
FI,Electricity by coal,10937984.907890808
FI,Electricity by gas,5683160.057801541
FI,Electricity by nuclear,2380.775608507976
FI,Electricity by hydro,51729.86958787973
FI,Electricity by wind,16443.88814919353
FI,Electricity by petroleum and other oil derivatives,1728693.4351131136
FI,Electricity by biomass and waste,1021418.392094533
FI,Electricity by solar photovoltaic,906949.0906427908
FI,Electricity by solar thermal,0.0
FI,"Electricity by tide, wave, ocean",0.0
FI,Electricity by Geothermal,0.0
FI,Electricity nec,96951.56245992289
FI,Transmission services of electricity,1063.219883174211
FI,Distribution and trade services of electricity,176.92820352022767
FI,Coke oven gas,276246.01906246314
FI,Blast Furnace Gas,131340.3489225336
FI,Oxygen Steel Furnace Gas,0.0
FI,Gas Works Gas,248135.22812250452
FI,Biogas,244037.52745322968
FI,Distribution services of gaseous fuels through mains,264457.25963207614
FI,Steam and hot water supply services,11892997.52177621
FI,"Collected and purified water, distribution services of water (41)",82802.03976532444
FI,Construction work (45),93997.97562949556
FI,"Secondary construction material for treatment, Re-processing of secondary construction material into aggregates",0.0
FI,"Sale, maintenance, repair of motor vehicles, motor vehicles parts, motorcycles, motor cycles parts and accessoiries",128750.73544348268
FI,Retail trade services of motor fuel,9003.419424732721
FI,"Wholesale trade and commission trade services, except of motor vehicles and motorcycles (51)",13295.430630213492
FI,"Retail  trade services, except of motor vehicles and motorcycles; repair services of personal and household goods (52)",19157.0994820409
FI,Hotel and restaurant services (55),51758.50417354514
FI,Railway transportation services,76329.21752332544
FI,Other land transportation services,41279.13754782502
FI,Transportation services via pipelines,23268.468994088907
FI,Sea and coastal water transportation services,1060576.774755074
FI,Inland water transportation services,761880.1637928471
FI,Air transport services (62),652329.0114963353
FI,Supporting and auxiliary transport services; travel agency services (63),13916.108898014234
FI,Post and telecommunication services (64),2503.868878163617
FI,"Financial intermediation services, except insurance and pension funding services (65)",4961.221007492298
FI,"Insurance and pension funding services, except compulsory social security services (66)",1644.7094072301036
FI,Services auxiliary to financial intermediation (67),4779.233135764468
FI,Real estate services (70),28506.859817191144
FI,Renting services of machinery and equipment without operator and of personal and household goods (71),61341.78733792264
FI,Computer and related services (72),10153.420074342534
FI,Research and development services (73),54124.47737490602
FI,Other business services (74),77090.32389968798
FI,Public administration and defence services; compulsory social security services (75),11568.508996667368
FI,Education services (80),4024.8677345528477
FI,Health and social work services (85),6197.389295156104
FI,Food waste for treatment: incineration,69370.06559165743
FI,Paper waste for treatment: incineration,161218.91813511314
FI,Plastic waste for treatment: incineration,61564.28019293913
FI,Intert/metal waste for treatment: incineration,81700.63169842886
FI,Textiles waste for treatment: incineration,162068.06720616203
FI,Wood waste for treatment: incineration,40140.106139910255
FI,Oil/hazardous waste for treatment: incineration,48311.42932137856
FI,Food waste for treatment: biogasification and land application,0.0
FI,Paper waste for treatment: biogasification and land application,0.0
FI,Sewage sludge for treatment: biogasification and land application,30661.09074146363
FI,Food waste for treatment: composting and land application,146675.83473907408
FI,Paper and wood waste for treatment: composting and land application,0.0
FI,Food waste for treatment: waste water treatment,231538.38847092085
FI,Other waste for treatment: waste water treatment,232779.10749187632
FI,Food waste for treatment: landfill,342551.84237680957
FI,Paper for treatment: landfill,51956.63842471028
FI,Plastic waste for treatment: landfill,36631.50332292509
FI,Inert/metal/hazardous waste for treatment: landfill,36150.27580621921
FI,Textiles waste for treatment: landfill,40207.948632719366
FI,Wood waste for treatment: landfill,34756.16006793282
FI,Membership organisation services n.e.c. (91),3202.39105731556
FI,"Recreational, cultural and sporting services (92)",6016.210933484002
FI,Other services (93),10248.550395902517
FI,Private households with employed persons (95),2738.448147471162
FI,Extra-territorial organizations and bodies,0.0
FR,Paddy rice,92574.98347625002
FR,Wheat,875491.4697530757
FR,Cereal grains nec,1378388.0424276656
FR,"Vegetables, fruit, nuts",98680.84210651276
FR,Oil seeds,1163503.17520458
FR,"Sugar cane, sugar beet",684660.1992896318
FR,Plant-based fibers,1201297.2838154447
FR,Crops nec,347079.3757984849
FR,Cattle,5265060.671353687
FR,Pigs,733793.7736930266
FR,Poultry,501723.63638966903
FR,Meat animals nec,3258872.3653971395
FR,Animal products nec,5379681.579303827
FR,Raw milk,1573616.3812557943
FR,"Wool, silk-worm cocoons",11464.151713339777
FR,Manure (conventional treatment),0.0
FR,Manure (biogas treatment),0.0
FR,"Products of forestry, logging and related services (02)",102782.40983897263
FR,Fish and other fishing products; services incidental of fishing (05),419938.4467322206
FR,Anthracite,0.0
FR,Coking Coal,0.0
FR,Other Bituminous Coal,0.0
FR,Sub-Bituminous Coal,0.0
FR,Patent Fuel,0.0
FR,Lignite/Brown Coal,492373.70699762244
FR,BKB/Peat Briquettes,0.0
FR,Peat,0.0
FR,"Crude petroleum and services related to crude oil extraction, excluding surveying",15004290.27568773
FR,"Natural gas and services related to natural gas extraction, excluding surveying",5644989.562750413
FR,Natural Gas Liquids,0.0
FR,Other Hydrocarbons,0.0
FR,Uranium and thorium ores (12),221532.92925682006
FR,Iron ores,0.0
FR,Copper ores and concentrates,0.0
FR,Nickel ores and concentrates,0.0
FR,Aluminium ores and concentrates,74044.41464843626
FR,Precious metal ores and concentrates,0.0
FR,"Lead, zinc and tin ores and concentrates",0.0
FR,Other non-ferrous metal ores and concentrates,2.380635575253774
FR,Stone,1899711.9968776153
FR,Sand and clay,792823.6631159708
FR,"Chemical and fertilizer minerals, salt and other mining and quarrying products n.e.c.",231150.19627630693
FR,Products of meat cattle,56705.48105699621
FR,Products of meat pigs,89862.18342159787
FR,Products of meat poultry,40649.68418518077
FR,Meat products nec,73311.75220771003
FR,products of Vegetable oils and fats,28948.079546499426
FR,Dairy products,53182.363302590944
FR,Processed rice,10036.620284042325
FR,Sugar,48731.78941957041
FR,Food products nec,88580.3165558832
FR,Beverages,41690.82877211243
FR,Fish products,49989.75207802032
FR,Tobacco products (16),8306.907314999527
FR,Textiles (17),22701.77004832972
FR,Wearing apparel; furs (18),15165.012669552656
FR,Leather and leather products (19),6690.654310037126
FR,Wood and products of wood and cork (except furniture); articles of straw and plaiting materials (20),36924.16615674831
FR,"Wood material for treatment, Re-processing of secondary wood material into new wood material",0.0
FR,Pulp,30388.507742856607
FR,"Secondary paper for treatment, Re-processing of secondary paper into new pulp",0.0
FR,Paper and paper products,17249.095299802015
FR,Printed matter and recorded media (22),42990.340409403805
FR,Coke Oven Coke,30529006.44894399
FR,Gas Coke,0.0
FR,Coal Tar,12659254.52787949
FR,Motor Gasoline,166857.76522532044
FR,Aviation Gasoline,166857.7333147145
FR,Gasoline Type Jet Fuel,0.0
FR,Kerosene Type Jet Fuel,166857.73600549297
FR,Kerosene,166857.77603771552
FR,Gas/Diesel Oil,166857.74114448344
FR,Heavy Fuel Oil,166857.7247945315
FR,Refinery Gas,166857.72337306789
FR,Liquefied Petroleum Gases (LPG),166857.75525987172
FR,Refinery Feedstocks,166857.69427382798
FR,Ethane,166857.79211598355
FR,Naphtha,166857.69327917075
FR,White Spirit & SBP,166857.7547420516
FR,Lubricants,166857.72571553482
FR,Bitumen,166857.7236581219
FR,Paraffin Waxes,166857.71455199408
FR,Petroleum Coke,166857.70387453766
FR,Non-specified Petroleum Products,166857.7144274636
FR,Nuclear fuel,1281.3225902443057
FR,"Plastics, basic",501949.881636351
FR,"Secondary plastic for treatment, Re-processing of secondary plastic into new plastic",0.0
FR,N-fertiliser,66008.3462660562
FR,P- and other fertiliser,531912.6748759617
FR,Chemicals nec,58845.17134652216
FR,Charcoal,0.0
FR,Additives/Blending Components,58900.01270864192
FR,Biogasoline,58897.54056729967
FR,Biodiesels,58898.15770904938
FR,Other Liquid Biofuels,58899.930228141726
FR,Rubber and plastic products (25),28637.223019521603
FR,Glass and glass products,307588.4460426877
FR,"Secondary glass for treatment, Re-processing of secondary glass into new glass",0.0
FR,Ceramic goods,567817.9456588854
FR,"Bricks, tiles and construction products, in baked clay",689301.1589315212
FR,"Cement, lime and plaster",772062.79144233
FR,"Ash for treatment, Re-processing of ash into clinker",0.0
FR,Other non-metallic mineral products,378620.23920381954
FR,Basic iron and steel and of ferro-alloys and first products thereof,501496.6522393972
FR,"Secondary steel for treatment, Re-processing of secondary steel into new steel",0.0
FR,Precious metals,63245.24162491443
FR,"Secondary preciuos metals for treatment, Re-processing of secondary preciuos metals into new preciuos metals",0.0
FR,Aluminium and aluminium products,163107.70670145514
FR,"Secondary aluminium for treatment, Re-processing of secondary aluminium into new aluminium",0.0
FR,"Lead, zinc and tin and products thereof",658225.2445052288
FR,"Secondary lead for treatment, Re-processing of secondary lead into new lead",0.0
FR,Copper products,18367.821930986553
FR,"Secondary copper for treatment, Re-processing of secondary copper into new copper",0.0
FR,Other non-ferrous metal products,6609.338674345403
FR,"Secondary other non-ferrous metals for treatment, Re-processing of secondary other non-ferrous metals into new other non-ferrous metals",0.0
FR,Foundry work services,128516.13411047253
FR,"Fabricated metal products, except machinery and equipment (28)",17621.573038692615
FR,Machinery and equipment n.e.c. (29),12925.083620293619
FR,Office machinery and computers (30),49152.57591975193
FR,Electrical machinery and apparatus n.e.c. (31),3782.6492356838066
FR,"Radio, television and communication equipment and apparatus (32)",3972.1224684205436
FR,"Medical, precision and optical instruments, watches and clocks (33)",0.0
FR,"Motor vehicles, trailers and semi-trailers (34)",16452.4381327382
FR,Other transport equipment (35),3016.7032753063836
FR,Furniture; other manufactured goods n.e.c. (36),43549.87927106428
FR,Secondary raw materials,0.0
FR,"Bottles for treatment, Recycling of bottles by direct reuse",0.0
FR,Electricity by coal,5346270.04325315
FR,Electricity by gas,3148045.1864123894
FR,Electricity by nuclear,0.10207083419431115
FR,Electricity by hydro,357.67122012949113
FR,Electricity by wind,30.934342092099204
FR,Electricity by petroleum and other oil derivatives,6700729.897508858
FR,Electricity by biomass and waste,2555352.7867762977
FR,Electricity by solar photovoltaic,0.47185913794752443
FR,Electricity by solar thermal,0.0
FR,"Electricity by tide, wave, ocean",54.801030432268284
FR,Electricity by Geothermal,27.776437424359106
FR,Electricity nec,57.82740936425097
FR,Transmission services of electricity,0.05453005650229091
FR,Distribution and trade services of electricity,0.03993675181408559
FR,Coke oven gas,0.0
FR,Blast Furnace Gas,149546.26606129925
FR,Oxygen Steel Furnace Gas,0.0
FR,Gas Works Gas,0.0
FR,Biogas,149694.81031567833
FR,Distribution services of gaseous fuels through mains,149955.51883948952
FR,Steam and hot water supply services,1975022.3334464182
FR,"Collected and purified water, distribution services of water (41)",20923.3794140466
FR,Construction work (45),31292.858610960026
FR,"Secondary construction material for treatment, Re-processing of secondary construction material into aggregates",0.0
FR,"Sale, maintenance, repair of motor vehicles, motor vehicles parts, motorcycles, motor cycles parts and accessoiries",19693.235622980064
FR,Retail trade services of motor fuel,2615.4532704106164
FR,"Wholesale trade and commission trade services, except of motor vehicles and motorcycles (51)",21832.33519937475
FR,"Retail  trade services, except of motor vehicles and motorcycles; repair services of personal and household goods (52)",23499.78178408414
FR,Hotel and restaurant services (55),5000.518303629298
FR,Railway transportation services,83031.88284866135
FR,Other land transportation services,52267.22266530132
FR,Transportation services via pipelines,1229.7761972300532
FR,Sea and coastal water transportation services,1429799.0478163594
FR,Inland water transportation services,448884.26164890255
FR,Air transport services (62),724246.0905945104
FR,Supporting and auxiliary transport services; travel agency services (63),25773.780978572933
FR,Post and telecommunication services (64),7280.519467842219
FR,"Financial intermediation services, except insurance and pension funding services (65)",4853.515132837807
FR,"Insurance and pension funding services, except compulsory social security services (66)",3213.5540538254722
FR,Services auxiliary to financial intermediation (67),3028.863112442583
FR,Real estate services (70),2090.787795195827
FR,Renting services of machinery and equipment without operator and of personal and household goods (71),42208.16926696634
FR,Computer and related services (72),18502.973199726617
FR,Research and development services (73),14487.84516184707
FR,Other business services (74),17025.344554447634
FR,Public administration and defence services; compulsory social security services (75),63355.656594005915
FR,Education services (80),24064.590141251745
FR,Health and social work services (85),4056.248163457676
FR,Food waste for treatment: incineration,66020.99671306748
FR,Paper waste for treatment: incineration,66565.52068956339
FR,Plastic waste for treatment: incineration,46772.18758011924
FR,Intert/metal waste for treatment: incineration,60120.287795260105
FR,Textiles waste for treatment: incineration,52672.64653547492
FR,Wood waste for treatment: incineration,53058.876749693605
FR,Oil/hazardous waste for treatment: incineration,58223.20914333298
FR,Food waste for treatment: biogasification and land application,47176.38316126672
FR,Paper waste for treatment: biogasification and land application,42136.30234872944
FR,Sewage sludge for treatment: biogasification and land application,46418.28369431635
FR,Food waste for treatment: composting and land application,133579.39210129177
FR,Paper and wood waste for treatment: composting and land application,37301.539959393696
FR,Food waste for treatment: waste water treatment,917013.5191824811
FR,Other waste for treatment: waste water treatment,1013002.4067276126
FR,Food waste for treatment: landfill,608800.694171932
FR,Paper for treatment: landfill,75653.66352849314
FR,Plastic waste for treatment: landfill,67478.1790527131
FR,Inert/metal/hazardous waste for treatment: landfill,106328.17359746259
FR,Textiles waste for treatment: landfill,63520.82856058137
FR,Wood waste for treatment: landfill,52727.945475719265
FR,Membership organisation services n.e.c. (91),13960.997629669599
FR,"Recreational, cultural and sporting services (92)",15995.221567750637
FR,Other services (93),12575.138857011198
FR,Private households with employed persons (95),15.538275918436925
FR,Extra-territorial organizations and bodies,0.0
GR,Paddy rice,887649.026279465
GR,Wheat,2629751.719881214
GR,Cereal grains nec,291381.61913119775
GR,"Vegetables, fruit, nuts",233595.65781676618
GR,Oil seeds,1800840.9777280325
GR,"Sugar cane, sugar beet",3266014.6655310206
GR,Plant-based fibers,702325.1987000045
GR,Crops nec,391977.22353413765
GR,Cattle,3318356.7413382856
GR,Pigs,416342.77872832055
GR,Poultry,268558.2703619537
GR,Meat animals nec,1751047.782408381
GR,Animal products nec,3225453.9758996433
GR,Raw milk,3111217.626867577
GR,"Wool, silk-worm cocoons",83042.14479576026
GR,Manure (conventional treatment),0.0
GR,Manure (biogas treatment),0.0
GR,"Products of forestry, logging and related services (02)",1852275.7315098313
GR,Fish and other fishing products; services incidental of fishing (05),92729.27386484643
GR,Anthracite,0.0
GR,Coking Coal,0.0
GR,Other Bituminous Coal,11942136.512128972
GR,Sub-Bituminous Coal,0.0
GR,Patent Fuel,0.0
GR,Lignite/Brown Coal,11942098.034439
GR,BKB/Peat Briquettes,0.0
GR,Peat,0.0
GR,"Crude petroleum and services related to crude oil extraction, excluding surveying",3937509.054789794
GR,"Natural gas and services related to natural gas extraction, excluding surveying",490015.60351888125
GR,Natural Gas Liquids,0.0
GR,Other Hydrocarbons,0.0
GR,Uranium and thorium ores (12),0.0
GR,Iron ores,1822107.2818324298
GR,Copper ores and concentrates,0.0
GR,Nickel ores and concentrates,228966.70562002787
GR,Aluminium ores and concentrates,1420258.5018975972
GR,Precious metal ores and concentrates,62.24909381406337
GR,"Lead, zinc and tin ores and concentrates",446837.53536689497
GR,Other non-ferrous metal ores and concentrates,549819.3962111768
GR,Stone,25128.72124479279
GR,Sand and clay,6455041.693528339
GR,"Chemical and fertilizer minerals, salt and other mining and quarrying products n.e.c.",3957312.053344056
GR,Products of meat cattle,13249.476381272161
GR,Products of meat pigs,15519.001412123333
GR,Products of meat poultry,14654.80119047334
GR,Meat products nec,97559.00688762804
GR,products of Vegetable oils and fats,22060.317625088945
GR,Dairy products,21911.106636773296
GR,Processed rice,49583.474986507084
GR,Sugar,38728.15758726389
GR,Food products nec,42792.66735346165
GR,Beverages,106489.69518556393
GR,Fish products,120230.97711572835
GR,Tobacco products (16),617996.4159870349
GR,Textiles (17),38024.51844820986
GR,Wearing apparel; furs (18),848581.379703834
GR,Leather and leather products (19),43432.20467300991
GR,Wood and products of wood and cork (except furniture); articles of straw and plaiting materials (20),79184.75718653925
GR,"Wood material for treatment, Re-processing of secondary wood material into new wood material",0.0
GR,Pulp,58022.33147137937
GR,"Secondary paper for treatment, Re-processing of secondary paper into new pulp",0.0
GR,Paper and paper products,90814.8934151144
GR,Printed matter and recorded media (22),19771.828380847674
GR,Coke Oven Coke,0.0
GR,Gas Coke,0.0
GR,Coal Tar,0.0
GR,Motor Gasoline,433692.0540249916
GR,Aviation Gasoline,33850.59465443903
GR,Gasoline Type Jet Fuel,0.0
GR,Kerosene Type Jet Fuel,432575.7667143681
GR,Kerosene,82000.79422069243
GR,Gas/Diesel Oil,431629.475475662
GR,Heavy Fuel Oil,430604.23431819933
GR,Refinery Gas,151812.6752300501
GR,Liquefied Petroleum Gases (LPG),433689.15113683615
GR,Refinery Feedstocks,431727.60275887646
GR,Ethane,0.0
GR,Naphtha,414196.5028954969
GR,White Spirit & SBP,0.0
GR,Lubricants,435458.79956103035
GR,Bitumen,431534.2867959238
GR,Paraffin Waxes,0.0
GR,Petroleum Coke,212775.30554534012
GR,Non-specified Petroleum Products,434379.55001619743
GR,Nuclear fuel,0.0
GR,"Plastics, basic",113584.80889567349
GR,"Secondary plastic for treatment, Re-processing of secondary plastic into new plastic",0.0
GR,N-fertiliser,72686.2182324194
GR,P- and other fertiliser,115872.9554615402
GR,Chemicals nec,234307.03844574426
GR,Charcoal,1328781.0243580397
GR,Additives/Blending Components,2584787.704467708
GR,Biogasoline,39346.68248461548
GR,Biodiesels,38891.640037021156
GR,Other Liquid Biofuels,2581806.0730270296
GR,Rubber and plastic products (25),77075.66291016291
GR,Glass and glass products,536502.3881627651
GR,"Secondary glass for treatment, Re-processing of secondary glass into new glass",24184.35611458647
GR,Ceramic goods,1501432.3981683808
GR,"Bricks, tiles and construction products, in baked clay",2162320.0046229176
GR,"Cement, lime and plaster",2941371.061829466
GR,"Ash for treatment, Re-processing of ash into clinker",24184.35611458647
GR,Other non-metallic mineral products,646155.3588018625
GR,Basic iron and steel and of ferro-alloys and first products thereof,1161839.769239026
GR,"Secondary steel for treatment, Re-processing of secondary steel into new steel",24184.35252068161
GR,Precious metals,133757.4147738385
GR,"Secondary preciuos metals for treatment, Re-processing of secondary preciuos metals into new preciuos metals",24184.352522252575
GR,Aluminium and aluminium products,445108.3889593963
GR,"Secondary aluminium for treatment, Re-processing of secondary aluminium into new aluminium",24184.35252068161
GR,"Lead, zinc and tin and products thereof",177047.2369597835
GR,"Secondary lead for treatment, Re-processing of secondary lead into new lead",24184.35252068161
GR,Copper products,870890.2962047287
GR,"Secondary copper for treatment, Re-processing of secondary copper into new copper",24184.35252068161
GR,Other non-ferrous metal products,92364.21490287055
GR,"Secondary other non-ferrous metals for treatment, Re-processing of secondary other non-ferrous metals into new other non-ferrous metals",24184.35252068161
GR,Foundry work services,92042.67602513185
GR,"Fabricated metal products, except machinery and equipment (28)",306205.6311277202
GR,Machinery and equipment n.e.c. (29),91694.3309052694
GR,Office machinery and computers (30),33391.086191275695
GR,Electrical machinery and apparatus n.e.c. (31),1314859.873092302
GR,"Radio, television and communication equipment and apparatus (32)",253756.38698638597
GR,"Medical, precision and optical instruments, watches and clocks (33)",39579.43767253321
GR,"Motor vehicles, trailers and semi-trailers (34)",39124.19026301237
GR,Other transport equipment (35),1706203.1029043314
GR,Furniture; other manufactured goods n.e.c. (36),629218.6637076415
GR,Secondary raw materials,393302.13581807713
GR,"Bottles for treatment, Recycling of bottles by direct reuse",401663.89458433876
GR,Electricity by coal,9467402.532205073
GR,Electricity by gas,3935110.782486699
GR,Electricity by nuclear,893319.1184930807
GR,Electricity by hydro,95.4618953231671
GR,Electricity by wind,511.95855430748577
GR,Electricity by petroleum and other oil derivatives,5591181.478668835
GR,Electricity by biomass and waste,281923.12237302394
GR,Electricity by solar photovoltaic,8.34034494222727
GR,Electricity by solar thermal,0.0
GR,"Electricity by tide, wave, ocean",0.0
GR,Electricity by Geothermal,0.0
GR,Electricity nec,893633.7186121104
GR,Transmission services of electricity,101917.90924100198
GR,Distribution and trade services of electricity,32798.3106817755
GR,Coke oven gas,888240.1489886682
GR,Blast Furnace Gas,889010.9167997362
GR,Oxygen Steel Furnace Gas,414528.4322797528
GR,Gas Works Gas,2096985.9521050774
GR,Biogas,1616.1548396280468
GR,Distribution services of gaseous fuels through mains,199228.00612027323
GR,Steam and hot water supply services,2200459.9278121465
GR,"Collected and purified water, distribution services of water (41)",30083.21318348167
GR,Construction work (45),66066.7852024462
GR,"Secondary construction material for treatment, Re-processing of secondary construction material into aggregates",25225.065836453963
GR,"Sale, maintenance, repair of motor vehicles, motor vehicles parts, motorcycles, motor cycles parts and accessoiries",4998.282173057075
GR,Retail trade services of motor fuel,1034.850962807826
GR,"Wholesale trade and commission trade services, except of motor vehicles and motorcycles (51)",25095.57112444513
GR,"Retail  trade services, except of motor vehicles and motorcycles; repair services of personal and household goods (52)",9253.835671933777
GR,Hotel and restaurant services (55),40511.01786174406
GR,Railway transportation services,61768.56450488821
GR,Other land transportation services,116791.6600386608
GR,Transportation services via pipelines,7779.578176956666
GR,Sea and coastal water transportation services,3245683.6302543445
GR,Inland water transportation services,1228416.141040357
GR,Air transport services (62),622969.8905378523
GR,Supporting and auxiliary transport services; travel agency services (63),54608.00561755405
GR,Post and telecommunication services (64),7385.308336000657
GR,"Financial intermediation services, except insurance and pension funding services (65)",104.64811570478848
GR,"Insurance and pension funding services, except compulsory social security services (66)",51482.16358085232
GR,Services auxiliary to financial intermediation (67),4858.611235993732
GR,Real estate services (70),9484.12933957294
GR,Renting services of machinery and equipment without operator and of personal and household goods (71),116232.25591444294
GR,Computer and related services (72),430322.84121548285
GR,Research and development services (73),11920.83355437234
GR,Other business services (74),12440.162215520537
GR,Public administration and defence services; compulsory social security services (75),18540.849617376625
GR,Education services (80),4354.612565222756
GR,Health and social work services (85),9371.322175406485
GR,Food waste for treatment: incineration,400511.2809961376
GR,Paper waste for treatment: incineration,400496.2811838841
GR,Plastic waste for treatment: incineration,401383.83031963586
GR,Intert/metal waste for treatment: incineration,401092.83958216
GR,Textiles waste for treatment: incineration,401402.92078896886
GR,Wood waste for treatment: incineration,401350.88474472926
GR,Oil/hazardous waste for treatment: incineration,400367.4007947294
GR,Food waste for treatment: biogasification and land application,401555.54283355677
GR,Paper waste for treatment: biogasification and land application,401650.31931344204
GR,Sewage sludge for treatment: biogasification and land application,442511.81390789704
GR,Food waste for treatment: composting and land application,401523.3778923172
GR,Paper and wood waste for treatment: composting and land application,401653.0742800612
GR,Food waste for treatment: waste water treatment,467125.6791771515
GR,Other waste for treatment: waste water treatment,470893.6716529641
GR,Food waste for treatment: landfill,438251.20008341514
GR,Paper for treatment: landfill,2492005.0948219043
GR,Plastic waste for treatment: landfill,401459.60478931264
GR,Inert/metal/hazardous waste for treatment: landfill,440671.1969792484
GR,Textiles waste for treatment: landfill,401498.41879819223
GR,Wood waste for treatment: landfill,401304.85880111554
GR,Membership organisation services n.e.c. (91),3570.442066531526
GR,"Recreational, cultural and sporting services (92)",8350.972589751735
GR,Other services (93),1922.0754954824217
GR,Private households with employed persons (95),10.409666433864192
GR,Extra-territorial organizations and bodies,0.0
HR,Paddy rice,56129.04974351589
HR,Wheat,1009665.1694440776
HR,Cereal grains nec,1201804.1378191987
HR,"Vegetables, fruit, nuts",376654.225259376
HR,Oil seeds,708170.0294373994
HR,"Sugar cane, sugar beet",278401.6882147473
HR,Plant-based fibers,19875.737809922626
HR,Crops nec,117697.96501514943
HR,Cattle,5155728.088313034
HR,Pigs,2623823.682644722
HR,Poultry,207069.1933306155
HR,Meat animals nec,1259401.2754049413
HR,Animal products nec,5170280.8312427625
HR,Raw milk,513098.48131486285
HR,"Wool, silk-worm cocoons",718743.2438356369
HR,Manure (conventional treatment),0.0
HR,Manure (biogas treatment),0.0
HR,"Products of forestry, logging and related services (02)",87927.51212532095
HR,Fish and other fishing products; services incidental of fishing (05),264490.4911372436
HR,Anthracite,12933.436533648843
HR,Coking Coal,41902.521682563856
HR,Other Bituminous Coal,39310.29591789753
HR,Sub-Bituminous Coal,20828.265435864312
HR,Patent Fuel,24830.178253162525
HR,Lignite/Brown Coal,34699.00156357349
HR,BKB/Peat Briquettes,30456.95541374026
HR,Peat,55060.44923842661
HR,"Crude petroleum and services related to crude oil extraction, excluding surveying",673526.7376324442
HR,"Natural gas and services related to natural gas extraction, excluding surveying",247472.7129723846
HR,Natural Gas Liquids,403591.95057331165
HR,Other Hydrocarbons,64357.810994747415
HR,Uranium and thorium ores (12),46328.753272768256
HR,Iron ores,20831.59628892463
HR,Copper ores and concentrates,38597.63813575684
HR,Nickel ores and concentrates,2687.6154799177007
HR,Aluminium ores and concentrates,1218014.8782250131
HR,Precious metal ores and concentrates,22718.157152749267
HR,"Lead, zinc and tin ores and concentrates",26748.067748364567
HR,Other non-ferrous metal ores and concentrates,20834.180152192563
HR,Stone,33427.314787002804
HR,Sand and clay,249356.41744471248
HR,"Chemical and fertilizer minerals, salt and other mining and quarrying products n.e.c.",387534.6044823292
HR,Products of meat cattle,105667.1158484705
HR,Products of meat pigs,80153.11081643382
HR,Products of meat poultry,43670.11660934286
HR,Meat products nec,180944.65726584737
HR,products of Vegetable oils and fats,28043.464655478394
HR,Dairy products,158518.79380958964
HR,Processed rice,20802.71214594752
HR,Sugar,125415.61313197546
HR,Food products nec,45974.23388744795
HR,Beverages,87996.86317382181
HR,Fish products,603926.2622736526
HR,Tobacco products (16),390481.75717088557
HR,Textiles (17),23845.847661887634
HR,Wearing apparel; furs (18),23003.81647077519
HR,Leather and leather products (19),79322.45835213103
HR,Wood and products of wood and cork (except furniture); articles of straw and plaiting materials (20),106504.12839329711
HR,"Wood material for treatment, Re-processing of secondary wood material into new wood material",0.0
HR,Pulp,103756.56201006201
HR,"Secondary paper for treatment, Re-processing of secondary paper into new pulp",0.0
HR,Paper and paper products,14808.678288959234
HR,Printed matter and recorded media (22),15208.780875974115
HR,Coke Oven Coke,39719.241128804104
HR,Gas Coke,0.0
HR,Coal Tar,45538.67382308015
HR,Motor Gasoline,389984.126947493
HR,Aviation Gasoline,40353.61062913376
HR,Gasoline Type Jet Fuel,46333.580947495175
HR,Kerosene Type Jet Fuel,471615.0229110791
HR,Kerosene,300942.7643526339
HR,Gas/Diesel Oil,410384.5684817824
HR,Heavy Fuel Oil,403416.39848005335
HR,Refinery Gas,65302.55480783849
HR,Liquefied Petroleum Gases (LPG),390493.3306159522
HR,Refinery Feedstocks,34288.00340819835
HR,Ethane,46334.6238446778
HR,Naphtha,559314.5780936981
HR,White Spirit & SBP,38633.97088747527
HR,Lubricants,100275.95518703682
HR,Bitumen,22463.641680477707
HR,Paraffin Waxes,40366.802568575695
HR,Petroleum Coke,385842.76722587115
HR,Non-specified Petroleum Products,302050.19932995096
HR,Nuclear fuel,2001.8465344820606
HR,"Plastics, basic",200092.4698753081
HR,"Secondary plastic for treatment, Re-processing of secondary plastic into new plastic",0.0
HR,N-fertiliser,778703.3666893665
HR,P- and other fertiliser,38540.283526724124
HR,Chemicals nec,123664.81854734512
HR,Charcoal,315763.05226789654
HR,Additives/Blending Components,929053.656690185
HR,Biogasoline,36494.210137158305
HR,Biodiesels,72339.91601424107
HR,Other Liquid Biofuels,125195.57067188069
HR,Rubber and plastic products (25),123443.30802825904
HR,Glass and glass products,720193.3497905536
HR,"Secondary glass for treatment, Re-processing of secondary glass into new glass",0.0
HR,Ceramic goods,245221.1550537496
HR,"Bricks, tiles and construction products, in baked clay",374408.62236379663
HR,"Cement, lime and plaster",737994.6955881662
HR,"Ash for treatment, Re-processing of ash into clinker",0.0
HR,Other non-metallic mineral products,452771.6532878181
HR,Basic iron and steel and of ferro-alloys and first products thereof,672395.74750203
HR,"Secondary steel for treatment, Re-processing of secondary steel into new steel",0.0
HR,Precious metals,85284.09177932767
HR,"Secondary preciuos metals for treatment, Re-processing of secondary preciuos metals into new preciuos metals",0.0
HR,Aluminium and aluminium products,764081.330500466
HR,"Secondary aluminium for treatment, Re-processing of secondary aluminium into new aluminium",0.0
HR,"Lead, zinc and tin and products thereof",385860.5575641424
HR,"Secondary lead for treatment, Re-processing of secondary lead into new lead",0.0
HR,Copper products,592289.0294846407
HR,"Secondary copper for treatment, Re-processing of secondary copper into new copper",0.0
HR,Other non-ferrous metal products,2040335.1843340402
HR,"Secondary other non-ferrous metals for treatment, Re-processing of secondary other non-ferrous metals into new other non-ferrous metals",0.0
HR,Foundry work services,17216.69231022251
HR,"Fabricated metal products, except machinery and equipment (28)",16107.61106673907
HR,Machinery and equipment n.e.c. (29),16074.147368441227
HR,Office machinery and computers (30),29585.240658782925
HR,Electrical machinery and apparatus n.e.c. (31),176533.22608757147
HR,"Radio, television and communication equipment and apparatus (32)",160862.20306491817
HR,"Medical, precision and optical instruments, watches and clocks (33)",177374.2249196703
HR,"Motor vehicles, trailers and semi-trailers (34)",14355.48647285558
HR,Other transport equipment (35),11893.68625665808
HR,Furniture; other manufactured goods n.e.c. (36),53390.10773828846
HR,Secondary raw materials,83557.0403688571
HR,"Bottles for treatment, Recycling of bottles by direct reuse",0.0
HR,Electricity by coal,3379537.1906003724
HR,Electricity by gas,2714707.763718115
HR,Electricity by nuclear,13619.891025248435
HR,Electricity by hydro,464253.0134424489
HR,Electricity by wind,8.02314325111076
HR,Electricity by petroleum and other oil derivatives,1000249.901139321
HR,Electricity by biomass and waste,46653.50297692721
HR,Electricity by solar photovoltaic,11.564197858890067
HR,Electricity by solar thermal,0.0
HR,"Electricity by tide, wave, ocean",0.0
HR,Electricity by Geothermal,0.9129410156640954
HR,Electricity nec,19937.413388899684
HR,Transmission services of electricity,53268.79179614626
HR,Distribution and trade services of electricity,151638.6425862919
HR,Coke oven gas,35163.15395395984
HR,Blast Furnace Gas,336163.4613728518
HR,Oxygen Steel Furnace Gas,0.0
HR,Gas Works Gas,0.0
HR,Biogas,221421.14718740867
HR,Distribution services of gaseous fuels through mains,215221.28086299615
HR,Steam and hot water supply services,282919.3387760771
HR,"Collected and purified water, distribution services of water (41)",181903.05111781147
HR,Construction work (45),161443.6971228307
HR,"Secondary construction material for treatment, Re-processing of secondary construction material into aggregates",0.0
HR,"Sale, maintenance, repair of motor vehicles, motor vehicles parts, motorcycles, motor cycles parts and accessoiries",76434.28317020278
HR,Retail trade services of motor fuel,3999333.9429792077
HR,"Wholesale trade and commission trade services, except of motor vehicles and motorcycles (51)",92752.13294484539
HR,"Retail  trade services, except of motor vehicles and motorcycles; repair services of personal and household goods (52)",102082.32184423524
HR,Hotel and restaurant services (55),24146.344429277644
HR,Railway transportation services,234161.3974717724
HR,Other land transportation services,58710.80886887952
HR,Transportation services via pipelines,7293.815277443357
HR,Sea and coastal water transportation services,1178059.2326468967
HR,Inland water transportation services,844369.9728315158
HR,Air transport services (62),229974.24553553652
HR,Supporting and auxiliary transport services; travel agency services (63),83476.63133521297
HR,Post and telecommunication services (64),11674.371650512656
HR,"Financial intermediation services, except insurance and pension funding services (65)",7402.84121894389
HR,"Insurance and pension funding services, except compulsory social security services (66)",8442.02828328877
HR,Services auxiliary to financial intermediation (67),9150.209048195253
HR,Real estate services (70),205646.5143576354
HR,Renting services of machinery and equipment without operator and of personal and household goods (71),25182.36011673232
HR,Computer and related services (72),54001.74113154747
HR,Research and development services (73),44231.36929009223
HR,Other business services (74),111139.50222878631
HR,Public administration and defence services; compulsory social security services (75),77407.08289122736
HR,Education services (80),5081.335077352943
HR,Health and social work services (85),16516.865203517078
HR,Food waste for treatment: incineration,86767.5380070864
HR,Paper waste for treatment: incineration,92071.3019222174
HR,Plastic waste for treatment: incineration,70239.17328908238
HR,Intert/metal waste for treatment: incineration,233346.05815616527
HR,Textiles waste for treatment: incineration,94481.33565291835
HR,Wood waste for treatment: incineration,127493.20324068313
HR,Oil/hazardous waste for treatment: incineration,39621.35325905335
HR,Food waste for treatment: biogasification and land application,104687.93319686099
HR,Paper waste for treatment: biogasification and land application,104578.84398042498
HR,Sewage sludge for treatment: biogasification and land application,40090.14246700226
HR,Food waste for treatment: composting and land application,12081.983906415348
HR,Paper and wood waste for treatment: composting and land application,53748.00424532328
HR,Food waste for treatment: waste water treatment,27131.668426873486
HR,Other waste for treatment: waste water treatment,27181.730909435937
HR,Food waste for treatment: landfill,16708.713998575357
HR,Paper for treatment: landfill,16959.383712718587
HR,Plastic waste for treatment: landfill,8042.908001267936
HR,Inert/metal/hazardous waste for treatment: landfill,16852.956565099325
HR,Textiles waste for treatment: landfill,16136.567346423695
HR,Wood waste for treatment: landfill,16629.216885825565
HR,Membership organisation services n.e.c. (91),492.80852612654473
HR,"Recreational, cultural and sporting services (92)",8739.034347585324
HR,Other services (93),14554.890209074403
HR,Private households with employed persons (95),226.51542635542756
HR,Extra-territorial organizations and bodies,0.0
HU,Paddy rice,33484.76884245824
HU,Wheat,881129.566389762
HU,Cereal grains nec,836116.451881045
HU,"Vegetables, fruit, nuts",281512.1040852488
HU,Oil seeds,1203278.6800100044
HU,"Sugar cane, sugar beet",669432.229661595
HU,Plant-based fibers,26870.4387926656
HU,Crops nec,54228.220249165905
HU,Cattle,3703026.601576787
HU,Pigs,483918.7259644316
HU,Poultry,503266.37662103225
HU,Meat animals nec,659839.5367587638
HU,Animal products nec,2040284.2052424687
HU,Raw milk,2427174.957638722
HU,"Wool, silk-worm cocoons",30833.812820047326
HU,Manure (conventional treatment),0.0
HU,Manure (biogas treatment),0.0
HU,"Products of forestry, logging and related services (02)",332995.8728962857
HU,Fish and other fishing products; services incidental of fishing (05),803768.7179147376
HU,Anthracite,0.0
HU,Coking Coal,0.0
HU,Other Bituminous Coal,1249909.221996229
HU,Sub-Bituminous Coal,0.0
HU,Patent Fuel,4043566.0237987116
HU,Lignite/Brown Coal,3107791.748766887
HU,BKB/Peat Briquettes,4273161.500845158
HU,Peat,0.0
HU,"Crude petroleum and services related to crude oil extraction, excluding surveying",2682706.667764291
HU,"Natural gas and services related to natural gas extraction, excluding surveying",2869063.795691215
HU,Natural Gas Liquids,2391320.675730184
HU,Other Hydrocarbons,84588.76550963584
HU,Uranium and thorium ores (12),3121358.364202125
HU,Iron ores,9678.160355159916
HU,Copper ores and concentrates,4406579.592948226
HU,Nickel ores and concentrates,9678.180091764305
HU,Aluminium ores and concentrates,151064.9873863513
HU,Precious metal ores and concentrates,4361891.5219389
HU,"Lead, zinc and tin ores and concentrates",4401238.773966294
HU,Other non-ferrous metal ores and concentrates,143418.67650936707
HU,Stone,453254.0450960818
HU,Sand and clay,603614.6961037728
HU,"Chemical and fertilizer minerals, salt and other mining and quarrying products n.e.c.",56772.81002132726
HU,Products of meat cattle,57058.6385006898
HU,Products of meat pigs,44443.678000289634
HU,Products of meat poultry,73701.53920148591
HU,Meat products nec,37147.56726603943
HU,products of Vegetable oils and fats,34362.30291276258
HU,Dairy products,88287.33674748156
HU,Processed rice,95278.65801695889
HU,Sugar,56688.056459129184
HU,Food products nec,123476.96302068286
HU,Beverages,190177.9165081504
HU,Fish products,23034.65396149485
HU,Tobacco products (16),38412.24880395147
HU,Textiles (17),49896.717021291865
HU,Wearing apparel; furs (18),42284.39207873116
HU,Leather and leather products (19),47872.3184263438
HU,Wood and products of wood and cork (except furniture); articles of straw and plaiting materials (20),147648.50778220975
HU,"Wood material for treatment, Re-processing of secondary wood material into new wood material",0.0
HU,Pulp,103010.10743588637
HU,"Secondary paper for treatment, Re-processing of secondary paper into new pulp",0.0
HU,Paper and paper products,209932.7016493288
HU,Printed matter and recorded media (22),112598.8099471891
HU,Coke Oven Coke,987447.8835354156
HU,Gas Coke,0.0
HU,Coal Tar,762209.0675296194
HU,Motor Gasoline,663426.6088644271
HU,Aviation Gasoline,687861.3923502751
HU,Gasoline Type Jet Fuel,0.0
HU,Kerosene Type Jet Fuel,691398.7828415625
HU,Kerosene,46736.99147910221
HU,Gas/Diesel Oil,692332.9061610098
HU,Heavy Fuel Oil,558328.4770365573
HU,Refinery Gas,692371.3322251991
HU,Liquefied Petroleum Gases (LPG),591674.1953721289
HU,Refinery Feedstocks,580860.946778558
HU,Ethane,0.0
HU,Naphtha,691763.0497852258
HU,White Spirit & SBP,572187.2931883445
HU,Lubricants,691138.9256087664
HU,Bitumen,587031.6257482975
HU,Paraffin Waxes,554157.8319634772
HU,Petroleum Coke,577213.1951797033
HU,Non-specified Petroleum Products,653206.9237826255
HU,Nuclear fuel,9826.602344764116
HU,"Plastics, basic",509737.8949298917
HU,"Secondary plastic for treatment, Re-processing of secondary plastic into new plastic",0.0
HU,N-fertiliser,233678.56775100675
HU,P- and other fertiliser,120382.49770165153
HU,Chemicals nec,53822.76251574503
HU,Charcoal,436131.913477308
HU,Additives/Blending Components,18363.80035153888
HU,Biogasoline,18832.69260746314
HU,Biodiesels,18202.655536761747
HU,Other Liquid Biofuels,556740.4831040655
HU,Rubber and plastic products (25),29695.185569078745
HU,Glass and glass products,498625.2820667969
HU,"Secondary glass for treatment, Re-processing of secondary glass into new glass",0.0
HU,Ceramic goods,941984.9703108462
HU,"Bricks, tiles and construction products, in baked clay",312076.493953613
HU,"Cement, lime and plaster",776134.2133489856
HU,"Ash for treatment, Re-processing of ash into clinker",0.0
HU,Other non-metallic mineral products,950347.4266160041
HU,Basic iron and steel and of ferro-alloys and first products thereof,114886.293540103
HU,"Secondary steel for treatment, Re-processing of secondary steel into new steel",0.0
HU,Precious metals,278033.2474675461
HU,"Secondary preciuos metals for treatment, Re-processing of secondary preciuos metals into new preciuos metals",0.0
HU,Aluminium and aluminium products,502212.41967276897
HU,"Secondary aluminium for treatment, Re-processing of secondary aluminium into new aluminium",0.0
HU,"Lead, zinc and tin and products thereof",283741.7755934987
HU,"Secondary lead for treatment, Re-processing of secondary lead into new lead",0.0
HU,Copper products,225630.88271797448
HU,"Secondary copper for treatment, Re-processing of secondary copper into new copper",0.0
HU,Other non-ferrous metal products,66831.4159134251
HU,"Secondary other non-ferrous metals for treatment, Re-processing of secondary other non-ferrous metals into new other non-ferrous metals",0.0
HU,Foundry work services,424036.3580748323
HU,"Fabricated metal products, except machinery and equipment (28)",90866.15896766161
HU,Machinery and equipment n.e.c. (29),29558.71972897884
HU,Office machinery and computers (30),1528.9606536320302
HU,Electrical machinery and apparatus n.e.c. (31),40090.98045504825
HU,"Radio, television and communication equipment and apparatus (32)",14913.11111866592
HU,"Medical, precision and optical instruments, watches and clocks (33)",17953.77532194736
HU,"Motor vehicles, trailers and semi-trailers (34)",57630.33572251021
HU,Other transport equipment (35),35199.42434390072
HU,Furniture; other manufactured goods n.e.c. (36),126103.26770088547
HU,Secondary raw materials,64382.41302560203
HU,"Bottles for treatment, Recycling of bottles by direct reuse",0.0
HU,Electricity by coal,14872969.585151855
HU,Electricity by gas,3196085.717695684
HU,Electricity by nuclear,15.769023551466713
HU,Electricity by hydro,34949.16247840314
HU,Electricity by wind,8429.32696896736
HU,Electricity by petroleum and other oil derivatives,944024.7174533332
HU,Electricity by biomass and waste,557928.7393976904
HU,Electricity by solar photovoltaic,54.03560358150687
HU,Electricity by solar thermal,0.0
HU,"Electricity by tide, wave, ocean",0.0
HU,Electricity by Geothermal,120.08017052277519
HU,Electricity nec,463582.1867095845
HU,Transmission services of electricity,8240.491157915647
HU,Distribution and trade services of electricity,854.7446237285293
HU,Coke oven gas,455643.51003143983
HU,Blast Furnace Gas,462149.84915893787
HU,Oxygen Steel Furnace Gas,0.0
HU,Gas Works Gas,0.0
HU,Biogas,446191.92970593175
HU,Distribution services of gaseous fuels through mains,457371.472396388
HU,Steam and hot water supply services,1929582.901347807
HU,"Collected and purified water, distribution services of water (41)",43189.29711859142
HU,Construction work (45),120417.4236328655
HU,"Secondary construction material for treatment, Re-processing of secondary construction material into aggregates",0.0
HU,"Sale, maintenance, repair of motor vehicles, motor vehicles parts, motorcycles, motor cycles parts and accessoiries",137955.45039950495
HU,Retail trade services of motor fuel,341071.499861324
HU,"Wholesale trade and commission trade services, except of motor vehicles and motorcycles (51)",91626.87839502428
HU,"Retail  trade services, except of motor vehicles and motorcycles; repair services of personal and household goods (52)",19038.48292533081
HU,Hotel and restaurant services (55),179826.07586205483
HU,Railway transportation services,382187.78243599663
HU,Other land transportation services,100383.81738150188
HU,Transportation services via pipelines,1063452.135985344
HU,Sea and coastal water transportation services,127582.35886942186
HU,Inland water transportation services,477543.6837576979
HU,Air transport services (62),162115.4448206028
HU,Supporting and auxiliary transport services; travel agency services (63),136474.92595812987
HU,Post and telecommunication services (64),7882.624801282065
HU,"Financial intermediation services, except insurance and pension funding services (65)",6054.677862524291
HU,"Insurance and pension funding services, except compulsory social security services (66)",4777.64005472309
HU,Services auxiliary to financial intermediation (67),19803.616793362075
HU,Real estate services (70),12237.206516388402
HU,Renting services of machinery and equipment without operator and of personal and household goods (71),72957.01608040585
HU,Computer and related services (72),25395.18215942018
HU,Research and development services (73),72607.5325073935
HU,Other business services (74),62065.54302519544
HU,Public administration and defence services; compulsory social security services (75),64845.47977692086
HU,Education services (80),4849.6686714271855
HU,Health and social work services (85),15889.452380963858
HU,Food waste for treatment: incineration,105641.48709200934
HU,Paper waste for treatment: incineration,101355.94835544092
HU,Plastic waste for treatment: incineration,77758.4583684847
HU,Intert/metal waste for treatment: incineration,113007.03323289624
HU,Textiles waste for treatment: incineration,86942.03771432799
HU,Wood waste for treatment: incineration,342768.2879267547
HU,Oil/hazardous waste for treatment: incineration,95656.56555945029
HU,Food waste for treatment: biogasification and land application,3289782.4867881103
HU,Paper waste for treatment: biogasification and land application,0.0
HU,Sewage sludge for treatment: biogasification and land application,67042.43050727804
HU,Food waste for treatment: composting and land application,452104.4204243077
HU,Paper and wood waste for treatment: composting and land application,1477218.2643556758
HU,Food waste for treatment: waste water treatment,1316849.9445829475
HU,Other waste for treatment: waste water treatment,1291333.1548808326
HU,Food waste for treatment: landfill,312939.0098120956
HU,Paper for treatment: landfill,88554.23322001794
HU,Plastic waste for treatment: landfill,69140.2583065774
HU,Inert/metal/hazardous waste for treatment: landfill,96564.56718538198
HU,Textiles waste for treatment: landfill,78207.94120031655
HU,Wood waste for treatment: landfill,76148.95589715382
HU,Membership organisation services n.e.c. (91),2359.2684906134186
HU,"Recreational, cultural and sporting services (92)",8746.981644318
HU,Other services (93),47465.67794255731
HU,Private households with employed persons (95),12.006806720174167
HU,Extra-territorial organizations and bodies,0.0
IE,Paddy rice,28700.378180540683
IE,Wheat,776339.076699453
IE,Cereal grains nec,1140172.0233387016
IE,"Vegetables, fruit, nuts",232280.25483444027
IE,Oil seeds,267828.6399288675
IE,"Sugar cane, sugar beet",125310.05547974838
IE,Plant-based fibers,28706.66973824212
IE,Crops nec,30061.418198460255
IE,Cattle,4558789.492715833
IE,Pigs,546236.8615301837
IE,Poultry,198230.50317147837
IE,Meat animals nec,2756730.634042445
IE,Animal products nec,43540.59836025286
IE,Raw milk,4984479.955834151
IE,"Wool, silk-worm cocoons",144132.26827047789
IE,Manure (conventional treatment),0.0
IE,Manure (biogas treatment),0.0
IE,"Products of forestry, logging and related services (02)",2764788.618869279
IE,Fish and other fishing products; services incidental of fishing (05),254641.82215376914
IE,Anthracite,90167.00441276794
IE,Coking Coal,0.0
IE,Other Bituminous Coal,0.0
IE,Sub-Bituminous Coal,0.0
IE,Patent Fuel,9503.295083404844
IE,Lignite/Brown Coal,3143424.490484334
IE,BKB/Peat Briquettes,0.0
IE,Peat,150095.0017590316
IE,"Crude petroleum and services related to crude oil extraction, excluding surveying",8789.012005180864
IE,"Natural gas and services related to natural gas extraction, excluding surveying",3874990.606487134
IE,Natural Gas Liquids,8789.021425696794
IE,Other Hydrocarbons,24.672722007956104
IE,Uranium and thorium ores (12),0.0
IE,Iron ores,8851.27971734774
IE,Copper ores and concentrates,8796.190763551787
IE,Nickel ores and concentrates,0.0
IE,Aluminium ores and concentrates,0.0
IE,Precious metal ores and concentrates,26103.504038152536
IE,"Lead, zinc and tin ores and concentrates",42059.592200085746
IE,Other non-ferrous metal ores and concentrates,8825.798261178687
IE,Stone,261858.0495662016
IE,Sand and clay,1132083.608392025
IE,"Chemical and fertilizer minerals, salt and other mining and quarrying products n.e.c.",389276.98487420613
IE,Products of meat cattle,22432.386545338126
IE,Products of meat pigs,10304.98902042823
IE,Products of meat poultry,129862.82049395266
IE,Meat products nec,8299.914158039559
IE,products of Vegetable oils and fats,915825.920195788
IE,Dairy products,28066.55097740822
IE,Processed rice,58438.45985206811
IE,Sugar,67347.88547272667
IE,Food products nec,26933.279459336813
IE,Beverages,41515.93808476003
IE,Fish products,28403.120499557983
IE,Tobacco products (16),9107.043930811811
IE,Textiles (17),4438.976456369724
IE,Wearing apparel; furs (18),16459.52256531149
IE,Leather and leather products (19),3689.059145924187
IE,Wood and products of wood and cork (except furniture); articles of straw and plaiting materials (20),74130.65188611069
IE,"Wood material for treatment, Re-processing of secondary wood material into new wood material",0.0
IE,Pulp,17800.710434372715
IE,"Secondary paper for treatment, Re-processing of secondary paper into new pulp",0.0
IE,Paper and paper products,3110.098437351101
IE,Printed matter and recorded media (22),511.12360826812227
IE,Coke Oven Coke,27365.30906533805
IE,Gas Coke,0.0
IE,Coal Tar,27520.608650516486
IE,Motor Gasoline,29559.314960533568
IE,Aviation Gasoline,168732.69436255112
IE,Gasoline Type Jet Fuel,0.0
IE,Kerosene Type Jet Fuel,169170.6063353935
IE,Kerosene,97050.37687455994
IE,Gas/Diesel Oil,30307.48514689403
IE,Heavy Fuel Oil,168613.36104139278
IE,Refinery Gas,276500.69630777725
IE,Liquefied Petroleum Gases (LPG),168981.05929364267
IE,Refinery Feedstocks,135058.46924001913
IE,Ethane,0.0
IE,Naphtha,167857.5667953688
IE,White Spirit & SBP,27357.956372133554
IE,Lubricants,27577.048321109927
IE,Bitumen,0.0
IE,Paraffin Waxes,27436.701583956918
IE,Petroleum Coke,27357.956574427335
IE,Non-specified Petroleum Products,168284.33776023707
IE,Nuclear fuel,348.9738601336606
IE,"Plastics, basic",29384.028316134587
IE,"Secondary plastic for treatment, Re-processing of secondary plastic into new plastic",0.0
IE,N-fertiliser,4888.105355609286
IE,P- and other fertiliser,10275.400113025446
IE,Chemicals nec,2020.289906833165
IE,Charcoal,103330.38871860468
IE,Additives/Blending Components,81325.4615475005
IE,Biogasoline,3499.2850055463678
IE,Biodiesels,3219.017485090749
IE,Other Liquid Biofuels,97994.08342166097
IE,Rubber and plastic products (25),13665.74704196048
IE,Glass and glass products,536126.4520416794
IE,"Secondary glass for treatment, Re-processing of secondary glass into new glass",0.0
IE,Ceramic goods,440109.1241789495
IE,"Bricks, tiles and construction products, in baked clay",337514.0770017005
IE,"Cement, lime and plaster",1126227.9637926866
IE,"Ash for treatment, Re-processing of ash into clinker",0.0
IE,Other non-metallic mineral products,236576.3850937385
IE,Basic iron and steel and of ferro-alloys and first products thereof,7502.326319274129
IE,"Secondary steel for treatment, Re-processing of secondary steel into new steel",0.0
IE,Precious metals,59041.50308794497
IE,"Secondary preciuos metals for treatment, Re-processing of secondary preciuos metals into new preciuos metals",0.0
IE,Aluminium and aluminium products,362095.22119824553
IE,"Secondary aluminium for treatment, Re-processing of secondary aluminium into new aluminium",0.0
IE,"Lead, zinc and tin and products thereof",344767.2880592943
IE,"Secondary lead for treatment, Re-processing of secondary lead into new lead",0.0
IE,Copper products,153892.63781605873
IE,"Secondary copper for treatment, Re-processing of secondary copper into new copper",0.0
IE,Other non-ferrous metal products,151957.44533429772
IE,"Secondary other non-ferrous metals for treatment, Re-processing of secondary other non-ferrous metals into new other non-ferrous metals",0.0
IE,Foundry work services,11257.427621337636
IE,"Fabricated metal products, except machinery and equipment (28)",22307.21626288081
IE,Machinery and equipment n.e.c. (29),7852.158778875275
IE,Office machinery and computers (30),426.5139995668405
IE,Electrical machinery and apparatus n.e.c. (31),15865.908668241702
IE,"Radio, television and communication equipment and apparatus (32)",581.0020477703818
IE,"Medical, precision and optical instruments, watches and clocks (33)",8720.474007942454
IE,"Motor vehicles, trailers and semi-trailers (34)",11199.774609334007
IE,Other transport equipment (35),1026.6760176229104
IE,Furniture; other manufactured goods n.e.c. (36),21681.48703058651
IE,Secondary raw materials,735.756769621723
IE,"Bottles for treatment, Recycling of bottles by direct reuse",0.0
IE,Electricity by coal,9074565.253578188
IE,Electricity by gas,3011278.9762466666
IE,Electricity by nuclear,676306.0421837848
IE,Electricity by hydro,1923.0892380140815
IE,Electricity by wind,2156.31991993642
IE,Electricity by petroleum and other oil derivatives,6817863.092607735
IE,Electricity by biomass and waste,4605218.210584914
IE,Electricity by solar photovoltaic,627.2818385764142
IE,Electricity by solar thermal,0.0
IE,"Electricity by tide, wave, ocean",890446.6519537541
IE,Electricity by Geothermal,316701.45300176163
IE,Electricity nec,785333.2861706157
IE,Transmission services of electricity,14.924265980324599
IE,Distribution and trade services of electricity,8.535721464029745
IE,Coke oven gas,471231.15018001705
IE,Blast Furnace Gas,461521.5128081446
IE,Oxygen Steel Furnace Gas,863466.9473530024
IE,Gas Works Gas,555759.1129510594
IE,Biogas,311535.2490201268
IE,Distribution services of gaseous fuels through mains,222257.55746631318
IE,Steam and hot water supply services,710262.6590243933
IE,"Collected and purified water, distribution services of water (41)",5063.772890603266
IE,Construction work (45),28910.428640401038
IE,"Secondary construction material for treatment, Re-processing of secondary construction material into aggregates",0.0
IE,"Sale, maintenance, repair of motor vehicles, motor vehicles parts, motorcycles, motor cycles parts and accessoiries",6410.567755369382
IE,Retail trade services of motor fuel,29938.41772264749
IE,"Wholesale trade and commission trade services, except of motor vehicles and motorcycles (51)",71834.25248604408
IE,"Retail  trade services, except of motor vehicles and motorcycles; repair services of personal and household goods (52)",15270.87246910897
IE,Hotel and restaurant services (55),18512.559949192055
IE,Railway transportation services,172176.26921313824
IE,Other land transportation services,16498.17427164411
IE,Transportation services via pipelines,201928.21721202662
IE,Sea and coastal water transportation services,623258.3374651845
IE,Inland water transportation services,285545.70419966994
IE,Air transport services (62),183986.063702283
IE,Supporting and auxiliary transport services; travel agency services (63),29423.10834134615
IE,Post and telecommunication services (64),1664.8063915083032
IE,"Financial intermediation services, except insurance and pension funding services (65)",333.63982402834654
IE,"Insurance and pension funding services, except compulsory social security services (66)",1073.0068769560673
IE,Services auxiliary to financial intermediation (67),3133.997517214448
IE,Real estate services (70),849.345425150292
IE,Renting services of machinery and equipment without operator and of personal and household goods (71),1162.0132578306002
IE,Computer and related services (72),208.26861084958315
IE,Research and development services (73),1434.2031740581174
IE,Other business services (74),8026.205203682463
IE,Public administration and defence services; compulsory social security services (75),27357.95241131457
IE,Education services (80),40950.009951434804
IE,Health and social work services (85),3928.9808074067932
IE,Food waste for treatment: incineration,15354.652969906721
IE,Paper waste for treatment: incineration,97654.3577604308
IE,Plastic waste for treatment: incineration,343306.00470090366
IE,Intert/metal waste for treatment: incineration,31675.880429510245
IE,Textiles waste for treatment: incineration,27298.981765340584
IE,Wood waste for treatment: incineration,1477470.5866202866
IE,Oil/hazardous waste for treatment: incineration,29522.728296310506
IE,Food waste for treatment: biogasification and land application,27312.466633040687
IE,Paper waste for treatment: biogasification and land application,15235.59189947356
IE,Sewage sludge for treatment: biogasification and land application,30594.26891588026
IE,Food waste for treatment: composting and land application,38316.147614996335
IE,Paper and wood waste for treatment: composting and land application,27352.907754891585
IE,Food waste for treatment: waste water treatment,371148.37865247356
IE,Other waste for treatment: waste water treatment,367442.2911795383
IE,Food waste for treatment: landfill,121692.47064800639
IE,Paper for treatment: landfill,33729.367889975474
IE,Plastic waste for treatment: landfill,8787022.164819147
IE,Inert/metal/hazardous waste for treatment: landfill,33222.30586800831
IE,Textiles waste for treatment: landfill,30712.320917752397
IE,Wood waste for treatment: landfill,30010.467775388446
IE,Membership organisation services n.e.c. (91),31177.119967590817
IE,"Recreational, cultural and sporting services (92)",20629.26142001013
IE,Other services (93),81443.3400689387
IE,Private households with employed persons (95),1.090545115888276e-09
IE,Extra-territorial organizations and bodies,0.0
IT,Paddy rice,1923005.1954450656
IT,Wheat,1293760.742271593
IT,Cereal grains nec,758393.2034762372
IT,"Vegetables, fruit, nuts",263624.3755763929
IT,Oil seeds,971604.2982261326
IT,"Sugar cane, sugar beet",442950.4592224242
IT,Plant-based fibers,2403565.7739971033
IT,Crops nec,54350.718427722364
IT,Cattle,1388266.055784945
IT,Pigs,494659.0443506901
IT,Poultry,301483.9932486188
IT,Meat animals nec,532424.6514005491
IT,Animal products nec,533983.2635230009
IT,Raw milk,2747876.411389336
IT,"Wool, silk-worm cocoons",46869.51741178931
IT,Manure (conventional treatment),0.0
IT,Manure (biogas treatment),0.0
IT,"Products of forestry, logging and related services (02)",98595.69187103504
IT,Fish and other fishing products; services incidental of fishing (05),392943.7514114489
IT,Anthracite,53937.10098364858
IT,Coking Coal,26904.02460059913
IT,Other Bituminous Coal,901024.6884866683
IT,Sub-Bituminous Coal,7081.061364312692
IT,Patent Fuel,61266.98790806535
IT,Lignite/Brown Coal,891185.3305345797
IT,BKB/Peat Briquettes,53150.65791562941
IT,Peat,36920.82843840259
IT,"Crude petroleum and services related to crude oil extraction, excluding surveying",344674.34343727044
IT,"Natural gas and services related to natural gas extraction, excluding surveying",1592504.9259376253
IT,Natural Gas Liquids,130012.18746758594
IT,Other Hydrocarbons,36920.770963660165
IT,Uranium and thorium ores (12),37927.30823665398
IT,Iron ores,31780.877229448608
IT,Copper ores and concentrates,3768.860377401704
IT,Nickel ores and concentrates,0.0
IT,Aluminium ores and concentrates,33255.46489158738
IT,Precious metal ores and concentrates,11625.15263444822
IT,"Lead, zinc and tin ores and concentrates",6621.138464154123
IT,Other non-ferrous metal ores and concentrates,7043.928858339982
IT,Stone,930134.715420109
IT,Sand and clay,1339803.8668432788
IT,"Chemical and fertilizer minerals, salt and other mining and quarrying products n.e.c.",147782.59805358681
IT,Products of meat cattle,19575.49474492421
IT,Products of meat pigs,27072.323895204358
IT,Products of meat poultry,24265.62431538328
IT,Meat products nec,28844.643667519256
IT,products of Vegetable oils and fats,93761.80491299767
IT,Dairy products,23120.820843333753
IT,Processed rice,21603.62671427562
IT,Sugar,173164.65848411524
IT,Food products nec,32800.77678076318
IT,Beverages,54884.3798077317
IT,Fish products,29758.663657654084
IT,Tobacco products (16),27214.084599239803
IT,Textiles (17),26182.775798078666
IT,Wearing apparel; furs (18),16761.20851320387
IT,Leather and leather products (19),14128.927960647148
IT,Wood and products of wood and cork (except furniture); articles of straw and plaiting materials (20),39688.09254895902
IT,"Wood material for treatment, Re-processing of secondary wood material into new wood material",0.0
IT,Pulp,41735.0740016228
IT,"Secondary paper for treatment, Re-processing of secondary paper into new pulp",0.0
IT,Paper and paper products,53782.482837689226
IT,Printed matter and recorded media (22),14301.803963254064
IT,Coke Oven Coke,15182326.37600714
IT,Gas Coke,0.0
IT,Coal Tar,230979.88780812765
IT,Motor Gasoline,339251.09391077515
IT,Aviation Gasoline,133515.40029607833
IT,Gasoline Type Jet Fuel,10817.337583997032
IT,Kerosene Type Jet Fuel,335948.7331977668
IT,Kerosene,354456.40750597336
IT,Gas/Diesel Oil,352401.81206403574
IT,Heavy Fuel Oil,351048.79087475565
IT,Refinery Gas,324548.98515877925
IT,Liquefied Petroleum Gases (LPG),289075.82228148816
IT,Refinery Feedstocks,332276.0196969247
IT,Ethane,11579.08120837083
IT,Naphtha,293881.5474743212
IT,White Spirit & SBP,61849.759290003356
IT,Lubricants,339494.5230822146
IT,Bitumen,348021.22729353013
IT,Paraffin Waxes,337280.38390320714
IT,Petroleum Coke,292358.67588297743
IT,Non-specified Petroleum Products,307822.84614033636
IT,Nuclear fuel,9473.345985014206
IT,"Plastics, basic",204805.46461717406
IT,"Secondary plastic for treatment, Re-processing of secondary plastic into new plastic",0.0
IT,N-fertiliser,32970.350572861804
IT,P- and other fertiliser,240123.86654269983
IT,Chemicals nec,64244.28444252712
IT,Charcoal,109167.19118727442
IT,Additives/Blending Components,76732.2598575603
IT,Biogasoline,122707.95802704096
IT,Biodiesels,58159.60776786553
IT,Other Liquid Biofuels,61728.18082106563
IT,Rubber and plastic products (25),17054.49546062433
IT,Glass and glass products,154241.03882071437
IT,"Secondary glass for treatment, Re-processing of secondary glass into new glass",0.0
IT,Ceramic goods,441758.4543495836
IT,"Bricks, tiles and construction products, in baked clay",646133.9627068415
IT,"Cement, lime and plaster",828674.2240875679
IT,"Ash for treatment, Re-processing of ash into clinker",0.0
IT,Other non-metallic mineral products,272665.45862672094
IT,Basic iron and steel and of ferro-alloys and first products thereof,133421.40769679326
IT,"Secondary steel for treatment, Re-processing of secondary steel into new steel",0.0
IT,Precious metals,18666.683305584018
IT,"Secondary preciuos metals for treatment, Re-processing of secondary preciuos metals into new preciuos metals",0.0
IT,Aluminium and aluminium products,33918.19518743894
IT,"Secondary aluminium for treatment, Re-processing of secondary aluminium into new aluminium",0.0
IT,"Lead, zinc and tin and products thereof",115129.11986363132
IT,"Secondary lead for treatment, Re-processing of secondary lead into new lead",0.0
IT,Copper products,17894.37760908229
IT,"Secondary copper for treatment, Re-processing of secondary copper into new copper",0.0
IT,Other non-ferrous metal products,222245.22618717325
IT,"Secondary other non-ferrous metals for treatment, Re-processing of secondary other non-ferrous metals into new other non-ferrous metals",0.0
IT,Foundry work services,596795.6424539519
IT,"Fabricated metal products, except machinery and equipment (28)",33430.252894129466
IT,Machinery and equipment n.e.c. (29),18151.696830187
IT,Office machinery and computers (30),65014.33565874228
IT,Electrical machinery and apparatus n.e.c. (31),25721.272201646207
IT,"Radio, television and communication equipment and apparatus (32)",20330.655938147072
IT,"Medical, precision and optical instruments, watches and clocks (33)",20020.373067258886
IT,"Motor vehicles, trailers and semi-trailers (34)",4442.415683877368
IT,Other transport equipment (35),2888.2184822726585
IT,Furniture; other manufactured goods n.e.c. (36),27564.09645239934
IT,Secondary raw materials,132733.46321456032
IT,"Bottles for treatment, Recycling of bottles by direct reuse",0.0
IT,Electricity by coal,7045570.084102163
IT,Electricity by gas,2741661.20899784
IT,Electricity by nuclear,575959.7025733269
IT,Electricity by hydro,2913.0729193536213
IT,Electricity by wind,33979.0603556722
IT,Electricity by petroleum and other oil derivatives,5449515.2036550995
IT,Electricity by biomass and waste,1153571.7035112763
IT,Electricity by solar photovoltaic,351.2402148546142
IT,Electricity by solar thermal,55849.87753960025
IT,"Electricity by tide, wave, ocean",39004.56476012306
IT,Electricity by Geothermal,1028.8768139362799
IT,Electricity nec,407806.6002272566
IT,Transmission services of electricity,72827.0099604889
IT,Distribution and trade services of electricity,16314.436129887594
IT,Coke oven gas,173205.07549351262
IT,Blast Furnace Gas,1663569.8779191647
IT,Oxygen Steel Furnace Gas,38752.15306691827
IT,Gas Works Gas,416.982582114345
IT,Biogas,341166.98811693554
IT,Distribution services of gaseous fuels through mains,50652.710050264264
IT,Steam and hot water supply services,2320117.85314784
IT,"Collected and purified water, distribution services of water (41)",9328.11004946918
IT,Construction work (45),55264.05566210387
IT,"Secondary construction material for treatment, Re-processing of secondary construction material into aggregates",0.0
IT,"Sale, maintenance, repair of motor vehicles, motor vehicles parts, motorcycles, motor cycles parts and accessoiries",11032.158721128251
IT,Retail trade services of motor fuel,2730.4095980564
IT,"Wholesale trade and commission trade services, except of motor vehicles and motorcycles (51)",15733.650858655916
IT,"Retail  trade services, except of motor vehicles and motorcycles; repair services of personal and household goods (52)",16587.368265285193
IT,Hotel and restaurant services (55),20650.255680263173
IT,Railway transportation services,80569.04469108464
IT,Other land transportation services,49247.30467420309
IT,Transportation services via pipelines,373925.63578212686
IT,Sea and coastal water transportation services,597302.8904899607
IT,Inland water transportation services,316861.9234694853
IT,Air transport services (62),342460.34075783
IT,Supporting and auxiliary transport services; travel agency services (63),38786.78643993898
IT,Post and telecommunication services (64),389.4028648868235
IT,"Financial intermediation services, except insurance and pension funding services (65)",15504.624869123849
IT,"Insurance and pension funding services, except compulsory social security services (66)",1277.0067361958577
IT,Services auxiliary to financial intermediation (67),6226.723666209506
IT,Real estate services (70),2285.048932916082
IT,Renting services of machinery and equipment without operator and of personal and household goods (71),35859.295821467626
IT,Computer and related services (72),13240.28969037714
IT,Research and development services (73),49014.23037845373
IT,Other business services (74),20111.131611431778
IT,Public administration and defence services; compulsory social security services (75),47961.62187304358
IT,Education services (80),33777.37503630577
IT,Health and social work services (85),48767.56808099448
IT,Food waste for treatment: incineration,123798.5626136772
IT,Paper waste for treatment: incineration,29151.32266137352
IT,Plastic waste for treatment: incineration,15975.230215294843
IT,Intert/metal waste for treatment: incineration,40664.018532746464
IT,Textiles waste for treatment: incineration,3065689.6874109944
IT,Wood waste for treatment: incineration,31972.40581855429
IT,Oil/hazardous waste for treatment: incineration,27688.728212883158
IT,Food waste for treatment: biogasification and land application,124617.07738243873
IT,Paper waste for treatment: biogasification and land application,67290.68570271785
IT,Sewage sludge for treatment: biogasification and land application,38405.14279055121
IT,Food waste for treatment: composting and land application,30169.108813200535
IT,Paper and wood waste for treatment: composting and land application,45904.01440136775
IT,Food waste for treatment: waste water treatment,367932.87596610264
IT,Other waste for treatment: waste water treatment,516262.51048319915
IT,Food waste for treatment: landfill,148215.99500172635
IT,Paper for treatment: landfill,19655.449261926744
IT,Plastic waste for treatment: landfill,21879.9073956168
IT,Inert/metal/hazardous waste for treatment: landfill,22227.33977426585
IT,Textiles waste for treatment: landfill,16635.787576009043
IT,Wood waste for treatment: landfill,48863.72350505896
IT,Membership organisation services n.e.c. (91),50352.75391236638
IT,"Recreational, cultural and sporting services (92)",6496.998317725462
IT,Other services (93),2818.95117251455
IT,Private households with employed persons (95),8.680432683815088
IT,Extra-territorial organizations and bodies,0.0
LT,Paddy rice,0.0
LT,Wheat,1261146.4591243775
LT,Cereal grains nec,1352016.8907933573
LT,"Vegetables, fruit, nuts",255224.07792164583
LT,Oil seeds,1072908.4308521305
LT,"Sugar cane, sugar beet",500543.2651012719
LT,Plant-based fibers,35061117.707472645
LT,Crops nec,284683.5746720549
LT,Cattle,7933232.379652597
LT,Pigs,351750.17010907904
LT,Poultry,212612.7844528707
LT,Meat animals nec,3511222.742618601
LT,Animal products nec,401635.1068547445
LT,Raw milk,1323273.628944632
LT,"Wool, silk-worm cocoons",896.9659160617289
LT,Manure (conventional treatment),0.0
LT,Manure (biogas treatment),0.0
LT,"Products of forestry, logging and related services (02)",455663.6802886937
LT,Fish and other fishing products; services incidental of fishing (05),745408.620152557
LT,Anthracite,0.0
LT,Coking Coal,0.0
LT,Other Bituminous Coal,45670.55176313752
LT,Sub-Bituminous Coal,0.0
LT,Patent Fuel,0.0
LT,Lignite/Brown Coal,0.0
LT,BKB/Peat Briquettes,0.0
LT,Peat,45506.548372800215
LT,"Crude petroleum and services related to crude oil extraction, excluding surveying",8349151.914735293
LT,"Natural gas and services related to natural gas extraction, excluding surveying",10969258.420841558
LT,Natural Gas Liquids,0.0
LT,Other Hydrocarbons,0.0
LT,Uranium and thorium ores (12),0.0
LT,Iron ores,0.0
LT,Copper ores and concentrates,0.0
LT,Nickel ores and concentrates,0.0
LT,Aluminium ores and concentrates,0.0
LT,Precious metal ores and concentrates,0.0
LT,"Lead, zinc and tin ores and concentrates",0.0
LT,Other non-ferrous metal ores and concentrates,0.0
LT,Stone,547929.6230183205
LT,Sand and clay,1180405.6662127995
LT,"Chemical and fertilizer minerals, salt and other mining and quarrying products n.e.c.",1552621.771957406
LT,Products of meat cattle,16038.83098407949
LT,Products of meat pigs,62488.25691322725
LT,Products of meat poultry,42981.35731485995
LT,Meat products nec,24518.08941030616
LT,products of Vegetable oils and fats,42963.03214483982
LT,Dairy products,133369.21196429088
LT,Processed rice,3987080.586125971
LT,Sugar,59295.401644508245
LT,Food products nec,149982.61633726954
LT,Beverages,156985.0074153652
LT,Fish products,75234.21502852337
LT,Tobacco products (16),421580.3916165425
LT,Textiles (17),57173.61814135785
LT,Wearing apparel; furs (18),105333.30074888971
LT,Leather and leather products (19),61174.45992922207
LT,Wood and products of wood and cork (except furniture); articles of straw and plaiting materials (20),364814.20617427037
LT,"Wood material for treatment, Re-processing of secondary wood material into new wood material",0.0
LT,Pulp,81138.30593111512
LT,"Secondary paper for treatment, Re-processing of secondary paper into new pulp",0.0
LT,Paper and paper products,112767.34065825364
LT,Printed matter and recorded media (22),25467.091043949607
LT,Coke Oven Coke,4986.561188412369
LT,Gas Coke,0.0
LT,Coal Tar,0.0
LT,Motor Gasoline,150715.94193806674
LT,Aviation Gasoline,0.0
LT,Gasoline Type Jet Fuel,0.0
LT,Kerosene Type Jet Fuel,150903.9934200056
LT,Kerosene,0.0
LT,Gas/Diesel Oil,150903.99523345398
LT,Heavy Fuel Oil,150903.99168469507
LT,Refinery Gas,150903.99473380268
LT,Liquefied Petroleum Gases (LPG),150903.99458873246
LT,Refinery Feedstocks,0.0
LT,Ethane,0.0
LT,Naphtha,0.0
LT,White Spirit & SBP,0.0
LT,Lubricants,150903.99429770611
LT,Bitumen,150903.99782178295
LT,Paraffin Waxes,0.0
LT,Petroleum Coke,150903.90820475342
LT,Non-specified Petroleum Products,150903.9984359094
LT,Nuclear fuel,99.03591341194559
LT,"Plastics, basic",143620.71825098997
LT,"Secondary plastic for treatment, Re-processing of secondary plastic into new plastic",0.0
LT,N-fertiliser,78562.59668055749
LT,P- and other fertiliser,276865.0012526435
LT,Chemicals nec,82853.29009393668
LT,Charcoal,54262.57470272713
LT,Additives/Blending Components,82879.50865761451
LT,Biogasoline,55448.78960696622
LT,Biodiesels,54923.222885462244
LT,Other Liquid Biofuels,82879.25976614773
LT,Rubber and plastic products (25),105453.32744700616
LT,Glass and glass products,279550.48936619604
LT,"Secondary glass for treatment, Re-processing of secondary glass into new glass",0.0
LT,Ceramic goods,413197.16780209297
LT,"Bricks, tiles and construction products, in baked clay",1355500.8520412159
LT,"Cement, lime and plaster",1466025.7132002765
LT,"Ash for treatment, Re-processing of ash into clinker",0.0
LT,Other non-metallic mineral products,2766429.5985474396
LT,Basic iron and steel and of ferro-alloys and first products thereof,49597.03540094906
LT,"Secondary steel for treatment, Re-processing of secondary steel into new steel",0.0
LT,Precious metals,27116.404299448037
LT,"Secondary preciuos metals for treatment, Re-processing of secondary preciuos metals into new preciuos metals",0.0
LT,Aluminium and aluminium products,38041.186577714696
LT,"Secondary aluminium for treatment, Re-processing of secondary aluminium into new aluminium",0.0
LT,"Lead, zinc and tin and products thereof",50049.36177219631
LT,"Secondary lead for treatment, Re-processing of secondary lead into new lead",0.0
LT,Copper products,40348.47926566641
LT,"Secondary copper for treatment, Re-processing of secondary copper into new copper",0.0
LT,Other non-ferrous metal products,35338.54420849751
LT,"Secondary other non-ferrous metals for treatment, Re-processing of secondary other non-ferrous metals into new other non-ferrous metals",0.0
LT,Foundry work services,56836.75282581253
LT,"Fabricated metal products, except machinery and equipment (28)",38416.722581466616
LT,Machinery and equipment n.e.c. (29),39867.28636143045
LT,Office machinery and computers (30),36252.652173236755
LT,Electrical machinery and apparatus n.e.c. (31),66444.76313505226
LT,"Radio, television and communication equipment and apparatus (32)",192333.11507393955
LT,"Medical, precision and optical instruments, watches and clocks (33)",120331.76484154252
LT,"Motor vehicles, trailers and semi-trailers (34)",9970.04526529488
LT,Other transport equipment (35),29916.226446498727
LT,Furniture; other manufactured goods n.e.c. (36),65295.46624664633
LT,Secondary raw materials,2254757.235633222
LT,"Bottles for treatment, Recycling of bottles by direct reuse",0.0
LT,Electricity by coal,20304.43599086062
LT,Electricity by gas,53612.12554137863
LT,Electricity by nuclear,21923.760568968915
LT,Electricity by hydro,13907.732268796204
LT,Electricity by wind,4286.108673588207
LT,Electricity by petroleum and other oil derivatives,400069.13279728265
LT,Electricity by biomass and waste,1846259.4465562312
LT,Electricity by solar photovoltaic,1248.6095175006399
LT,Electricity by solar thermal,0.0
LT,"Electricity by tide, wave, ocean",0.0
LT,Electricity by Geothermal,10098.32889544641
LT,Electricity nec,34831.49266826831
LT,Transmission services of electricity,52784.85836731448
LT,Distribution and trade services of electricity,1170.9231973962833
LT,Coke oven gas,23084.25980684041
LT,Blast Furnace Gas,34898.61208539807
LT,Oxygen Steel Furnace Gas,10177.760241855636
LT,Gas Works Gas,10135.983720847616
LT,Biogas,1831.7164621167115
LT,Distribution services of gaseous fuels through mains,2638.3017549733745
LT,Steam and hot water supply services,1471204.9047649652
LT,"Collected and purified water, distribution services of water (41)",51058.182452100955
LT,Construction work (45),113982.20534691535
LT,"Secondary construction material for treatment, Re-processing of secondary construction material into aggregates",0.0
LT,"Sale, maintenance, repair of motor vehicles, motor vehicles parts, motorcycles, motor cycles parts and accessoiries",182466.8499759752
LT,Retail trade services of motor fuel,387691.00375223014
LT,"Wholesale trade and commission trade services, except of motor vehicles and motorcycles (51)",96029.24511499467
LT,"Retail  trade services, except of motor vehicles and motorcycles; repair services of personal and household goods (52)",57855.27991274637
LT,Hotel and restaurant services (55),39102.59635878667
LT,Railway transportation services,924341.021613954
LT,Other land transportation services,135663.5740144046
LT,Transportation services via pipelines,4691173.36415308
LT,Sea and coastal water transportation services,363569.3645978631
LT,Inland water transportation services,158404.1824879762
LT,Air transport services (62),353269.6101000059
LT,Supporting and auxiliary transport services; travel agency services (63),106837.20404491042
LT,Post and telecommunication services (64),32904.75387950002
LT,"Financial intermediation services, except insurance and pension funding services (65)",21050.77653506173
LT,"Insurance and pension funding services, except compulsory social security services (66)",17335.01575214905
LT,Services auxiliary to financial intermediation (67),61018.0185768867
LT,Real estate services (70),126647.1293747591
LT,Renting services of machinery and equipment without operator and of personal and household goods (71),182187.150043237
LT,Computer and related services (72),25820.65276835749
LT,Research and development services (73),35547.040185134356
LT,Other business services (74),51737.486457158484
LT,Public administration and defence services; compulsory social security services (75),81455.73861532332
LT,Education services (80),10002.783671962143
LT,Health and social work services (85),21383.674112083565
LT,Food waste for treatment: incineration,95885.98453418924
LT,Paper waste for treatment: incineration,83762.36572073976
LT,Plastic waste for treatment: incineration,143035.8568315401
LT,Intert/metal waste for treatment: incineration,160120.97360603875
LT,Textiles waste for treatment: incineration,96140.12550767245
LT,Wood waste for treatment: incineration,138501.13859821577
LT,Oil/hazardous waste for treatment: incineration,3133208.2928134017
LT,Food waste for treatment: biogasification and land application,32845.5620494844
LT,Paper waste for treatment: biogasification and land application,32424.799917925815
LT,Sewage sludge for treatment: biogasification and land application,2965784.29020986
LT,Food waste for treatment: composting and land application,311304.3121464252
LT,Paper and wood waste for treatment: composting and land application,7208.15134758435
LT,Food waste for treatment: waste water treatment,2003748.6795394258
LT,Other waste for treatment: waste water treatment,1574914.3068546634
LT,Food waste for treatment: landfill,403341.7587066246
LT,Paper for treatment: landfill,132507.64375960885
LT,Plastic waste for treatment: landfill,17081.323174864134
LT,Inert/metal/hazardous waste for treatment: landfill,203654.77018888833
LT,Textiles waste for treatment: landfill,91875.15751882314
LT,Wood waste for treatment: landfill,32900.41758846679
LT,Membership organisation services n.e.c. (91),58524.671991782416
LT,"Recreational, cultural and sporting services (92)",76681.22323448949
LT,Other services (93),149865.64702074873
LT,Private households with employed persons (95),0.00021718853861471836
LT,Extra-territorial organizations and bodies,0.0
LU,Paddy rice,5697.977570778734
LU,Wheat,450091.7489777866
LU,Cereal grains nec,203728.54337788685
LU,"Vegetables, fruit, nuts",57619.39281326318
LU,Oil seeds,134815.50146802337
LU,"Sugar cane, sugar beet",75926.89169522209
LU,Plant-based fibers,5692.178465187428
LU,Crops nec,66537.33017377296
LU,Cattle,3345378.9336780324
LU,Pigs,136128.90050946045
LU,Poultry,217267.77573411376
LU,Meat animals nec,157156.3038162639
LU,Animal products nec,847932.2878107362
LU,Raw milk,1650381.36044469
LU,"Wool, silk-worm cocoons",27932.541384372747
LU,Manure (conventional treatment),0.0
LU,Manure (biogas treatment),0.0
LU,"Products of forestry, logging and related services (02)",13462.414301832066
LU,Fish and other fishing products; services incidental of fishing (05),43934.729349667665
LU,Anthracite,0.0
LU,Coking Coal,0.0
LU,Other Bituminous Coal,0.0
LU,Sub-Bituminous Coal,0.0
LU,Patent Fuel,0.0
LU,Lignite/Brown Coal,0.0
LU,BKB/Peat Briquettes,5109.065028781319
LU,Peat,0.0
LU,"Crude petroleum and services related to crude oil extraction, excluding surveying",0.0
LU,"Natural gas and services related to natural gas extraction, excluding surveying",4012500.527336482
LU,Natural Gas Liquids,0.0
LU,Other Hydrocarbons,0.0
LU,Uranium and thorium ores (12),0.0
LU,Iron ores,0.0
LU,Copper ores and concentrates,0.0
LU,Nickel ores and concentrates,0.0
LU,Aluminium ores and concentrates,0.0
LU,Precious metal ores and concentrates,0.0
LU,"Lead, zinc and tin ores and concentrates",0.0
LU,Other non-ferrous metal ores and concentrates,0.0
LU,Stone,1219.6338836417203
LU,Sand and clay,122417.16159039481
LU,"Chemical and fertilizer minerals, salt and other mining and quarrying products n.e.c.",0.0
LU,Products of meat cattle,2847.6931028703593
LU,Products of meat pigs,33265.302379402005
LU,Products of meat poultry,2578.5365549745493
LU,Meat products nec,2954.9012185331862
LU,products of Vegetable oils and fats,28996.481690836175
LU,Dairy products,5510.970624250546
LU,Processed rice,3469.8193513128863
LU,Sugar,3101.424495461558
LU,Food products nec,7307.639517854053
LU,Beverages,12922.351212762407
LU,Fish products,23083.879274686817
LU,Tobacco products (16),3145.7555472300305
LU,Textiles (17),55981.84242362024
LU,Wearing apparel; furs (18),4088.5424829081558
LU,Leather and leather products (19),3415.2801439902755
LU,Wood and products of wood and cork (except furniture); articles of straw and plaiting materials (20),12154.732574010466
LU,"Wood material for treatment, Re-processing of secondary wood material into new wood material",0.0
LU,Pulp,1747.063604577754
LU,"Secondary paper for treatment, Re-processing of secondary paper into new pulp",270.54381903452565
LU,Paper and paper products,1903.7819052792115
LU,Printed matter and recorded media (22),3862.9750518654155
LU,Coke Oven Coke,0.0
LU,Gas Coke,0.0
LU,Coal Tar,0.0
LU,Motor Gasoline,34710000.1064012
LU,Aviation Gasoline,14763.178158386949
LU,Gasoline Type Jet Fuel,0.0
LU,Kerosene Type Jet Fuel,8621.66904608024
LU,Kerosene,0.0
LU,Gas/Diesel Oil,4038626.9881135123
LU,Heavy Fuel Oil,188787.89967324608
LU,Refinery Gas,0.0
LU,Liquefied Petroleum Gases (LPG),534886479.42615575
LU,Refinery Feedstocks,0.0
LU,Ethane,0.0
LU,Naphtha,0.0
LU,White Spirit & SBP,0.0
LU,Lubricants,0.0
LU,Bitumen,0.0
LU,Paraffin Waxes,0.0
LU,Petroleum Coke,0.0
LU,Non-specified Petroleum Products,0.0
LU,Nuclear fuel,0.0
LU,"Plastics, basic",5590.546059993775
LU,"Secondary plastic for treatment, Re-processing of secondary plastic into new plastic",0.0
LU,N-fertiliser,109.62057153108157
LU,P- and other fertiliser,203050.17075522582
LU,Chemicals nec,6652.194790797014
LU,Charcoal,2778145.4685893804
LU,Additives/Blending Components,380638.039022747
LU,Biogasoline,70117.4752634859
LU,Biodiesels,8884.80685465947
LU,Other Liquid Biofuels,2635437.0526920883
LU,Rubber and plastic products (25),1269.1686427694885
LU,Glass and glass products,61689.78130603607
LU,"Secondary glass for treatment, Re-processing of secondary glass into new glass",0.0
LU,Ceramic goods,183111.475738987
LU,"Bricks, tiles and construction products, in baked clay",174086.36666799718
LU,"Cement, lime and plaster",1840216.5950508723
LU,"Ash for treatment, Re-processing of ash into clinker",62.43987266658453
LU,Other non-metallic mineral products,459712.7038027497
LU,Basic iron and steel and of ferro-alloys and first products thereof,278715.8013680431
LU,"Secondary steel for treatment, Re-processing of secondary steel into new steel",0.0
LU,Precious metals,39888.29605900147
LU,"Secondary preciuos metals for treatment, Re-processing of secondary preciuos metals into new preciuos metals",0.0
LU,Aluminium and aluminium products,2838.9313116516287
LU,"Secondary aluminium for treatment, Re-processing of secondary aluminium into new aluminium",0.0
LU,"Lead, zinc and tin and products thereof",2619.744990024647
LU,"Secondary lead for treatment, Re-processing of secondary lead into new lead",0.0
LU,Copper products,2630.7995834342846
LU,"Secondary copper for treatment, Re-processing of secondary copper into new copper",0.0
LU,Other non-ferrous metal products,13011.114207082663
LU,"Secondary other non-ferrous metals for treatment, Re-processing of secondary other non-ferrous metals into new other non-ferrous metals",0.0
LU,Foundry work services,7153.858459794897
LU,"Fabricated metal products, except machinery and equipment (28)",4525.826701406338
LU,Machinery and equipment n.e.c. (29),6374.386562511694
LU,Office machinery and computers (30),41.97709729404499
LU,Electrical machinery and apparatus n.e.c. (31),1048.4140733579973
LU,"Radio, television and communication equipment and apparatus (32)",221.3318300546562
LU,"Medical, precision and optical instruments, watches and clocks (33)",25503.324804996453
LU,"Motor vehicles, trailers and semi-trailers (34)",675.8446709580264
LU,Other transport equipment (35),4256.472759244183
LU,Furniture; other manufactured goods n.e.c. (36),6591.452685313945
LU,Secondary raw materials,21283.72531084088
LU,"Bottles for treatment, Recycling of bottles by direct reuse",3641.9204288605297
LU,Electricity by coal,12959.222436821645
LU,Electricity by gas,2844854.7806859897
LU,Electricity by nuclear,3556.9726493093945
LU,Electricity by hydro,20926.580372972494
LU,Electricity by wind,2182.999669336404
LU,Electricity by petroleum and other oil derivatives,1678.4324632810078
LU,Electricity by biomass and waste,468654.0154099527
LU,Electricity by solar photovoltaic,4558.19232526732
LU,Electricity by solar thermal,724.7885640622786
LU,"Electricity by tide, wave, ocean",200.51681297064698
LU,Electricity by Geothermal,530.9796507811043
LU,Electricity nec,209.39643866786963
LU,Transmission services of electricity,2574.1311125123784
LU,Distribution and trade services of electricity,2534.4370990456214
LU,Coke oven gas,762.1579069022602
LU,Blast Furnace Gas,218.15247554056594
LU,Oxygen Steel Furnace Gas,238.37002749556316
LU,Gas Works Gas,204.37722983264916
LU,Biogas,262.32160894873675
LU,Distribution services of gaseous fuels through mains,377.16426837280744
LU,Steam and hot water supply services,258892.9882063189
LU,"Collected and purified water, distribution services of water (41)",0.0
LU,Construction work (45),5069.812622004322
LU,"Secondary construction material for treatment, Re-processing of secondary construction material into aggregates",200.58233399856692
LU,"Sale, maintenance, repair of motor vehicles, motor vehicles parts, motorcycles, motor cycles parts and accessoiries",15936.09061151371
LU,Retail trade services of motor fuel,196930.07741252022
LU,"Wholesale trade and commission trade services, except of motor vehicles and motorcycles (51)",2907.331388964925
LU,"Retail  trade services, except of motor vehicles and motorcycles; repair services of personal and household goods (52)",5245.07864053105
LU,Hotel and restaurant services (55),26533.227931074078
LU,Railway transportation services,25407.46934606981
LU,Other land transportation services,48136.49866639671
LU,Transportation services via pipelines,43015.777639344524
LU,Sea and coastal water transportation services,269803.80746244633
LU,Inland water transportation services,12097.298174974481
LU,Air transport services (62),764074.2859010027
LU,Supporting and auxiliary transport services; travel agency services (63),52680.30282298512
LU,Post and telecommunication services (64),196.36432448668964
LU,"Financial intermediation services, except insurance and pension funding services (65)",56.118655028720234
LU,"Insurance and pension funding services, except compulsory social security services (66)",0.004413755832410372
LU,Services auxiliary to financial intermediation (67),32.9557400750035
LU,Real estate services (70),13043.836759633454
LU,Renting services of machinery and equipment without operator and of personal and household goods (71),30625.608124723713
LU,Computer and related services (72),46701.68555053551
LU,Research and development services (73),3552.3803070879667
LU,Other business services (74),48155.41741062406
LU,Public administration and defence services; compulsory social security services (75),43924.46627027689
LU,Education services (80),13018.356338448995
LU,Health and social work services (85),11775.053926087445
LU,Food waste for treatment: incineration,47112.25349636512
LU,Paper waste for treatment: incineration,37621.439375690425
LU,Plastic waste for treatment: incineration,111235.86513321118
LU,Intert/metal waste for treatment: incineration,96754.99903543567
LU,Textiles waste for treatment: incineration,35352.48141742162
LU,Wood waste for treatment: incineration,86626.17295272343
LU,Oil/hazardous waste for treatment: incineration,54212.11970388553
LU,Food waste for treatment: biogasification and land application,44769.867952439905
LU,Paper waste for treatment: biogasification and land application,2633152.043096545
LU,Sewage sludge for treatment: biogasification and land application,51393.21036003468
LU,Food waste for treatment: composting and land application,57615.82176874329
LU,Paper and wood waste for treatment: composting and land application,33971.29435183105
LU,Food waste for treatment: waste water treatment,64242.40928833866
LU,Other waste for treatment: waste water treatment,51915.296161714665
LU,Food waste for treatment: landfill,183658.40847370715
LU,Paper for treatment: landfill,10836.15053749645
LU,Plastic waste for treatment: landfill,3343085.757940004
LU,Inert/metal/hazardous waste for treatment: landfill,2354598.5462665455
LU,Textiles waste for treatment: landfill,5444.121731222026
LU,Wood waste for treatment: landfill,4642.059460738486
LU,Membership organisation services n.e.c. (91),643.3291892444604
LU,"Recreational, cultural and sporting services (92)",2481.8245916715123
LU,Other services (93),670.7816207684642
LU,Private households with employed persons (95),24.384599793669445
LU,Extra-territorial organizations and bodies,0.0
LV,Paddy rice,21155.71736092959
LV,Wheat,546329.0551374538
LV,Cereal grains nec,2790392.8707241355
LV,"Vegetables, fruit, nuts",335066.938118569
LV,Oil seeds,435123.925775585
LV,"Sugar cane, sugar beet",4716286.114879124
LV,Plant-based fibers,18351.22732723267
LV,Crops nec,223555.38874478347
LV,Cattle,7587125.259445257
LV,Pigs,285574.3762757305
LV,Poultry,1346247.180900173
LV,Meat animals nec,1383929.439144279
LV,Animal products nec,1426231.9174882455
LV,Raw milk,3186311.316363253
LV,"Wool, silk-worm cocoons",1971561.3648948527
LV,Manure (conventional treatment),0.0
LV,Manure (biogas treatment),0.0
LV,"Products of forestry, logging and related services (02)",194237.50673031295
LV,Fish and other fishing products; services incidental of fishing (05),229960.60887115763
LV,Anthracite,0.0
LV,Coking Coal,155701831.869772
LV,Other Bituminous Coal,11431847.086789923
LV,Sub-Bituminous Coal,0.0
LV,Patent Fuel,554407871.791247
LV,Lignite/Brown Coal,17554068.126422845
LV,BKB/Peat Briquettes,4471897.622407617
LV,Peat,639341.6055227042
LV,"Crude petroleum and services related to crude oil extraction, excluding surveying",1823314651.1156123
LV,"Natural gas and services related to natural gas extraction, excluding surveying",101643557.35264684
LV,Natural Gas Liquids,3568705273.271991
LV,Other Hydrocarbons,314483.04375854705
LV,Uranium and thorium ores (12),293993.4626344736
LV,Iron ores,2125493.961629612
LV,Copper ores and concentrates,49356.7644721961
LV,Nickel ores and concentrates,0.0
LV,Aluminium ores and concentrates,0.0
LV,Precious metal ores and concentrates,771452.4301930404
LV,"Lead, zinc and tin ores and concentrates",64905.8248188001
LV,Other non-ferrous metal ores and concentrates,1392631.3855544599
LV,Stone,80336.16269767126
LV,Sand and clay,289158.3898190076
LV,"Chemical and fertilizer minerals, salt and other mining and quarrying products n.e.c.",116139.90621123585
LV,Products of meat cattle,153094.53533350848
LV,Products of meat pigs,41051.78073596727
LV,Products of meat poultry,97502.99495988792
LV,Meat products nec,41958.56639118296
LV,products of Vegetable oils and fats,30670.11543153948
LV,Dairy products,125174.50946527577
LV,Processed rice,95762.28718070898
LV,Sugar,118324.7861957298
LV,Food products nec,87054.88612402743
LV,Beverages,250116.82525734752
LV,Fish products,56635.82756986664
LV,Tobacco products (16),30341.615136203858
LV,Textiles (17),222417.57600364345
LV,Wearing apparel; furs (18),26267.422209854805
LV,Leather and leather products (19),46670.367186946685
LV,Wood and products of wood and cork (except furniture); articles of straw and plaiting materials (20),269766.08495497087
LV,"Wood material for treatment, Re-processing of secondary wood material into new wood material",0.0
LV,Pulp,11280.28740014398
LV,"Secondary paper for treatment, Re-processing of secondary paper into new pulp",0.0
LV,Paper and paper products,9660.452457661213
LV,Printed matter and recorded media (22),3682.726178048034
LV,Coke Oven Coke,0.0
LV,Gas Coke,0.0
LV,Coal Tar,0.0
LV,Motor Gasoline,12833794928.44383
LV,Aviation Gasoline,8946213648.92233
LV,Gasoline Type Jet Fuel,0.0
LV,Kerosene Type Jet Fuel,6479147.607707665
LV,Kerosene,0.0
LV,Gas/Diesel Oil,0.0
LV,Heavy Fuel Oil,18849466.55862158
LV,Refinery Gas,0.0
LV,Liquefied Petroleum Gases (LPG),0.0
LV,Refinery Feedstocks,0.0
LV,Ethane,0.0
LV,Naphtha,0.0
LV,White Spirit & SBP,0.0
LV,Lubricants,54204768.00681184
LV,Bitumen,0.0
LV,Paraffin Waxes,0.0
LV,Petroleum Coke,0.0
LV,Non-specified Petroleum Products,41178181.835299306
LV,Nuclear fuel,0.24589665939725605
LV,"Plastics, basic",36515.67412495278
LV,"Secondary plastic for treatment, Re-processing of secondary plastic into new plastic",0.0
LV,N-fertiliser,60328.724037298096
LV,P- and other fertiliser,66237.0311538574
LV,Chemicals nec,168595.72479645838
LV,Charcoal,66400.06028221275
LV,Additives/Blending Components,12479098.72354319
LV,Biogasoline,130440.99493937423
LV,Biodiesels,48688.66976952468
LV,Other Liquid Biofuels,68294723.2523369
LV,Rubber and plastic products (25),73081.08909376363
LV,Glass and glass products,283508.2424321231
LV,"Secondary glass for treatment, Re-processing of secondary glass into new glass",0.0
LV,Ceramic goods,200275.3473661419
LV,"Bricks, tiles and construction products, in baked clay",297831.630354228
LV,"Cement, lime and plaster",962411.4925434384
LV,"Ash for treatment, Re-processing of ash into clinker",0.0
LV,Other non-metallic mineral products,1109359.624035265
LV,Basic iron and steel and of ferro-alloys and first products thereof,57573.30412754951
LV,"Secondary steel for treatment, Re-processing of secondary steel into new steel",0.0
LV,Precious metals,360756.4647048827
LV,"Secondary preciuos metals for treatment, Re-processing of secondary preciuos metals into new preciuos metals",0.0
LV,Aluminium and aluminium products,130106.55901911025
LV,"Secondary aluminium for treatment, Re-processing of secondary aluminium into new aluminium",0.0
LV,"Lead, zinc and tin and products thereof",233279.7258515534
LV,"Secondary lead for treatment, Re-processing of secondary lead into new lead",0.0
LV,Copper products,57266.78751625242
LV,"Secondary copper for treatment, Re-processing of secondary copper into new copper",0.0
LV,Other non-ferrous metal products,280570.65873101924
LV,"Secondary other non-ferrous metals for treatment, Re-processing of secondary other non-ferrous metals into new other non-ferrous metals",0.0
LV,Foundry work services,244266.55798914685
LV,"Fabricated metal products, except machinery and equipment (28)",80340.86151808081
LV,Machinery and equipment n.e.c. (29),87892.05346981146
LV,Office machinery and computers (30),21472.066432649026
LV,Electrical machinery and apparatus n.e.c. (31),103502.51049763571
LV,"Radio, television and communication equipment and apparatus (32)",3295.3614168412514
LV,"Medical, precision and optical instruments, watches and clocks (33)",104945.35966049133
LV,"Motor vehicles, trailers and semi-trailers (34)",645457.9731234375
LV,Other transport equipment (35),44264.95275165524
LV,Furniture; other manufactured goods n.e.c. (36),10568.191479758572
LV,Secondary raw materials,97747.4032372216
LV,"Bottles for treatment, Recycling of bottles by direct reuse",0.0
LV,Electricity by coal,274910.555803277
LV,Electricity by gas,2263706.8783626105
LV,Electricity by nuclear,128336.33225197233
LV,Electricity by hydro,150355.9661568488
LV,Electricity by wind,111552.67777441589
LV,Electricity by petroleum and other oil derivatives,931309.1787080655
LV,Electricity by biomass and waste,150183.96772151507
LV,Electricity by solar photovoltaic,359128.31052942004
LV,Electricity by solar thermal,12483622579.686943
LV,"Electricity by tide, wave, ocean",87904.15412780536
LV,Electricity by Geothermal,48907025.87297997
LV,Electricity nec,117897.29383668398
LV,Transmission services of electricity,969.3452712310699
LV,Distribution and trade services of electricity,103.05199031226044
LV,Coke oven gas,6087962.633631216
LV,Blast Furnace Gas,263907.51288805134
LV,Oxygen Steel Furnace Gas,7110618.594547371
LV,Gas Works Gas,76341728.7191138
LV,Biogas,3556.798014844376
LV,Distribution services of gaseous fuels through mains,24720.799867396807
LV,Steam and hot water supply services,8497053.324465036
LV,"Collected and purified water, distribution services of water (41)",502526.2458613802
LV,Construction work (45),61215.59681626879
LV,"Secondary construction material for treatment, Re-processing of secondary construction material into aggregates",0.0
LV,"Sale, maintenance, repair of motor vehicles, motor vehicles parts, motorcycles, motor cycles parts and accessoiries",20835.196683653237
LV,Retail trade services of motor fuel,16665.11000613331
LV,"Wholesale trade and commission trade services, except of motor vehicles and motorcycles (51)",26484.466171966957
LV,"Retail  trade services, except of motor vehicles and motorcycles; repair services of personal and household goods (52)",17616.306536586675
LV,Hotel and restaurant services (55),11759.80839745738
LV,Railway transportation services,299065.0213153309
LV,Other land transportation services,120015.49921211178
LV,Transportation services via pipelines,4098.062028606294
LV,Sea and coastal water transportation services,1813271.6180358336
LV,Inland water transportation services,838846.7800628307
LV,Air transport services (62),501326.137422445
LV,Supporting and auxiliary transport services; travel agency services (63),31424.169163393723
LV,Post and telecommunication services (64),36170.997198932695
LV,"Financial intermediation services, except insurance and pension funding services (65)",389.8890419936491
LV,"Insurance and pension funding services, except compulsory social security services (66)",737.7133015139966
LV,Services auxiliary to financial intermediation (67),2333.949011381498
LV,Real estate services (70),30067.089443745645
LV,Renting services of machinery and equipment without operator and of personal and household goods (71),52128.124876891496
LV,Computer and related services (72),16324.527964238325
LV,Research and development services (73),73816.67015582632
LV,Other business services (74),24400.268003893656
LV,Public administration and defence services; compulsory social security services (75),2024.5288423918464
LV,Education services (80),8934.132046609324
LV,Health and social work services (85),10894.792211707625
LV,Food waste for treatment: incineration,288373.8026610491
LV,Paper waste for treatment: incineration,262978.36869863607
LV,Plastic waste for treatment: incineration,7566905.592383085
LV,Intert/metal waste for treatment: incineration,1208032.403333365
LV,Textiles waste for treatment: incineration,2965536.2585559147
LV,Wood waste for treatment: incineration,4204567.594403609
LV,Oil/hazardous waste for treatment: incineration,135113.70465162408
LV,Food waste for treatment: biogasification and land application,2145856.5238484466
LV,Paper waste for treatment: biogasification and land application,2143233.2035358334
LV,Sewage sludge for treatment: biogasification and land application,2571803.890379772
LV,Food waste for treatment: composting and land application,244250.64323531432
LV,Paper and wood waste for treatment: composting and land application,387268.46222401684
LV,Food waste for treatment: waste water treatment,2025202.0180683562
LV,Other waste for treatment: waste water treatment,2656489.20125397
LV,Food waste for treatment: landfill,2244892.1830499955
LV,Paper for treatment: landfill,1220799.9962451614
LV,Plastic waste for treatment: landfill,1514457.3935906421
LV,Inert/metal/hazardous waste for treatment: landfill,197067.61135216657
LV,Textiles waste for treatment: landfill,365837.24151633575
LV,Wood waste for treatment: landfill,404063.59541357536
LV,Membership organisation services n.e.c. (91),2381.9759619164442
LV,"Recreational, cultural and sporting services (92)",5977.618807885824
LV,Other services (93),9609.294930834547
LV,Private households with employed persons (95),304.0961530370395
LV,Extra-territorial organizations and bodies,0.0
MT,Paddy rice,0.0
MT,Wheat,640190.9112958134
MT,Cereal grains nec,73188.27859504503
MT,"Vegetables, fruit, nuts",132460.26339999135
MT,Oil seeds,583.5649379159784
MT,"Sugar cane, sugar beet",1361.7086251825287
MT,Plant-based fibers,1353.6753540518782
MT,Crops nec,170343.8489245792
MT,Cattle,2229046.330961619
MT,Pigs,296990.9182476853
MT,Poultry,216864.49856213314
MT,Meat animals nec,514763.33700154064
MT,Animal products nec,1376.8881034117642
MT,Raw milk,1915340.980673119
MT,"Wool, silk-worm cocoons",2822.306632023482
MT,Manure (conventional treatment),0.0
MT,Manure (biogas treatment),0.0
MT,"Products of forestry, logging and related services (02)",0.0
MT,Fish and other fishing products; services incidental of fishing (05),46957.25311075887
MT,Anthracite,716.0818606402204
MT,Coking Coal,647.331239453457
MT,Other Bituminous Coal,647.088427807187
MT,Sub-Bituminous Coal,646.564600371065
MT,Patent Fuel,1437.1886079841265
MT,Lignite/Brown Coal,1437.2175683693815
MT,BKB/Peat Briquettes,647.3069390970766
MT,Peat,647.3634188038618
MT,"Crude petroleum and services related to crude oil extraction, excluding surveying",1209.8961441275212
MT,"Natural gas and services related to natural gas extraction, excluding surveying",976.1613572010328
MT,Natural Gas Liquids,1508.8150452779726
MT,Other Hydrocarbons,1438.7599379448702
MT,Uranium and thorium ores (12),646.552262791267
MT,Iron ores,1437.2003674002237
MT,Copper ores and concentrates,1436.1156150082138
MT,Nickel ores and concentrates,716.0827218864309
MT,Aluminium ores and concentrates,716.0834520665071
MT,Precious metal ores and concentrates,728.8964545853421
MT,"Lead, zinc and tin ores and concentrates",1438.5471647155264
MT,Other non-ferrous metal ores and concentrates,1437.2219989235732
MT,Stone,150113.8047422968
MT,Sand and clay,410.6352658078853
MT,"Chemical and fertilizer minerals, salt and other mining and quarrying products n.e.c.",767.9037176127749
MT,Products of meat cattle,345.335108969088
MT,Products of meat pigs,9727.922225930344
MT,Products of meat poultry,438.3622609883328
MT,Meat products nec,205.53651803687785
MT,products of Vegetable oils and fats,300.25704067889376
MT,Dairy products,2010.3402300116122
MT,Processed rice,1101.7659897921778
MT,Sugar,3958.901539165608
MT,Food products nec,57962.471905505874
MT,Beverages,56083.55070535519
MT,Fish products,1292.9827277137504
MT,Tobacco products (16),368.4538913728418
MT,Textiles (17),10737.895065130968
MT,Wearing apparel; furs (18),4255.658599265676
MT,Leather and leather products (19),14447.536822850192
MT,Wood and products of wood and cork (except furniture); articles of straw and plaiting materials (20),31103.1703972813
MT,"Wood material for treatment, Re-processing of secondary wood material into new wood material",0.0
MT,Pulp,668680.2713883246
MT,"Secondary paper for treatment, Re-processing of secondary paper into new pulp",1243581.4135064406
MT,Paper and paper products,7913.844864018064
MT,Printed matter and recorded media (22),985.055046260762
MT,Coke Oven Coke,146550.83769486274
MT,Gas Coke,226972.28873566026
MT,Coal Tar,73137.68030546862
MT,Motor Gasoline,274162.3138822403
MT,Aviation Gasoline,80058.78612192582
MT,Gasoline Type Jet Fuel,226972.28995740277
MT,Kerosene Type Jet Fuel,1031.5892049348486
MT,Kerosene,2913.461971734274
MT,Gas/Diesel Oil,52782.39004376491
MT,Heavy Fuel Oil,18701.350497959083
MT,Refinery Gas,155162.53818314744
MT,Liquefied Petroleum Gases (LPG),257328.0691592984
MT,Refinery Feedstocks,267220.2677184519
MT,Ethane,82129.08840852695
MT,Naphtha,207512.93553998202
MT,White Spirit & SBP,122129.07022014164
MT,Lubricants,296282.49500198883
MT,Bitumen,612514.7353881579
MT,Paraffin Waxes,146037.4450667319
MT,Petroleum Coke,114623.65638569742
MT,Non-specified Petroleum Products,132425.97541803474
MT,Nuclear fuel,7864.175066369511
MT,"Plastics, basic",41654.95423813764
MT,"Secondary plastic for treatment, Re-processing of secondary plastic into new plastic",1303250.783826421
MT,N-fertiliser,1240887.0411914533
MT,P- and other fertiliser,764769.8751834721
MT,Chemicals nec,4129.1875734424875
MT,Charcoal,1237069.5360201614
MT,Additives/Blending Components,240929.41926966453
MT,Biogasoline,1125827.8370853257
MT,Biodiesels,1226032.028812522
MT,Other Liquid Biofuels,1057044.8051923844
MT,Rubber and plastic products (25),10821.936348601963
MT,Glass and glass products,3624.2869081972885
MT,"Secondary glass for treatment, Re-processing of secondary glass into new glass",920.2497576843107
MT,Ceramic goods,21661.906719213704
MT,"Bricks, tiles and construction products, in baked clay",6414.793663632538
MT,"Cement, lime and plaster",6673.922448991664
MT,"Ash for treatment, Re-processing of ash into clinker",920.2497576843107
MT,Other non-metallic mineral products,4067.3301918110465
MT,Basic iron and steel and of ferro-alloys and first products thereof,61601.24685756052
MT,"Secondary steel for treatment, Re-processing of secondary steel into new steel",7552490.315318794
MT,Precious metals,68410.20275325303
MT,"Secondary preciuos metals for treatment, Re-processing of secondary preciuos metals into new preciuos metals",5921588.672958041
MT,Aluminium and aluminium products,50086.56091342087
MT,"Secondary aluminium for treatment, Re-processing of secondary aluminium into new aluminium",1461822.9724130454
MT,"Lead, zinc and tin and products thereof",76976.1509908014
MT,"Secondary lead for treatment, Re-processing of secondary lead into new lead",141890.71164947038
MT,Copper products,53502.77254609292
MT,"Secondary copper for treatment, Re-processing of secondary copper into new copper",136263.7268354419
MT,Other non-ferrous metal products,75532.46043112506
MT,"Secondary other non-ferrous metals for treatment, Re-processing of secondary other non-ferrous metals into new other non-ferrous metals",150227.01761399372
MT,Foundry work services,49196.76480771201
MT,"Fabricated metal products, except machinery and equipment (28)",4326.68308416997
MT,Machinery and equipment n.e.c. (29),169026.61495071303
MT,Office machinery and computers (30),164.2043210285305
MT,Electrical machinery and apparatus n.e.c. (31),74396.94714044516
MT,"Radio, television and communication equipment and apparatus (32)",3136.5440568784848
MT,"Medical, precision and optical instruments, watches and clocks (33)",4558.750772070552
MT,"Motor vehicles, trailers and semi-trailers (34)",1544.3813389672914
MT,Other transport equipment (35),225191.51309349475
MT,Furniture; other manufactured goods n.e.c. (36),90220.95352752975
MT,Secondary raw materials,1264178.2927584543
MT,"Bottles for treatment, Recycling of bottles by direct reuse",1385675.844021182
MT,Electricity by coal,900.264861258106
MT,Electricity by gas,1931697.2430673551
MT,Electricity by nuclear,894.4993959155389
MT,Electricity by hydro,900.8459785664576
MT,Electricity by wind,897.7670881114375
MT,Electricity by petroleum and other oil derivatives,5093151.493996144
MT,Electricity by biomass and waste,5616.951281637937
MT,Electricity by solar photovoltaic,0.060782413322174156
MT,Electricity by solar thermal,892.3736616155803
MT,"Electricity by tide, wave, ocean",891.833001124008
MT,Electricity by Geothermal,892.1723167920143
MT,Electricity nec,891.8334068504342
MT,Transmission services of electricity,3211.7387907085886
MT,Distribution and trade services of electricity,10798.271882256386
MT,Coke oven gas,891.9719042995476
MT,Blast Furnace Gas,891.8463543410114
MT,Oxygen Steel Furnace Gas,891.8424315941043
MT,Gas Works Gas,891.8366561211482
MT,Biogas,1.6560201219647048
MT,Distribution services of gaseous fuels through mains,929.7585714705282
MT,Steam and hot water supply services,25.44358384398205
MT,"Collected and purified water, distribution services of water (41)",2058.4553502220983
MT,Construction work (45),15124.894449957774
MT,"Secondary construction material for treatment, Re-processing of secondary construction material into aggregates",12259.720265943011
MT,"Sale, maintenance, repair of motor vehicles, motor vehicles parts, motorcycles, motor cycles parts and accessoiries",2398.9131510947022
MT,Retail trade services of motor fuel,1534.1340143324417
MT,"Wholesale trade and commission trade services, except of motor vehicles and motorcycles (51)",2461.587144336105
MT,"Retail  trade services, except of motor vehicles and motorcycles; repair services of personal and household goods (52)",1893.516378111692
MT,Hotel and restaurant services (55),5717.3699563967075
MT,Railway transportation services,2208.471138060785
MT,Other land transportation services,13832.450923616914
MT,Transportation services via pipelines,6990.307654778263
MT,Sea and coastal water transportation services,633272.7508748684
MT,Inland water transportation services,15822.774011226811
MT,Air transport services (62),225081.70959235955
MT,Supporting and auxiliary transport services; travel agency services (63),13667.798938054555
MT,Post and telecommunication services (64),49318.359301228695
MT,"Financial intermediation services, except insurance and pension funding services (65)",73170.79508031903
MT,"Insurance and pension funding services, except compulsory social security services (66)",20.410307374421425
MT,Services auxiliary to financial intermediation (67),1104.802760536241
MT,Real estate services (70),1833.022152895128
MT,Renting services of machinery and equipment without operator and of personal and household goods (71),22698.9649176409
MT,Computer and related services (72),19760.010356855186
MT,Research and development services (73),3947.6085178669136
MT,Other business services (74),3469.5901977044746
MT,Public administration and defence services; compulsory social security services (75),891.8407591042761
MT,Education services (80),1496.1665413146063
MT,Health and social work services (85),6246.615837792286
MT,Food waste for treatment: incineration,1368815.1630407535
MT,Paper waste for treatment: incineration,1368557.5345564922
MT,Plastic waste for treatment: incineration,1374341.8883550253
MT,Intert/metal waste for treatment: incineration,1294539.9671672944
MT,Textiles waste for treatment: incineration,1381783.381490216
MT,Wood waste for treatment: incineration,1371673.5375160752
MT,Oil/hazardous waste for treatment: incineration,105036.26307285036
MT,Food waste for treatment: biogasification and land application,1384850.8178254736
MT,Paper waste for treatment: biogasification and land application,1385577.1726083832
MT,Sewage sludge for treatment: biogasification and land application,1372789.772271224
MT,Food waste for treatment: composting and land application,1372236.0118106261
MT,Paper and wood waste for treatment: composting and land application,1385061.6797493554
MT,Food waste for treatment: waste water treatment,1349496.5864850169
MT,Other waste for treatment: waste water treatment,1341276.4479341041
MT,Food waste for treatment: landfill,1379597.098946949
MT,Paper for treatment: landfill,1378921.4883354253
MT,Plastic waste for treatment: landfill,1383965.7194605109
MT,Inert/metal/hazardous waste for treatment: landfill,1371893.9565580778
MT,Textiles waste for treatment: landfill,1384891.2557910844
MT,Wood waste for treatment: landfill,1384617.6905876258
MT,Membership organisation services n.e.c. (91),531.7327122912621
MT,"Recreational, cultural and sporting services (92)",1374.0088291085042
MT,Other services (93),1525.286989378384
MT,Private households with employed persons (95),0.01866019996879821
MT,Extra-territorial organizations and bodies,0.0
NL,Paddy rice,48215.10113215611
NL,Wheat,1069249.5206604004
NL,Cereal grains nec,419665.2977701971
NL,"Vegetables, fruit, nuts",259632.96329063948
NL,Oil seeds,814293.1401867864
NL,"Sugar cane, sugar beet",1185856.1961768165
NL,Plant-based fibers,480281.2395458486
NL,Crops nec,93806.98433191841
NL,Cattle,1895296.4835399392
NL,Pigs,608444.923490801
NL,Poultry,713152.9917185584
NL,Meat animals nec,293537.46508520603
NL,Animal products nec,52782.37102110583
NL,Raw milk,1425722.5773779675
NL,"Wool, silk-worm cocoons",116551.80430544964
NL,Manure (conventional treatment),0.0
NL,Manure (biogas treatment),0.0
NL,"Products of forestry, logging and related services (02)",68110.05368917498
NL,Fish and other fishing products; services incidental of fishing (05),668992.8998200237
NL,Anthracite,528221.7801035278
NL,Coking Coal,0.0
NL,Other Bituminous Coal,0.0
NL,Sub-Bituminous Coal,0.0
NL,Patent Fuel,11607.67443153356
NL,Lignite/Brown Coal,11899.647971900673
NL,BKB/Peat Briquettes,0.0
NL,Peat,0.0
NL,"Crude petroleum and services related to crude oil extraction, excluding surveying",623048.8180372847
NL,"Natural gas and services related to natural gas extraction, excluding surveying",723741.1913998319
NL,Natural Gas Liquids,405743.3436396905
NL,Other Hydrocarbons,11592.514460556506
NL,Uranium and thorium ores (12),0.0
NL,Iron ores,11594.116667246702
NL,Copper ores and concentrates,11592.50151706967
NL,Nickel ores and concentrates,0.0
NL,Aluminium ores and concentrates,0.0
NL,Precious metal ores and concentrates,11592.514040590835
NL,"Lead, zinc and tin ores and concentrates",11592.501738504236
NL,Other non-ferrous metal ores and concentrates,174715.54428488284
NL,Stone,28824.05153099991
NL,Sand and clay,296764.64394553925
NL,"Chemical and fertilizer minerals, salt and other mining and quarrying products n.e.c.",167322.71921106437
NL,Products of meat cattle,63374.80517665925
NL,Products of meat pigs,56916.99522081417
NL,Products of meat poultry,12545.592802644926
NL,Meat products nec,54166.38761103149
NL,products of Vegetable oils and fats,62135.331870952716
NL,Dairy products,51961.650407058514
NL,Processed rice,378021.31785781373
NL,Sugar,48520.892245938376
NL,Food products nec,70171.66927712368
NL,Beverages,110967.90835474333
NL,Fish products,145832.86241320442
NL,Tobacco products (16),31255.362902932706
NL,Textiles (17),17172.575671501203
NL,Wearing apparel; furs (18),89154.51960702904
NL,Leather and leather products (19),40999.44363798749
NL,Wood and products of wood and cork (except furniture); articles of straw and plaiting materials (20),66341.23501779225
NL,"Wood material for treatment, Re-processing of secondary wood material into new wood material",0.0
NL,Pulp,120907.99539257387
NL,"Secondary paper for treatment, Re-processing of secondary paper into new pulp",0.0
NL,Paper and paper products,28444.699993920738
NL,Printed matter and recorded media (22),9475.613853487977
NL,Coke Oven Coke,2756938.8320783293
NL,Gas Coke,0.0
NL,Coal Tar,1417555.638595342
NL,Motor Gasoline,342399.67938731326
NL,Aviation Gasoline,335765.3741298296
NL,Gasoline Type Jet Fuel,0.0
NL,Kerosene Type Jet Fuel,343309.8855023542
NL,Kerosene,345270.40590940975
NL,Gas/Diesel Oil,343683.2751131179
NL,Heavy Fuel Oil,301573.9712408489
NL,Refinery Gas,345377.547494224
NL,Liquefied Petroleum Gases (LPG),303950.1539960417
NL,Refinery Feedstocks,293978.69512618
NL,Ethane,0.0
NL,Naphtha,347457.752939091
NL,White Spirit & SBP,339351.11081274477
NL,Lubricants,344188.1519769465
NL,Bitumen,342597.64757264167
NL,Paraffin Waxes,338524.186631854
NL,Petroleum Coke,338340.24805927655
NL,Non-specified Petroleum Products,294857.75908800366
NL,Nuclear fuel,9868.640536757513
NL,"Plastics, basic",546454.4311522155
NL,"Secondary plastic for treatment, Re-processing of secondary plastic into new plastic",0.0
NL,N-fertiliser,563792.3895427914
NL,P- and other fertiliser,74807.92680419698
NL,Chemicals nec,166043.89769964115
NL,Charcoal,53139.67961808299
NL,Additives/Blending Components,1846536.3316526287
NL,Biogasoline,156112.61398845687
NL,Biodiesels,186203.23913151212
NL,Other Liquid Biofuels,153687.85109672582
NL,Rubber and plastic products (25),32350.16767703437
NL,Glass and glass products,525662.1892217846
NL,"Secondary glass for treatment, Re-processing of secondary glass into new glass",0.0
NL,Ceramic goods,318773.55608674034
NL,"Bricks, tiles and construction products, in baked clay",137492.20433094754
NL,"Cement, lime and plaster",236281.10858542816
NL,"Ash for treatment, Re-processing of ash into clinker",0.0
NL,Other non-metallic mineral products,166402.61344816125
NL,Basic iron and steel and of ferro-alloys and first products thereof,1521142.4072395673
NL,"Secondary steel for treatment, Re-processing of secondary steel into new steel",0.0
NL,Precious metals,407902.3008788696
NL,"Secondary preciuos metals for treatment, Re-processing of secondary preciuos metals into new preciuos metals",0.0
NL,Aluminium and aluminium products,120602.13425532696
NL,"Secondary aluminium for treatment, Re-processing of secondary aluminium into new aluminium",0.0
NL,"Lead, zinc and tin and products thereof",526236.69458539
NL,"Secondary lead for treatment, Re-processing of secondary lead into new lead",0.0
NL,Copper products,122918.71780248024
NL,"Secondary copper for treatment, Re-processing of secondary copper into new copper",0.0
NL,Other non-ferrous metal products,117079.38626661005
NL,"Secondary other non-ferrous metals for treatment, Re-processing of secondary other non-ferrous metals into new other non-ferrous metals",0.0
NL,Foundry work services,895721.7360220993
NL,"Fabricated metal products, except machinery and equipment (28)",38567.17519858548
NL,Machinery and equipment n.e.c. (29),15081.195308194909
NL,Office machinery and computers (30),11892.274419423198
NL,Electrical machinery and apparatus n.e.c. (31),22912.94675181009
NL,"Radio, television and communication equipment and apparatus (32)",63064.832841804884
NL,"Medical, precision and optical instruments, watches and clocks (33)",8542.050403737798
NL,"Motor vehicles, trailers and semi-trailers (34)",3712.1355792128384
NL,Other transport equipment (35),18467.709727822734
NL,Furniture; other manufactured goods n.e.c. (36),61932.711644979165
NL,Secondary raw materials,40475.86024341344
NL,"Bottles for treatment, Recycling of bottles by direct reuse",0.0
NL,Electricity by coal,9505502.366449587
NL,Electricity by gas,10646846.399425272
NL,Electricity by nuclear,40548.86889328964
NL,Electricity by hydro,283251.3196515188
NL,Electricity by wind,99414.18493328025
NL,Electricity by petroleum and other oil derivatives,2381101.3610777194
NL,Electricity by biomass and waste,143534.25947182206
NL,Electricity by solar photovoltaic,89045.42888796574
NL,Electricity by solar thermal,0.0
NL,"Electricity by tide, wave, ocean",0.0
NL,Electricity by Geothermal,5950.137227778805
NL,Electricity nec,289285.9534255733
NL,Transmission services of electricity,11082.292312835987
NL,Distribution and trade services of electricity,11029.767424268633
NL,Coke oven gas,510722.33132075024
NL,Blast Furnace Gas,518427.9831991475
NL,Oxygen Steel Furnace Gas,0.0
NL,Gas Works Gas,0.0
NL,Biogas,479440.1956217434
NL,Distribution services of gaseous fuels through mains,511343.52273898927
NL,Steam and hot water supply services,1364937.3727042202
NL,"Collected and purified water, distribution services of water (41)",150786.98056249588
NL,Construction work (45),147603.5622654806
NL,"Secondary construction material for treatment, Re-processing of secondary construction material into aggregates",0.0
NL,"Sale, maintenance, repair of motor vehicles, motor vehicles parts, motorcycles, motor cycles parts and accessoiries",14513.637606899058
NL,Retail trade services of motor fuel,81728.5739256656
NL,"Wholesale trade and commission trade services, except of motor vehicles and motorcycles (51)",28720.565947619936
NL,"Retail  trade services, except of motor vehicles and motorcycles; repair services of personal and household goods (52)",16479.79341508483
NL,Hotel and restaurant services (55),45925.78226836055
NL,Railway transportation services,156581.6614375457
NL,Other land transportation services,80199.44673919716
NL,Transportation services via pipelines,12506.319595475323
NL,Sea and coastal water transportation services,927516.8432888724
NL,Inland water transportation services,453711.93132607976
NL,Air transport services (62),814817.9812659468
NL,Supporting and auxiliary transport services; travel agency services (63),30915.3683773008
NL,Post and telecommunication services (64),5392.85854338238
NL,"Financial intermediation services, except insurance and pension funding services (65)",4452.6662634556715
NL,"Insurance and pension funding services, except compulsory social security services (66)",3347.765073271974
NL,Services auxiliary to financial intermediation (67),6062.480312375127
NL,Real estate services (70),14699.858540599915
NL,Renting services of machinery and equipment without operator and of personal and household goods (71),59389.836493248884
NL,Computer and related services (72),27799.37000639255
NL,Research and development services (73),66101.8250548783
NL,Other business services (74),13556.17020301126
NL,Public administration and defence services; compulsory social security services (75),8742.008463668693
NL,Education services (80),4969.214950807445
NL,Health and social work services (85),14723.528981514743
NL,Food waste for treatment: incineration,103492.90464183783
NL,Paper waste for treatment: incineration,81927.11387933712
NL,Plastic waste for treatment: incineration,51988.218960442
NL,Intert/metal waste for treatment: incineration,81665.96660486893
NL,Textiles waste for treatment: incineration,68449.55215778912
NL,Wood waste for treatment: incineration,485638.29194884363
NL,Oil/hazardous waste for treatment: incineration,126096.7094708728
NL,Food waste for treatment: biogasification and land application,293835.78136741923
NL,Paper waste for treatment: biogasification and land application,223749.61364651326
NL,Sewage sludge for treatment: biogasification and land application,44592.040946792054
NL,Food waste for treatment: composting and land application,65842.0523646018
NL,Paper and wood waste for treatment: composting and land application,86626.79801356293
NL,Food waste for treatment: waste water treatment,569345.2917887843
NL,Other waste for treatment: waste water treatment,1247673.7580710223
NL,Food waste for treatment: landfill,352564.4259215631
NL,Paper for treatment: landfill,29941.77115879892
NL,Plastic waste for treatment: landfill,22895.207978292063
NL,Inert/metal/hazardous waste for treatment: landfill,28227.645823451272
NL,Textiles waste for treatment: landfill,42752.22267636616
NL,Wood waste for treatment: landfill,22124.05371977225
NL,Membership organisation services n.e.c. (91),87949.16767627245
NL,"Recreational, cultural and sporting services (92)",34567.64281725609
NL,Other services (93),16864.854352078622
NL,Private households with employed persons (95),26.654065474201357
NL,Extra-territorial organizations and bodies,0.0
PL,Paddy rice,0.0
PL,Wheat,2579558.4078071876
PL,Cereal grains nec,1801582.1293043345
PL,"Vegetables, fruit, nuts",658004.853868054
PL,Oil seeds,2034389.5872310002
PL,"Sugar cane, sugar beet",1347871.9682402317
PL,Plant-based fibers,49075.61596811182
PL,Crops nec,213859.73396257794
PL,Cattle,5561858.183072705
PL,Pigs,959083.3509766184
PL,Poultry,827109.8843171645
PL,Meat animals nec,544183.1296187745
PL,Animal products nec,579921.8133021249
PL,Raw milk,3045246.06048278
PL,"Wool, silk-worm cocoons",31362.066678992207
PL,Manure (conventional treatment),0.0
PL,Manure (biogas treatment),0.0
PL,"Products of forestry, logging and related services (02)",253018.28702886123
PL,Fish and other fishing products; services incidental of fishing (05),266355.82396653824
PL,Anthracite,0.0
PL,Coking Coal,1394400.6416241913
PL,Other Bituminous Coal,1406849.6190549363
PL,Sub-Bituminous Coal,0.0
PL,Patent Fuel,1175735.297041672
PL,Lignite/Brown Coal,1544408.3122606077
PL,BKB/Peat Briquettes,13990952.384992616
PL,Peat,0.0
PL,"Crude petroleum and services related to crude oil extraction, excluding surveying",3734961.36441066
PL,"Natural gas and services related to natural gas extraction, excluding surveying",3318109.05989628
PL,Natural Gas Liquids,3075062.8582642437
PL,Other Hydrocarbons,34536.54085633462
PL,Uranium and thorium ores (12),2413160.9842193387
PL,Iron ores,97989.1625342312
PL,Copper ores and concentrates,2211542.1944364766
PL,Nickel ores and concentrates,30431.055208855556
PL,Aluminium ores and concentrates,132012.96051106122
PL,Precious metal ores and concentrates,352289.77279598766
PL,"Lead, zinc and tin ores and concentrates",1528174.3971129516
PL,Other non-ferrous metal ores and concentrates,4286127.699557065
PL,Stone,1633657.426909251
PL,Sand and clay,1830278.93412376
PL,"Chemical and fertilizer minerals, salt and other mining and quarrying products n.e.c.",1122249.1319837254
PL,Products of meat cattle,31115.83615668145
PL,Products of meat pigs,31189.071795343043
PL,Products of meat poultry,16540.61149710324
PL,Meat products nec,49607.58104044037
PL,products of Vegetable oils and fats,34338.63891039801
PL,Dairy products,100574.7829357623
PL,Processed rice,1275660.6787292445
PL,Sugar,36730.963419643675
PL,Food products nec,52817.19325155568
PL,Beverages,343901.98237570934
PL,Fish products,129327.3628194971
PL,Tobacco products (16),20159.542747609397
PL,Textiles (17),61410.123982585
PL,Wearing apparel; furs (18),44062.40548325647
PL,Leather and leather products (19),18333.48711328949
PL,Wood and products of wood and cork (except furniture); articles of straw and plaiting materials (20),117643.62494823766
PL,"Wood material for treatment, Re-processing of secondary wood material into new wood material",0.0
PL,Pulp,105577.87993868096
PL,"Secondary paper for treatment, Re-processing of secondary paper into new pulp",0.0
PL,Paper and paper products,32072.158805968753
PL,Printed matter and recorded media (22),21624.435771070643
PL,Coke Oven Coke,2811590.8195020156
PL,Gas Coke,0.0
PL,Coal Tar,1489950.6207288112
PL,Motor Gasoline,309587.8590057933
PL,Aviation Gasoline,286807.73037821904
PL,Gasoline Type Jet Fuel,0.0
PL,Kerosene Type Jet Fuel,258482.02579377085
PL,Kerosene,178435.38003562758
PL,Gas/Diesel Oil,308678.2605344449
PL,Heavy Fuel Oil,309164.24233298947
PL,Refinery Gas,272520.5744920269
PL,Liquefied Petroleum Gases (LPG),311453.3124012129
PL,Refinery Feedstocks,303848.65040001855
PL,Ethane,0.0
PL,Naphtha,134382.41869185967
PL,White Spirit & SBP,309570.69487428956
PL,Lubricants,302959.09194250643
PL,Bitumen,297990.1567698261
PL,Paraffin Waxes,309078.91691450955
PL,Petroleum Coke,63408.599547906924
PL,Non-specified Petroleum Products,265381.63977242925
PL,Nuclear fuel,112205.0610459223
PL,"Plastics, basic",855104.6852288444
PL,"Secondary plastic for treatment, Re-processing of secondary plastic into new plastic",0.0
PL,N-fertiliser,209292.35100084954
PL,P- and other fertiliser,387298.3802815866
PL,Chemicals nec,240586.5606922211
PL,Charcoal,655144.3124986612
PL,Additives/Blending Components,545610.687278777
PL,Biogasoline,330799.3874988548
PL,Biodiesels,212594.95462922796
PL,Other Liquid Biofuels,197003.21132306627
PL,Rubber and plastic products (25),53687.589436733484
PL,Glass and glass products,636000.5172926703
PL,"Secondary glass for treatment, Re-processing of secondary glass into new glass",0.0
PL,Ceramic goods,1603147.5019204984
PL,"Bricks, tiles and construction products, in baked clay",1330852.2709397213
PL,"Cement, lime and plaster",1287892.31362543
PL,"Ash for treatment, Re-processing of ash into clinker",0.0
PL,Other non-metallic mineral products,765526.8839630056
PL,Basic iron and steel and of ferro-alloys and first products thereof,867012.0884773995
PL,"Secondary steel for treatment, Re-processing of secondary steel into new steel",0.0
PL,Precious metals,1471173.61696696
PL,"Secondary preciuos metals for treatment, Re-processing of secondary preciuos metals into new preciuos metals",0.0
PL,Aluminium and aluminium products,688047.9807952212
PL,"Secondary aluminium for treatment, Re-processing of secondary aluminium into new aluminium",0.0
PL,"Lead, zinc and tin and products thereof",842264.611110425
PL,"Secondary lead for treatment, Re-processing of secondary lead into new lead",0.0
PL,Copper products,300475.5005130582
PL,"Secondary copper for treatment, Re-processing of secondary copper into new copper",0.0
PL,Other non-ferrous metal products,298215.4297357004
PL,"Secondary other non-ferrous metals for treatment, Re-processing of secondary other non-ferrous metals into new other non-ferrous metals",0.0
PL,Foundry work services,2794207.9151798557
PL,"Fabricated metal products, except machinery and equipment (28)",61477.39250646203
PL,Machinery and equipment n.e.c. (29),46424.225325912405
PL,Office machinery and computers (30),66783.61294440654
PL,Electrical machinery and apparatus n.e.c. (31),107982.30527815945
PL,"Radio, television and communication equipment and apparatus (32)",23761.1198083032
PL,"Medical, precision and optical instruments, watches and clocks (33)",39145.39882181363
PL,"Motor vehicles, trailers and semi-trailers (34)",18521.078818421174
PL,Other transport equipment (35),31560.866645271366
PL,Furniture; other manufactured goods n.e.c. (36),99523.2809467366
PL,Secondary raw materials,340949.68531533895
PL,"Bottles for treatment, Recycling of bottles by direct reuse",0.0
PL,Electricity by coal,18327290.19183698
PL,Electricity by gas,3250905.775767125
PL,Electricity by nuclear,93057.75477999108
PL,Electricity by hydro,13917.756706125774
PL,Electricity by wind,366826.0274628079
PL,Electricity by petroleum and other oil derivatives,1773883.8728983498
PL,Electricity by biomass and waste,400300.1545186626
PL,Electricity by solar photovoltaic,72263.0154043327
PL,Electricity by solar thermal,0.0
PL,"Electricity by tide, wave, ocean",0.0
PL,Electricity by Geothermal,0.0
PL,Electricity nec,194135.6227606231
PL,Transmission services of electricity,40637.89814010045
PL,Distribution and trade services of electricity,44282.68181880162
PL,Coke oven gas,189941.03992953492
PL,Blast Furnace Gas,174351.44075791477
PL,Oxygen Steel Furnace Gas,0.0
PL,Gas Works Gas,198377.1571188519
PL,Biogas,192536.49544230942
PL,Distribution services of gaseous fuels through mains,202107.72442600163
PL,Steam and hot water supply services,17399985.93679252
PL,"Collected and purified water, distribution services of water (41)",191142.97602272272
PL,Construction work (45),168798.0428882669
PL,"Secondary construction material for treatment, Re-processing of secondary construction material into aggregates",0.0
PL,"Sale, maintenance, repair of motor vehicles, motor vehicles parts, motorcycles, motor cycles parts and accessoiries",56537.703958887636
PL,Retail trade services of motor fuel,128020.29217274455
PL,"Wholesale trade and commission trade services, except of motor vehicles and motorcycles (51)",119045.16972016379
PL,"Retail  trade services, except of motor vehicles and motorcycles; repair services of personal and household goods (52)",77957.44998583791
PL,Hotel and restaurant services (55),33023.459417997845
PL,Railway transportation services,462438.6923634025
PL,Other land transportation services,124866.60143339445
PL,Transportation services via pipelines,284147.51537691103
PL,Sea and coastal water transportation services,852706.9687230055
PL,Inland water transportation services,69372.02563500407
PL,Air transport services (62),704129.6043376871
PL,Supporting and auxiliary transport services; travel agency services (63),64348.4605005836
PL,Post and telecommunication services (64),17513.882940910124
PL,"Financial intermediation services, except insurance and pension funding services (65)",36126.16709526887
PL,"Insurance and pension funding services, except compulsory social security services (66)",256735.85316536215
PL,Services auxiliary to financial intermediation (67),77178.79503148551
PL,Real estate services (70),55012.67964341383
PL,Renting services of machinery and equipment without operator and of personal and household goods (71),115144.12668419626
PL,Computer and related services (72),18176.203558455723
PL,Research and development services (73),76056.28395913441
PL,Other business services (74),103012.69150888464
PL,Public administration and defence services; compulsory social security services (75),47422.17013057827
PL,Education services (80),13303.053861218083
PL,Health and social work services (85),16628.999854134247
PL,Food waste for treatment: incineration,1563635.5090313482
PL,Paper waste for treatment: incineration,755408.5528613218
PL,Plastic waste for treatment: incineration,198986.57712736688
PL,Intert/metal waste for treatment: incineration,233960.88342161817
PL,Textiles waste for treatment: incineration,1436887.433869272
PL,Wood waste for treatment: incineration,507432.6972117432
PL,Oil/hazardous waste for treatment: incineration,181932.66174210992
PL,Food waste for treatment: biogasification and land application,579150.0533369706
PL,Paper waste for treatment: biogasification and land application,644642.548802175
PL,Sewage sludge for treatment: biogasification and land application,174173.89851077428
PL,Food waste for treatment: composting and land application,310800.60214683524
PL,Paper and wood waste for treatment: composting and land application,190929.42422870066
PL,Food waste for treatment: waste water treatment,1058405.0805199714
PL,Other waste for treatment: waste water treatment,806402.8769927127
PL,Food waste for treatment: landfill,404885.73286757985
PL,Paper for treatment: landfill,279179.60799414135
PL,Plastic waste for treatment: landfill,251667.9891027685
PL,Inert/metal/hazardous waste for treatment: landfill,235301.96409379752
PL,Textiles waste for treatment: landfill,195270.19130555683
PL,Wood waste for treatment: landfill,194933.64353613407
PL,Membership organisation services n.e.c. (91),52159.4315022637
PL,"Recreational, cultural and sporting services (92)",16848.443060856214
PL,Other services (93),69499.68261750972
PL,Private households with employed persons (95),0.4657301560584215
PL,Extra-territorial organizations and bodies,0.0
PT,Paddy rice,93083.41543367192
PT,Wheat,810296.0458747384
PT,Cereal grains nec,932978.9106404255
PT,"Vegetables, fruit, nuts",219016.76139365515
PT,Oil seeds,207839.77666816648
PT,"Sugar cane, sugar beet",619758.4786615089
PT,Plant-based fibers,33202.27606547671
PT,Crops nec,68156.70694209418
PT,Cattle,2919760.6768295416
PT,Pigs,488082.78122138453
PT,Poultry,626217.7553755062
PT,Meat animals nec,861995.3483246439
PT,Animal products nec,662712.7189447061
PT,Raw milk,2338408.827690147
PT,"Wool, silk-worm cocoons",31569.592416718468
PT,Manure (conventional treatment),0.0
PT,Manure (biogas treatment),0.0
PT,"Products of forestry, logging and related services (02)",241699.21776604562
PT,Fish and other fishing products; services incidental of fishing (05),562573.0736379189
PT,Anthracite,48042679898.25894
PT,Coking Coal,6302232405.877979
PT,Other Bituminous Coal,6625425557.7354765
PT,Sub-Bituminous Coal,109591335357.35957
PT,Patent Fuel,2468203113.5298004
PT,Lignite/Brown Coal,1131278991.5381951
PT,BKB/Peat Briquettes,151211.79794403026
PT,Peat,4254266.260020966
PT,"Crude petroleum and services related to crude oil extraction, excluding surveying",1628703480.912265
PT,"Natural gas and services related to natural gas extraction, excluding surveying",1443154127.5341513
PT,Natural Gas Liquids,1003095492.5486323
PT,Other Hydrocarbons,65499.64801634596
PT,Uranium and thorium ores (12),136271609.4409798
PT,Iron ores,112586458.79994842
PT,Copper ores and concentrates,21630.04797577301
PT,Nickel ores and concentrates,0.0
PT,Aluminium ores and concentrates,0.0
PT,Precious metal ores and concentrates,98558.31402549359
PT,"Lead, zinc and tin ores and concentrates",77006.06302298425
PT,Other non-ferrous metal ores and concentrates,72279.47096713695
PT,Stone,859835.3500108519
PT,Sand and clay,1249968.7374436462
PT,"Chemical and fertilizer minerals, salt and other mining and quarrying products n.e.c.",432429.25443773664
PT,Products of meat cattle,27570.808138723554
PT,Products of meat pigs,23566.025260433784
PT,Products of meat poultry,31093.97270537201
PT,Meat products nec,23248.664687261662
PT,products of Vegetable oils and fats,28258.54757073889
PT,Dairy products,40125.47924391515
PT,Processed rice,68330.0653533446
PT,Sugar,87810.73465573826
PT,Food products nec,27222.838368199496
PT,Beverages,73123.21967193054
PT,Fish products,36861.96485494722
PT,Tobacco products (16),421135.2752049263
PT,Textiles (17),32995.189875149874
PT,Wearing apparel; furs (18),37787.29081220128
PT,Leather and leather products (19),34806.6249394194
PT,Wood and products of wood and cork (except furniture); articles of straw and plaiting materials (20),57917.348960495154
PT,"Wood material for treatment, Re-processing of secondary wood material into new wood material",0.0
PT,Pulp,74893.72260060915
PT,"Secondary paper for treatment, Re-processing of secondary paper into new pulp",0.0
PT,Paper and paper products,63777.55699830426
PT,Printed matter and recorded media (22),24680.12486491796
PT,Coke Oven Coke,1004357.2855244629
PT,Gas Coke,0.0
PT,Coal Tar,254937.89566100994
PT,Motor Gasoline,441587.2709969193
PT,Aviation Gasoline,424829.6468666864
PT,Gasoline Type Jet Fuel,0.0
PT,Kerosene Type Jet Fuel,414180.18927784264
PT,Kerosene,24337908.16847759
PT,Gas/Diesel Oil,438313.75187786017
PT,Heavy Fuel Oil,447855.80779882
PT,Refinery Gas,611151.3973087379
PT,Liquefied Petroleum Gases (LPG),1091388.0146882879
PT,Refinery Feedstocks,702196.3307255964
PT,Ethane,14564693.10196708
PT,Naphtha,432954.1614196379
PT,White Spirit & SBP,1108593.0855805073
PT,Lubricants,486295.31824743946
PT,Bitumen,464570.81210487994
PT,Paraffin Waxes,416444.5693379329
PT,Petroleum Coke,418145156.6863208
PT,Non-specified Petroleum Products,123965.0204614819
PT,Nuclear fuel,110596.8545224885
PT,"Plastics, basic",140406.37627294238
PT,"Secondary plastic for treatment, Re-processing of secondary plastic into new plastic",0.0
PT,N-fertiliser,122759.31452459934
PT,P- and other fertiliser,110795.13219644039
PT,Chemicals nec,61274.97752987568
PT,Charcoal,114810.21834519677
PT,Additives/Blending Components,1392407.3378872327
PT,Biogasoline,3260321.722234108
PT,Biodiesels,89111.12095053283
PT,Other Liquid Biofuels,1423398.1878068435
PT,Rubber and plastic products (25),38755.06179862638
PT,Glass and glass products,539310.769166688
PT,"Secondary glass for treatment, Re-processing of secondary glass into new glass",0.0
PT,Ceramic goods,770588.5263918188
PT,"Bricks, tiles and construction products, in baked clay",1045931.2340809865
PT,"Cement, lime and plaster",1769088.0890113586
PT,"Ash for treatment, Re-processing of ash into clinker",0.0
PT,Other non-metallic mineral products,699616.9016679885
PT,Basic iron and steel and of ferro-alloys and first products thereof,44724.22322969553
PT,"Secondary steel for treatment, Re-processing of secondary steel into new steel",0.0
PT,Precious metals,311100.51465845417
PT,"Secondary preciuos metals for treatment, Re-processing of secondary preciuos metals into new preciuos metals",0.0
PT,Aluminium and aluminium products,35420.36494629861
PT,"Secondary aluminium for treatment, Re-processing of secondary aluminium into new aluminium",0.0
PT,"Lead, zinc and tin and products thereof",25292.439663216002
PT,"Secondary lead for treatment, Re-processing of secondary lead into new lead",0.0
PT,Copper products,26773.24524831567
PT,"Secondary copper for treatment, Re-processing of secondary copper into new copper",0.0
PT,Other non-ferrous metal products,68579.62038997297
PT,"Secondary other non-ferrous metals for treatment, Re-processing of secondary other non-ferrous metals into new other non-ferrous metals",0.0
PT,Foundry work services,300458.6285491522
PT,"Fabricated metal products, except machinery and equipment (28)",32198.719327859068
PT,Machinery and equipment n.e.c. (29),22110.879699190216
PT,Office machinery and computers (30),56489.01072570802
PT,Electrical machinery and apparatus n.e.c. (31),19595.859892032055
PT,"Radio, television and communication equipment and apparatus (32)",15526.044717513583
PT,"Medical, precision and optical instruments, watches and clocks (33)",16004.165118205492
PT,"Motor vehicles, trailers and semi-trailers (34)",7786.937046956702
PT,Other transport equipment (35),20399.803677066044
PT,Furniture; other manufactured goods n.e.c. (36),282373.21816921036
PT,Secondary raw materials,66948.38960814786
PT,"Bottles for treatment, Recycling of bottles by direct reuse",0.0
PT,Electricity by coal,10021843.927237425
PT,Electricity by gas,3521277.0341760092
PT,Electricity by nuclear,4549552.631672682
PT,Electricity by hydro,6123.187303678163
PT,Electricity by wind,655.7929433435161
PT,Electricity by petroleum and other oil derivatives,3534589.4747963245
PT,Electricity by biomass and waste,345938.27314278635
PT,Electricity by solar photovoltaic,13404.711784198373
PT,Electricity by solar thermal,0.0
PT,"Electricity by tide, wave, ocean",0.0
PT,Electricity by Geothermal,10827.515259256124
PT,Electricity nec,545054.1947071423
PT,Transmission services of electricity,90965.75283893406
PT,Distribution and trade services of electricity,21215.89982768144
PT,Coke oven gas,61535058.90414245
PT,Blast Furnace Gas,2186026.153058307
PT,Oxygen Steel Furnace Gas,0.0
PT,Gas Works Gas,0.0
PT,Biogas,328252.34795008943
PT,Distribution services of gaseous fuels through mains,335424.28886722785
PT,Steam and hot water supply services,87588.30140469567
PT,"Collected and purified water, distribution services of water (41)",61474.26202234292
PT,Construction work (45),67585.32429444096
PT,"Secondary construction material for treatment, Re-processing of secondary construction material into aggregates",0.0
PT,"Sale, maintenance, repair of motor vehicles, motor vehicles parts, motorcycles, motor cycles parts and accessoiries",45475.736871979156
PT,Retail trade services of motor fuel,34722.32958254582
PT,"Wholesale trade and commission trade services, except of motor vehicles and motorcycles (51)",72815.36051724917
PT,"Retail  trade services, except of motor vehicles and motorcycles; repair services of personal and household goods (52)",40594.40382219723
PT,Hotel and restaurant services (55),83724.99481798495
PT,Railway transportation services,268957.10315092833
PT,Other land transportation services,424544.4992996847
PT,Transportation services via pipelines,5148.142343468972
PT,Sea and coastal water transportation services,1040188.1659303489
PT,Inland water transportation services,239035.7624876582
PT,Air transport services (62),589701.2823842488
PT,Supporting and auxiliary transport services; travel agency services (63),7367.808315910832
PT,Post and telecommunication services (64),3244.799266235172
PT,"Financial intermediation services, except insurance and pension funding services (65)",1233.263734803751
PT,"Insurance and pension funding services, except compulsory social security services (66)",4156.57498190169
PT,Services auxiliary to financial intermediation (67),5728.807223211868
PT,Real estate services (70),2133.7758876452453
PT,Renting services of machinery and equipment without operator and of personal and household goods (71),58804.76174867958
PT,Computer and related services (72),15803.02563280944
PT,Research and development services (73),62505.32696259984
PT,Other business services (74),26949.721893831713
PT,Public administration and defence services; compulsory social security services (75),27708.7944157547
PT,Education services (80),15835.510550135472
PT,Health and social work services (85),31272.889311826842
PT,Food waste for treatment: incineration,102746.06372959235
PT,Paper waste for treatment: incineration,145707.55980899459
PT,Plastic waste for treatment: incineration,1599132.2463976822
PT,Intert/metal waste for treatment: incineration,102538.42712942374
PT,Textiles waste for treatment: incineration,87922.98200819045
PT,Wood waste for treatment: incineration,142428.07080265548
PT,Oil/hazardous waste for treatment: incineration,85812.03444849934
PT,Food waste for treatment: biogasification and land application,77547.17990423205
PT,Paper waste for treatment: biogasification and land application,55960.83740076347
PT,Sewage sludge for treatment: biogasification and land application,771163.6609784375
PT,Food waste for treatment: composting and land application,145474.56875753414
PT,Paper and wood waste for treatment: composting and land application,339806.9369840871
PT,Food waste for treatment: waste water treatment,1164658.9411065462
PT,Other waste for treatment: waste water treatment,1194977.9484101767
PT,Food waste for treatment: landfill,328579.27992278454
PT,Paper for treatment: landfill,118239.30971277467
PT,Plastic waste for treatment: landfill,96788.74698319804
PT,Inert/metal/hazardous waste for treatment: landfill,102240.89883402652
PT,Textiles waste for treatment: landfill,88812.3049742042
PT,Wood waste for treatment: landfill,88645.19109821477
PT,Membership organisation services n.e.c. (91),14183.522589111035
PT,"Recreational, cultural and sporting services (92)",14952.200509494967
PT,Other services (93),13109.046667616285
PT,Private households with employed persons (95),137.34945012732558
PT,Extra-territorial organizations and bodies,0.0
RO,Paddy rice,2844816.686278178
RO,Wheat,841760.2308965849
RO,Cereal grains nec,759648.8813240814
RO,"Vegetables, fruit, nuts",207984.06236363016
RO,Oil seeds,952223.7231689318
RO,"Sugar cane, sugar beet",649541.4478138876
RO,Plant-based fibers,6169821.524681688
RO,Crops nec,803602.4971263937
RO,Cattle,3567928.942751451
RO,Pigs,914178.5048832477
RO,Poultry,511484.0985345721
RO,Meat animals nec,2370692.1120075597
RO,Animal products nec,2323775.0892016455
RO,Raw milk,3197714.4152310207
RO,"Wool, silk-worm cocoons",20893.850857487763
RO,Manure (conventional treatment),0.0
RO,Manure (biogas treatment),0.0
RO,"Products of forestry, logging and related services (02)",91301.0595992909
RO,Fish and other fishing products; services incidental of fishing (05),7858.621375614094
RO,Anthracite,8998815.103932181
RO,Coking Coal,0.0
RO,Other Bituminous Coal,0.0
RO,Sub-Bituminous Coal,8998792.480347984
RO,Patent Fuel,0.0
RO,Lignite/Brown Coal,8998788.870001573
RO,BKB/Peat Briquettes,0.0
RO,Peat,8998149.749393
RO,"Crude petroleum and services related to crude oil extraction, excluding surveying",1586376.68398846
RO,"Natural gas and services related to natural gas extraction, excluding surveying",1217262.2968373273
RO,Natural Gas Liquids,1217266.1080682557
RO,Other Hydrocarbons,236947.1133837091
RO,Uranium and thorium ores (12),28121.648506806137
RO,Iron ores,0.0
RO,Copper ores and concentrates,3477.7858066366234
RO,Nickel ores and concentrates,0.0
RO,Aluminium ores and concentrates,0.0
RO,Precious metal ores and concentrates,8287.876256783153
RO,"Lead, zinc and tin ores and concentrates",13638.305221194172
RO,Other non-ferrous metal ores and concentrates,44728.76247026469
RO,Stone,200585.95140236904
RO,Sand and clay,631102.2245485326
RO,"Chemical and fertilizer minerals, salt and other mining and quarrying products n.e.c.",86251.76419786434
RO,Products of meat cattle,36764.5519357569
RO,Products of meat pigs,37485.83134079437
RO,Products of meat poultry,38354.18849048541
RO,Meat products nec,8091.88328849138
RO,products of Vegetable oils and fats,43986.48908178828
RO,Dairy products,64513.98027878121
RO,Processed rice,40279.480607785765
RO,Sugar,49616.05818834238
RO,Food products nec,43237.400008629585
RO,Beverages,44032.238323211765
RO,Fish products,11784.793927971537
RO,Tobacco products (16),50517.591849728655
RO,Textiles (17),484418.8379428951
RO,Wearing apparel; furs (18),42949.66845743272
RO,Leather and leather products (19),41891.51375052567
RO,Wood and products of wood and cork (except furniture); articles of straw and plaiting materials (20),156680.25073275107
RO,"Wood material for treatment, Re-processing of secondary wood material into new wood material",0.0
RO,Pulp,138377.64573089525
RO,"Secondary paper for treatment, Re-processing of secondary paper into new pulp",0.0
RO,Paper and paper products,59744.417417144745
RO,Printed matter and recorded media (22),15072.261060455787
RO,Coke Oven Coke,0.0
RO,Gas Coke,0.0
RO,Coal Tar,0.0
RO,Motor Gasoline,251711.101281565
RO,Aviation Gasoline,251711.1262144018
RO,Gasoline Type Jet Fuel,0.0
RO,Kerosene Type Jet Fuel,251711.07584465478
RO,Kerosene,251712.33522027158
RO,Gas/Diesel Oil,251711.1181798215
RO,Heavy Fuel Oil,251711.07590721568
RO,Refinery Gas,251711.08904078093
RO,Liquefied Petroleum Gases (LPG),251711.10161857243
RO,Refinery Feedstocks,251711.1158100666
RO,Ethane,0.0
RO,Naphtha,251711.11830847853
RO,White Spirit & SBP,251711.13089432093
RO,Lubricants,251732.93934563524
RO,Bitumen,251711.1005028333
RO,Paraffin Waxes,251715.83116722485
RO,Petroleum Coke,251711.1092923765
RO,Non-specified Petroleum Products,251711.1428614321
RO,Nuclear fuel,0.0
RO,"Plastics, basic",904089.212334436
RO,"Secondary plastic for treatment, Re-processing of secondary plastic into new plastic",0.0
RO,N-fertiliser,517203.50561041466
RO,P- and other fertiliser,779799.5481899143
RO,Chemicals nec,128272.39923964992
RO,Charcoal,0.0
RO,Additives/Blending Components,128272.39487688684
RO,Biogasoline,128272.39141401483
RO,Biodiesels,128272.39555379715
RO,Other Liquid Biofuels,0.0
RO,Rubber and plastic products (25),32326.02419202356
RO,Glass and glass products,1006491.5888691768
RO,"Secondary glass for treatment, Re-processing of secondary glass into new glass",0.0
RO,Ceramic goods,1478967.8533540538
RO,"Bricks, tiles and construction products, in baked clay",1752592.3596069962
RO,"Cement, lime and plaster",2194445.2495957105
RO,"Ash for treatment, Re-processing of ash into clinker",0.0
RO,Other non-metallic mineral products,4081910.1710829046
RO,Basic iron and steel and of ferro-alloys and first products thereof,1068080.9364811587
RO,"Secondary steel for treatment, Re-processing of secondary steel into new steel",0.0
RO,Precious metals,252659.1885191802
RO,"Secondary preciuos metals for treatment, Re-processing of secondary preciuos metals into new preciuos metals",0.0
RO,Aluminium and aluminium products,1815082.0893961436
RO,"Secondary aluminium for treatment, Re-processing of secondary aluminium into new aluminium",0.0
RO,"Lead, zinc and tin and products thereof",207421.35796006827
RO,"Secondary lead for treatment, Re-processing of secondary lead into new lead",0.0
RO,Copper products,206390.61454010624
RO,"Secondary copper for treatment, Re-processing of secondary copper into new copper",0.0
RO,Other non-ferrous metal products,130920.57974940765
RO,"Secondary other non-ferrous metals for treatment, Re-processing of secondary other non-ferrous metals into new other non-ferrous metals",0.0
RO,Foundry work services,3897771.087530592
RO,"Fabricated metal products, except machinery and equipment (28)",18246.73493498674
RO,Machinery and equipment n.e.c. (29),8229.29809765415
RO,Office machinery and computers (30),21223.208892862203
RO,Electrical machinery and apparatus n.e.c. (31),2226535.3212057846
RO,"Radio, television and communication equipment and apparatus (32)",0.0
RO,"Medical, precision and optical instruments, watches and clocks (33)",0.0
RO,"Motor vehicles, trailers and semi-trailers (34)",22028.55732276893
RO,Other transport equipment (35),43347.051636308155
RO,Furniture; other manufactured goods n.e.c. (36),50650.023074007644
RO,Secondary raw materials,1709313.4953153771
RO,"Bottles for treatment, Recycling of bottles by direct reuse",0.0
RO,Electricity by coal,15636732.711277172
RO,Electricity by gas,3930774.6792536774
RO,Electricity by nuclear,124.02661138850331
RO,Electricity by hydro,935.4675582046203
RO,Electricity by wind,0.0
RO,Electricity by petroleum and other oil derivatives,2596233.3728080536
RO,Electricity by biomass and waste,23324.71739408411
RO,Electricity by solar photovoltaic,4765.783948225796
RO,Electricity by solar thermal,0.0
RO,"Electricity by tide, wave, ocean",0.0
RO,Electricity by Geothermal,0.0
RO,Electricity nec,0.0
RO,Transmission services of electricity,79.3139431412685
RO,Distribution and trade services of electricity,85.65597057950514
RO,Coke oven gas,0.0
RO,Blast Furnace Gas,80652.29195284033
RO,Oxygen Steel Furnace Gas,0.0
RO,Gas Works Gas,0.0
RO,Biogas,80652.29209800977
RO,Distribution services of gaseous fuels through mains,80652.29194691178
RO,Steam and hot water supply services,1545181.4363776413
RO,"Collected and purified water, distribution services of water (41)",15341.204764091157
RO,Construction work (45),33075.26243574936
RO,"Secondary construction material for treatment, Re-processing of secondary construction material into aggregates",0.0
RO,"Sale, maintenance, repair of motor vehicles, motor vehicles parts, motorcycles, motor cycles parts and accessoiries",83849.16730185309
RO,Retail trade services of motor fuel,5913.842983489635
RO,"Wholesale trade and commission trade services, except of motor vehicles and motorcycles (51)",43836.13391711527
RO,"Retail  trade services, except of motor vehicles and motorcycles; repair services of personal and household goods (52)",70122.2509239193
RO,Hotel and restaurant services (55),3030.0428657640537
RO,Railway transportation services,511919.2132863049
RO,Other land transportation services,12781.389796541469
RO,Transportation services via pipelines,266.35764142050726
RO,Sea and coastal water transportation services,787127.2697308926
RO,Inland water transportation services,354565.00906975433
RO,Air transport services (62),656487.9934430844
RO,Supporting and auxiliary transport services; travel agency services (63),19885.48058412722
RO,Post and telecommunication services (64),7619.790214793799
RO,"Financial intermediation services, except insurance and pension funding services (65)",7475.585385683851
RO,"Insurance and pension funding services, except compulsory social security services (66)",9701.146951824196
RO,Services auxiliary to financial intermediation (67),5438.455248437386
RO,Real estate services (70),3183.8727632563327
RO,Renting services of machinery and equipment without operator and of personal and household goods (71),16028.971012541127
RO,Computer and related services (72),14021.33086365327
RO,Research and development services (73),3671.136673151907
RO,Other business services (74),22369.604874471206
RO,Public administration and defence services; compulsory social security services (75),42999.10250653982
RO,Education services (80),1126.8201349432786
RO,Health and social work services (85),38030.18497863572
RO,Food waste for treatment: incineration,76582.9774669452
RO,Paper waste for treatment: incineration,58213.75566143374
RO,Plastic waste for treatment: incineration,350.85735904930095
RO,Intert/metal waste for treatment: incineration,10770.615098023305
RO,Textiles waste for treatment: incineration,888.818515929769
RO,Wood waste for treatment: incineration,778.1288013151457
RO,Oil/hazardous waste for treatment: incineration,9608.469368463055
RO,Food waste for treatment: biogasification and land application,0.0
RO,Paper waste for treatment: biogasification and land application,0.0
RO,Sewage sludge for treatment: biogasification and land application,0.0
RO,Food waste for treatment: composting and land application,26538.9788821439
RO,Paper and wood waste for treatment: composting and land application,0.0
RO,Food waste for treatment: waste water treatment,499750.79487728566
RO,Other waste for treatment: waste water treatment,510186.4819209252
RO,Food waste for treatment: landfill,1041731.6070723704
RO,Paper for treatment: landfill,16076.632603312122
RO,Plastic waste for treatment: landfill,8564.763872586569
RO,Inert/metal/hazardous waste for treatment: landfill,12956.960282979502
RO,Textiles waste for treatment: landfill,6548.764749125514
RO,Wood waste for treatment: landfill,6595.540424298148
RO,Membership organisation services n.e.c. (91),26542.672908420096
RO,"Recreational, cultural and sporting services (92)",6609.175624312916
RO,Other services (93),22948.174495819632
RO,Private households with employed persons (95),0.0
RO,Extra-territorial organizations and bodies,0.0
SE,Paddy rice,197300.2883187133
SE,Wheat,1280919.4079051486
SE,Cereal grains nec,739759.170938472
SE,"Vegetables, fruit, nuts",132422.8286937098
SE,Oil seeds,488096.73888865346
SE,"Sugar cane, sugar beet",368649.8562025165
SE,Plant-based fibers,0.0
SE,Crops nec,141271.75824535036
SE,Cattle,3745577.813519359
SE,Pigs,348395.0285488515
SE,Poultry,283473.9036538138
SE,Meat animals nec,3370429.8956610058
SE,Animal products nec,202382.92148457022
SE,Raw milk,1380212.028001281
SE,"Wool, silk-worm cocoons",226058.91782146486
SE,Manure (conventional treatment),0.0
SE,Manure (biogas treatment),0.0
SE,"Products of forestry, logging and related services (02)",71599.9567035106
SE,Fish and other fishing products; services incidental of fishing (05),88645.3781372897
SE,Anthracite,255186565.75234184
SE,Coking Coal,6732289.805179485
SE,Other Bituminous Coal,3682491.866549186
SE,Sub-Bituminous Coal,218415649.05403212
SE,Patent Fuel,48243410.40795956
SE,Lignite/Brown Coal,6110470.00942339
SE,BKB/Peat Briquettes,9212955.690717371
SE,Peat,90830.27230839973
SE,"Crude petroleum and services related to crude oil extraction, excluding surveying",18942259.74196536
SE,"Natural gas and services related to natural gas extraction, excluding surveying",2678279.0953375692
SE,Natural Gas Liquids,16963924.92056924
SE,Other Hydrocarbons,74236.10236037194
SE,Uranium and thorium ores (12),101223.15179749976
SE,Iron ores,261556.89923110715
SE,Copper ores and concentrates,217903.2350554364
SE,Nickel ores and concentrates,252397.05989515022
SE,Aluminium ores and concentrates,285091.92515394464
SE,Precious metal ores and concentrates,224155.30662343404
SE,"Lead, zinc and tin ores and concentrates",102480.8909642939
SE,Other non-ferrous metal ores and concentrates,186330.44238973677
SE,Stone,92745.31318005334
SE,Sand and clay,202084.13717230747
SE,"Chemical and fertilizer minerals, salt and other mining and quarrying products n.e.c.",130701.84041026012
SE,Products of meat cattle,52970.280240459855
SE,Products of meat pigs,91055.73253141495
SE,Products of meat poultry,296850.79773501266
SE,Meat products nec,190475.54875228752
SE,products of Vegetable oils and fats,50685.84832341472
SE,Dairy products,29952.154174370124
SE,Processed rice,367371.3858397873
SE,Sugar,28381.461246637253
SE,Food products nec,41315.172975321104
SE,Beverages,43203.244588324415
SE,Fish products,142918.9894768667
SE,Tobacco products (16),302001.3310202799
SE,Textiles (17),32233.476662296325
SE,Wearing apparel; furs (18),8738.640095087861
SE,Leather and leather products (19),46913.591339619205
SE,Wood and products of wood and cork (except furniture); articles of straw and plaiting materials (20),48701.5218791441
SE,"Wood material for treatment, Re-processing of secondary wood material into new wood material",0.0
SE,Pulp,46631.12920888319
SE,"Secondary paper for treatment, Re-processing of secondary paper into new pulp",0.0
SE,Paper and paper products,53554.63018792828
SE,Printed matter and recorded media (22),2484.913046751158
SE,Coke Oven Coke,4690597.737529574
SE,Gas Coke,0.0
SE,Coal Tar,0.0
SE,Motor Gasoline,153949.8064216501
SE,Aviation Gasoline,261206.3621059763
SE,Gasoline Type Jet Fuel,227539.25830099566
SE,Kerosene Type Jet Fuel,156598.09849311478
SE,Kerosene,29886114.315214884
SE,Gas/Diesel Oil,152919.55704525628
SE,Heavy Fuel Oil,133541.56215208725
SE,Refinery Gas,142255.68189246542
SE,Liquefied Petroleum Gases (LPG),194741.6853726772
SE,Refinery Feedstocks,143413.80723490939
SE,Ethane,0.0
SE,Naphtha,241008.44774515525
SE,White Spirit & SBP,0.0
SE,Lubricants,155065.58548537112
SE,Bitumen,224987.44207928356
SE,Paraffin Waxes,0.0
SE,Petroleum Coke,253550.55899512515
SE,Non-specified Petroleum Products,157669.01913689834
SE,Nuclear fuel,2442.1416637283382
SE,"Plastics, basic",62682.79072919832
SE,"Secondary plastic for treatment, Re-processing of secondary plastic into new plastic",0.0
SE,N-fertiliser,1415339.306430583
SE,P- and other fertiliser,586192.2562271025
SE,Chemicals nec,40178.0552378751
SE,Charcoal,2505288.538308948
SE,Additives/Blending Components,1428147.5536221422
SE,Biogasoline,16581.669769191743
SE,Biodiesels,15790.412320908175
SE,Other Liquid Biofuels,16383.387676262166
SE,Rubber and plastic products (25),13989.416731574976
SE,Glass and glass products,322593.6468158868
SE,"Secondary glass for treatment, Re-processing of secondary glass into new glass",0.0
SE,Ceramic goods,204960.46853606254
SE,"Bricks, tiles and construction products, in baked clay",142286.1611140691
SE,"Cement, lime and plaster",520897.8484350236
SE,"Ash for treatment, Re-processing of ash into clinker",0.0
SE,Other non-metallic mineral products,75932.9676408179
SE,Basic iron and steel and of ferro-alloys and first products thereof,381827.20959406556
SE,"Secondary steel for treatment, Re-processing of secondary steel into new steel",0.0
SE,Precious metals,94895.38570185959
SE,"Secondary preciuos metals for treatment, Re-processing of secondary preciuos metals into new preciuos metals",0.0
SE,Aluminium and aluminium products,140086.3743738659
SE,"Secondary aluminium for treatment, Re-processing of secondary aluminium into new aluminium",0.0
SE,"Lead, zinc and tin and products thereof",126512.6416303485
SE,"Secondary lead for treatment, Re-processing of secondary lead into new lead",0.0
SE,Copper products,8621.222987191397
SE,"Secondary copper for treatment, Re-processing of secondary copper into new copper",0.0
SE,Other non-ferrous metal products,101979.13995094606
SE,"Secondary other non-ferrous metals for treatment, Re-processing of secondary other non-ferrous metals into new other non-ferrous metals",0.0
SE,Foundry work services,306354.50109341944
SE,"Fabricated metal products, except machinery and equipment (28)",19529.299368691474
SE,Machinery and equipment n.e.c. (29),5763.321007491394
SE,Office machinery and computers (30),10587.702787612932
SE,Electrical machinery and apparatus n.e.c. (31),22072.94610170724
SE,"Radio, television and communication equipment and apparatus (32)",210901.58570273957
SE,"Medical, precision and optical instruments, watches and clocks (33)",239116.92652999918
SE,"Motor vehicles, trailers and semi-trailers (34)",5890.199642442258
SE,Other transport equipment (35),8265.624721194645
SE,Furniture; other manufactured goods n.e.c. (36),27240.773763323836
SE,Secondary raw materials,1301996.430033667
SE,"Bottles for treatment, Recycling of bottles by direct reuse",0.0
SE,Electricity by coal,3939352.263979429
SE,Electricity by gas,6714368.8509514425
SE,Electricity by nuclear,1576.683998808927
SE,Electricity by hydro,894.5185527962674
SE,Electricity by wind,4014.0179274740776
SE,Electricity by petroleum and other oil derivatives,247490.02934449885
SE,Electricity by biomass and waste,87986.77431409065
SE,Electricity by solar photovoltaic,70779.02627066897
SE,Electricity by solar thermal,0.0
SE,"Electricity by tide, wave, ocean",0.0
SE,Electricity by Geothermal,0.0
SE,Electricity nec,1184100.5338747853
SE,Transmission services of electricity,5267.944075525381
SE,Distribution and trade services of electricity,5752.003597547633
SE,Coke oven gas,334003.456149043
SE,Blast Furnace Gas,277255.54141714744
SE,Oxygen Steel Furnace Gas,180162.9634512137
SE,Gas Works Gas,173670.7684854046
SE,Biogas,256554.3953547607
SE,Distribution services of gaseous fuels through mains,186953.69004606732
SE,Steam and hot water supply services,2516323.2046943596
SE,"Collected and purified water, distribution services of water (41)",15996.395692727767
SE,Construction work (45),36336.42668694908
SE,"Secondary construction material for treatment, Re-processing of secondary construction material into aggregates",0.0
SE,"Sale, maintenance, repair of motor vehicles, motor vehicles parts, motorcycles, motor cycles parts and accessoiries",37651.50954537012
SE,Retail trade services of motor fuel,10289.38710385986
SE,"Wholesale trade and commission trade services, except of motor vehicles and motorcycles (51)",13472.499038854523
SE,"Retail  trade services, except of motor vehicles and motorcycles; repair services of personal and household goods (52)",56498.65700520788
SE,Hotel and restaurant services (55),14045.337452257969
SE,Railway transportation services,159613.28294642814
SE,Other land transportation services,73561.45914622264
SE,Transportation services via pipelines,16689.66509754657
SE,Sea and coastal water transportation services,290924.09202644916
SE,Inland water transportation services,155651.69139007048
SE,Air transport services (62),412033.4403238298
SE,Supporting and auxiliary transport services; travel agency services (63),12487.101818443476
SE,Post and telecommunication services (64),19331.29808423594
SE,"Financial intermediation services, except insurance and pension funding services (65)",2521.770818144154
SE,"Insurance and pension funding services, except compulsory social security services (66)",1668.9010716951639
SE,Services auxiliary to financial intermediation (67),1574.4773275301136
SE,Real estate services (70),10260.675912723076
SE,Renting services of machinery and equipment without operator and of personal and household goods (71),20144.645843986003
SE,Computer and related services (72),5564.3659820580215
SE,Research and development services (73),12678.70354206234
SE,Other business services (74),17422.484078746074
SE,Public administration and defence services; compulsory social security services (75),12529.358253171822
SE,Education services (80),2812.0499058499554
SE,Health and social work services (85),462.1680606496547
SE,Food waste for treatment: incineration,44550.23483302271
SE,Paper waste for treatment: incineration,43152.03163548688
SE,Plastic waste for treatment: incineration,28809.72255605933
SE,Intert/metal waste for treatment: incineration,38700.43354828615
SE,Textiles waste for treatment: incineration,648681.1180387295
SE,Wood waste for treatment: incineration,35606.412952489496
SE,Oil/hazardous waste for treatment: incineration,742393.4338927047
SE,Food waste for treatment: biogasification and land application,2377381.490155758
SE,Paper waste for treatment: biogasification and land application,141831.98178161832
SE,Sewage sludge for treatment: biogasification and land application,22479.613736739335
SE,Food waste for treatment: composting and land application,123893.51174793718
SE,Paper and wood waste for treatment: composting and land application,34658.98527868347
SE,Food waste for treatment: waste water treatment,184112.47107311097
SE,Other waste for treatment: waste water treatment,226468.3489727402
SE,Food waste for treatment: landfill,1740986.5490943778
SE,Paper for treatment: landfill,118702.94846625479
SE,Plastic waste for treatment: landfill,673416.2154876686
SE,Inert/metal/hazardous waste for treatment: landfill,204167.81142855814
SE,Textiles waste for treatment: landfill,754267.1937259979
SE,Wood waste for treatment: landfill,575563.1772323985
SE,Membership organisation services n.e.c. (91),7680.723906899062
SE,"Recreational, cultural and sporting services (92)",9691.343984136605
SE,Other services (93),14689.702042576684
SE,Private households with employed persons (95),117.67355299286373
SE,Extra-territorial organizations and bodies,0.0
SI,Paddy rice,570596.7344509544
SI,Wheat,1540470.084559687
SI,Cereal grains nec,867870.6061145626
SI,"Vegetables, fruit, nuts",177431.85220589812
SI,Oil seeds,565203.6028211674
SI,"Sugar cane, sugar beet",373719.24253216485
SI,Plant-based fibers,570596.8290085174
SI,Crops nec,731254.5626561613
SI,Cattle,3763298.2510630386
SI,Pigs,968348.4458048622
SI,Poultry,349732.89690276916
SI,Meat animals nec,110060.65030466516
SI,Animal products nec,131217.90542233075
SI,Raw milk,1619694.3872443715
SI,"Wool, silk-worm cocoons",592451.6022070936
SI,Manure (conventional treatment),0.0
SI,Manure (biogas treatment),0.0
SI,"Products of forestry, logging and related services (02)",218721.8994777703
SI,Fish and other fishing products; services incidental of fishing (05),7523.064428962048
SI,Anthracite,0.0
SI,Coking Coal,3016.811279038915
SI,Other Bituminous Coal,8457834.411424447
SI,Sub-Bituminous Coal,1966.0279775348606
SI,Patent Fuel,90873.84684456632
SI,Lignite/Brown Coal,2682019.565318066
SI,BKB/Peat Briquettes,0.0
SI,Peat,0.0
SI,"Crude petroleum and services related to crude oil extraction, excluding surveying",595407.7229730961
SI,"Natural gas and services related to natural gas extraction, excluding surveying",19172552.724565275
SI,Natural Gas Liquids,35819124.10260862
SI,Other Hydrocarbons,93946.73849413823
SI,Uranium and thorium ores (12),0.0
SI,Iron ores,2432.992669182174
SI,Copper ores and concentrates,110440.314045721
SI,Nickel ores and concentrates,0.0
SI,Aluminium ores and concentrates,0.0
SI,Precious metal ores and concentrates,66491.9386612647
SI,"Lead, zinc and tin ores and concentrates",98442.78330996072
SI,Other non-ferrous metal ores and concentrates,93946.29996856378
SI,Stone,327661.659080145
SI,Sand and clay,867175.6151323162
SI,"Chemical and fertilizer minerals, salt and other mining and quarrying products n.e.c.",748452.701915499
SI,Products of meat cattle,21327.667435446474
SI,Products of meat pigs,18592.194447971706
SI,Products of meat poultry,13161.038232232439
SI,Meat products nec,1036297.147399017
SI,products of Vegetable oils and fats,60528.48391951448
SI,Dairy products,36675.73126247585
SI,Processed rice,5410.810445810648
SI,Sugar,25736.639057360808
SI,Food products nec,101116.41945738939
SI,Beverages,81036.6213994833
SI,Fish products,35224.17277407038
SI,Tobacco products (16),0.0
SI,Textiles (17),89066.26149665419
SI,Wearing apparel; furs (18),16109.66937781238
SI,Leather and leather products (19),81688.81195585914
SI,Wood and products of wood and cork (except furniture); articles of straw and plaiting materials (20),89417.94559880764
SI,"Wood material for treatment, Re-processing of secondary wood material into new wood material",0.0
SI,Pulp,129723.64210213714
SI,"Secondary paper for treatment, Re-processing of secondary paper into new pulp",0.0
SI,Paper and paper products,83042.127515493
SI,Printed matter and recorded media (22),10377.79654718044
SI,Coke Oven Coke,0.0
SI,Gas Coke,0.0
SI,Coal Tar,0.0
SI,Motor Gasoline,0.0
SI,Aviation Gasoline,0.000269128472711586
SI,Gasoline Type Jet Fuel,0.0
SI,Kerosene Type Jet Fuel,0.0002690004483362394
SI,Kerosene,0.0
SI,Gas/Diesel Oil,0.0
SI,Heavy Fuel Oil,0.00026900055414566586
SI,Refinery Gas,0.0
SI,Liquefied Petroleum Gases (LPG),0.0
SI,Refinery Feedstocks,0.0
SI,Ethane,0.0
SI,Naphtha,0.0
SI,White Spirit & SBP,0.0
SI,Lubricants,0.0
SI,Bitumen,0.0
SI,Paraffin Waxes,0.0
SI,Petroleum Coke,0.0
SI,Non-specified Petroleum Products,0.0
SI,Nuclear fuel,2.9976211912615377e-05
SI,"Plastics, basic",97372.65155587635
SI,"Secondary plastic for treatment, Re-processing of secondary plastic into new plastic",0.0
SI,N-fertiliser,58536.25333499683
SI,P- and other fertiliser,115518.95670086934
SI,Chemicals nec,30110.464806489606
SI,Charcoal,588495.8031884085
SI,Additives/Blending Components,249147.26652405792
SI,Biogasoline,89524.61675723518
SI,Biodiesels,32759.458881266357
SI,Other Liquid Biofuels,513560.4947936608
SI,Rubber and plastic products (25),43592.51796517187
SI,Glass and glass products,722479.1585161242
SI,"Secondary glass for treatment, Re-processing of secondary glass into new glass",0.0
SI,Ceramic goods,1105374.1394620207
SI,"Bricks, tiles and construction products, in baked clay",1027224.1269686358
SI,"Cement, lime and plaster",1088226.3308744682
SI,"Ash for treatment, Re-processing of ash into clinker",0.0
SI,Other non-metallic mineral products,726325.4837982242
SI,Basic iron and steel and of ferro-alloys and first products thereof,46624.081305094805
SI,"Secondary steel for treatment, Re-processing of secondary steel into new steel",0.0
SI,Precious metals,57513.159819075896
SI,"Secondary preciuos metals for treatment, Re-processing of secondary preciuos metals into new preciuos metals",0.0
SI,Aluminium and aluminium products,123426.81952875013
SI,"Secondary aluminium for treatment, Re-processing of secondary aluminium into new aluminium",0.0
SI,"Lead, zinc and tin and products thereof",41617.384737081906
SI,"Secondary lead for treatment, Re-processing of secondary lead into new lead",0.0
SI,Copper products,35603.02105733592
SI,"Secondary copper for treatment, Re-processing of secondary copper into new copper",0.0
SI,Other non-ferrous metal products,30165.03795209492
SI,"Secondary other non-ferrous metals for treatment, Re-processing of secondary other non-ferrous metals into new other non-ferrous metals",0.0
SI,Foundry work services,643745.7221395494
SI,"Fabricated metal products, except machinery and equipment (28)",43891.28729209206
SI,Machinery and equipment n.e.c. (29),20120.785776271958
SI,Office machinery and computers (30),9021.61675850217
SI,Electrical machinery and apparatus n.e.c. (31),27608.187507311315
SI,"Radio, television and communication equipment and apparatus (32)",24065.833446662662
SI,"Medical, precision and optical instruments, watches and clocks (33)",20686.937404953467
SI,"Motor vehicles, trailers and semi-trailers (34)",11530.601015065165
SI,Other transport equipment (35),25153.829979780898
SI,Furniture; other manufactured goods n.e.c. (36),51651.26723312885
SI,Secondary raw materials,38129.76844072237
SI,"Bottles for treatment, Recycling of bottles by direct reuse",0.0
SI,Electricity by coal,16901231.981246
SI,Electricity by gas,838022.4581376287
SI,Electricity by nuclear,1209.7373056477784
SI,Electricity by hydro,13108.899360440128
SI,Electricity by wind,2709.046334714638
SI,Electricity by petroleum and other oil derivatives,1338205.820231401
SI,Electricity by biomass and waste,160642.48228499692
SI,Electricity by solar photovoltaic,8333.055201290941
SI,Electricity by solar thermal,0.0
SI,"Electricity by tide, wave, ocean",0.0
SI,Electricity by Geothermal,18227.165015058363
SI,Electricity nec,19023.77623971694
SI,Transmission services of electricity,4651.013924137752
SI,Distribution and trade services of electricity,139.1243732874516
SI,Coke oven gas,12737.62812773576
SI,Blast Furnace Gas,18845.6743041205
SI,Oxygen Steel Furnace Gas,17564.22166362636
SI,Gas Works Gas,16845.598316964333
SI,Biogas,3484.683561341597
SI,Distribution services of gaseous fuels through mains,7469.67989862794
SI,Steam and hot water supply services,1679362.96854143
SI,"Collected and purified water, distribution services of water (41)",34300.27838758355
SI,Construction work (45),43749.7880107826
SI,"Secondary construction material for treatment, Re-processing of secondary construction material into aggregates",0.0
SI,"Sale, maintenance, repair of motor vehicles, motor vehicles parts, motorcycles, motor cycles parts and accessoiries",105476.50880023245
SI,Retail trade services of motor fuel,22239.509700042363
SI,"Wholesale trade and commission trade services, except of motor vehicles and motorcycles (51)",32432.334051767775
SI,"Retail  trade services, except of motor vehicles and motorcycles; repair services of personal and household goods (52)",54056.138083164275
SI,Hotel and restaurant services (55),27050.117990787847
SI,Railway transportation services,79058.9922889366
SI,Other land transportation services,596751.293840462
SI,Transportation services via pipelines,181950.94292666847
SI,Sea and coastal water transportation services,58763.78759169288
SI,Inland water transportation services,43944.833414279
SI,Air transport services (62),890226.3914867407
SI,Supporting and auxiliary transport services; travel agency services (63),17435.248821019373
SI,Post and telecommunication services (64),286490.28217523074
SI,"Financial intermediation services, except insurance and pension funding services (65)",16765.111304519454
SI,"Insurance and pension funding services, except compulsory social security services (66)",1147.5304823386537
SI,Services auxiliary to financial intermediation (67),8642.00546467813
SI,Real estate services (70),106143.59369123321
SI,Renting services of machinery and equipment without operator and of personal and household goods (71),97279.66157585966
SI,Computer and related services (72),14831.144274724034
SI,Research and development services (73),43299.544902087364
SI,Other business services (74),91242.44725736149
SI,Public administration and defence services; compulsory social security services (75),17775.59903862522
SI,Education services (80),13493.273837914021
SI,Health and social work services (85),6302.825169772085
SI,Food waste for treatment: incineration,3585168.3393020257
SI,Paper waste for treatment: incineration,684871.4544060644
SI,Plastic waste for treatment: incineration,452754.76912337344
SI,Intert/metal waste for treatment: incineration,43927.927060140624
SI,Textiles waste for treatment: incineration,3605145.5527895647
SI,Wood waste for treatment: incineration,476456.731700347
SI,Oil/hazardous waste for treatment: incineration,34905.708911802154
SI,Food waste for treatment: biogasification and land application,2550822.0729665877
SI,Paper waste for treatment: biogasification and land application,2556749.9064848376
SI,Sewage sludge for treatment: biogasification and land application,192545.9553392471
SI,Food waste for treatment: composting and land application,514394.8023079098
SI,Paper and wood waste for treatment: composting and land application,715835.1126991461
SI,Food waste for treatment: waste water treatment,252545.70276334474
SI,Other waste for treatment: waste water treatment,222504.63161085584
SI,Food waste for treatment: landfill,260321.61537751363
SI,Paper for treatment: landfill,70373.79005575969
SI,Plastic waste for treatment: landfill,396285.2458590006
SI,Inert/metal/hazardous waste for treatment: landfill,66730.89046120939
SI,Textiles waste for treatment: landfill,66752.7024559307
SI,Wood waste for treatment: landfill,37791.787870976084
SI,Membership organisation services n.e.c. (91),14893.438014451933
SI,"Recreational, cultural and sporting services (92)",10670.069705844811
SI,Other services (93),19056.037781698302
SI,Private households with employed persons (95),0.0
SI,Extra-territorial organizations and bodies,0.0
SK,Paddy rice,55911.6354388827
SK,Wheat,905215.9512190316
SK,Cereal grains nec,1002123.1247730019
SK,"Vegetables, fruit, nuts",96069.93759257639
SK,Oil seeds,815458.3682645938
SK,"Sugar cane, sugar beet",475984.8098516715
SK,Plant-based fibers,93176.39332853653
SK,Crops nec,86332.66295485318
SK,Cattle,5727398.067022786
SK,Pigs,721113.7492976607
SK,Poultry,411049.69627203356
SK,Meat animals nec,90219.49053756447
SK,Animal products nec,330118.84603903966
SK,Raw milk,1552123.3263556818
SK,"Wool, silk-worm cocoons",73758.31179159351
SK,Manure (conventional treatment),56396.21410401906
SK,Manure (biogas treatment),56396.21410401906
SK,"Products of forestry, logging and related services (02)",45938.644446848295
SK,Fish and other fishing products; services incidental of fishing (05),29541.18944551171
SK,Anthracite,3351.435059781436
SK,Coking Coal,3542.1505712640374
SK,Other Bituminous Coal,4382.455763803293
SK,Sub-Bituminous Coal,3374.174572143594
SK,Patent Fuel,3334.735247814042
SK,Lignite/Brown Coal,1128949.1962413609
SK,BKB/Peat Briquettes,3366.36961127637
SK,Peat,34632.42893875731
SK,"Crude petroleum and services related to crude oil extraction, excluding surveying",2515695.301911991
SK,"Natural gas and services related to natural gas extraction, excluding surveying",3094452.0919440878
SK,Natural Gas Liquids,1424925.1802967922
SK,Other Hydrocarbons,36747.83629869702
SK,Uranium and thorium ores (12),4077.304036600478
SK,Iron ores,27469.867663585905
SK,Copper ores and concentrates,30166.795825851015
SK,Nickel ores and concentrates,4082.5576744932687
SK,Aluminium ores and concentrates,7960.164904478057
SK,Precious metal ores and concentrates,33310.818989676554
SK,"Lead, zinc and tin ores and concentrates",14351.800072998585
SK,Other non-ferrous metal ores and concentrates,5481.210815868707
SK,Stone,470558.74295090465
SK,Sand and clay,604902.1894469586
SK,"Chemical and fertilizer minerals, salt and other mining and quarrying products n.e.c.",881600.0704754048
SK,Products of meat cattle,54094.1040231951
SK,Products of meat pigs,68050.6834418741
SK,Products of meat poultry,1267958.7892451345
SK,Meat products nec,1547039.5735831258
SK,products of Vegetable oils and fats,39338.65550233303
SK,Dairy products,64738.26219021919
SK,Processed rice,190922.71816386108
SK,Sugar,51620.420191327314
SK,Food products nec,133801.27551250698
SK,Beverages,155158.84211670744
SK,Fish products,93970.1083284229
SK,Tobacco products (16),3535023.856003454
SK,Textiles (17),38068.4325833396
SK,Wearing apparel; furs (18),4941.488554599586
SK,Leather and leather products (19),16729.43499564561
SK,Wood and products of wood and cork (except furniture); articles of straw and plaiting materials (20),76069.06086769862
SK,"Wood material for treatment, Re-processing of secondary wood material into new wood material",54797.68522044166
SK,Pulp,60205.61436669741
SK,"Secondary paper for treatment, Re-processing of secondary paper into new pulp",55993.18096905153
SK,Paper and paper products,52376.853624386255
SK,Printed matter and recorded media (22),163422.29320863966
SK,Coke Oven Coke,3870408.7454358335
SK,Gas Coke,37861.22485104405
SK,Coal Tar,1661443.7799059837
SK,Motor Gasoline,560289.6557210527
SK,Aviation Gasoline,37861.138239891865
SK,Gasoline Type Jet Fuel,37861.22464901524
SK,Kerosene Type Jet Fuel,156485.5434399175
SK,Kerosene,37861.33458452002
SK,Gas/Diesel Oil,558393.1619541572
SK,Heavy Fuel Oil,558261.7297053032
SK,Refinery Gas,561771.6133766323
SK,Liquefied Petroleum Gases (LPG),555773.6538497044
SK,Refinery Feedstocks,558450.8992733945
SK,Ethane,37861.15064612259
SK,Naphtha,560635.2774015806
SK,White Spirit & SBP,37861.19460749502
SK,Lubricants,37861.70107067875
SK,Bitumen,37861.55723862855
SK,Paraffin Waxes,37861.18899387672
SK,Petroleum Coke,709274.1445611119
SK,Non-specified Petroleum Products,556636.9919099836
SK,Nuclear fuel,546.774392868899
SK,"Plastics, basic",883838.9375803287
SK,"Secondary plastic for treatment, Re-processing of secondary plastic into new plastic",55993.180695968425
SK,N-fertiliser,12257799.547517793
SK,P- and other fertiliser,883286.1975955992
SK,Chemicals nec,722453.8309943196
SK,Charcoal,1052808.7092731306
SK,Additives/Blending Components,1749600.3307140537
SK,Biogasoline,1969069.9385147772
SK,Biodiesels,1962195.3056024024
SK,Other Liquid Biofuels,1095804.5165947818
SK,Rubber and plastic products (25),47071.39727459992
SK,Glass and glass products,506167.7735610918
SK,"Secondary glass for treatment, Re-processing of secondary glass into new glass",55993.17953228634
SK,Ceramic goods,975796.1867997951
SK,"Bricks, tiles and construction products, in baked clay",1077444.3205258166
SK,"Cement, lime and plaster",1429088.2360573807
SK,"Ash for treatment, Re-processing of ash into clinker",55993.17953228634
SK,Other non-metallic mineral products,506203.77563655854
SK,Basic iron and steel and of ferro-alloys and first products thereof,2604552.5370677076
SK,"Secondary steel for treatment, Re-processing of secondary steel into new steel",55918.783279876116
SK,Precious metals,280829.1027651379
SK,"Secondary preciuos metals for treatment, Re-processing of secondary preciuos metals into new preciuos metals",55918.78326602212
SK,Aluminium and aluminium products,52603.61769950105
SK,"Secondary aluminium for treatment, Re-processing of secondary aluminium into new aluminium",55918.78326603676
SK,"Lead, zinc and tin and products thereof",45338.603905078504
SK,"Secondary lead for treatment, Re-processing of secondary lead into new lead",55918.78326603676
SK,Copper products,445181.60025044373
SK,"Secondary copper for treatment, Re-processing of secondary copper into new copper",55918.78326603676
SK,Other non-ferrous metal products,18419.652722285125
SK,"Secondary other non-ferrous metals for treatment, Re-processing of secondary other non-ferrous metals into new other non-ferrous metals",55918.783279876116
SK,Foundry work services,206016.6652270927
SK,"Fabricated metal products, except machinery and equipment (28)",67186.60396498979
SK,Machinery and equipment n.e.c. (29),22820.134974807046
SK,Office machinery and computers (30),28951.339705043334
SK,Electrical machinery and apparatus n.e.c. (31),1567105.2382685852
SK,"Radio, television and communication equipment and apparatus (32)",12616.695407542999
SK,"Medical, precision and optical instruments, watches and clocks (33)",48643.87482154671
SK,"Motor vehicles, trailers and semi-trailers (34)",15586.945287312683
SK,Other transport equipment (35),207597.33955241746
SK,Furniture; other manufactured goods n.e.c. (36),131506.74315909075
SK,Secondary raw materials,41337.396492123204
SK,"Bottles for treatment, Recycling of bottles by direct reuse",55993.18073721726
SK,Electricity by coal,12831798.13366701
SK,Electricity by gas,1666070.7115280766
SK,Electricity by nuclear,2633.562075529894
SK,Electricity by hydro,10983.519422288286
SK,Electricity by wind,71774.81378566043
SK,Electricity by petroleum and other oil derivatives,218265.12193076825
SK,Electricity by biomass and waste,545044.5326757508
SK,Electricity by solar photovoltaic,7490.101271466796
SK,Electricity by solar thermal,55993.17954042599
SK,"Electricity by tide, wave, ocean",55993.17954508892
SK,Electricity by Geothermal,55993.17956577512
SK,Electricity nec,411655.82641306875
SK,Transmission services of electricity,9107.424227973288
SK,Distribution and trade services of electricity,13553.709236289256
SK,Coke oven gas,41033.7312827116
SK,Blast Furnace Gas,200531.96334221406
SK,Oxygen Steel Furnace Gas,235328.24427702854
SK,Gas Works Gas,167173.77863924133
SK,Biogas,291080.2958272459
SK,Distribution services of gaseous fuels through mains,307837.6615136478
SK,Steam and hot water supply services,1801708.0203139377
SK,"Collected and purified water, distribution services of water (41)",32244.769156321127
SK,Construction work (45),35727.89899942056
SK,"Secondary construction material for treatment, Re-processing of secondary construction material into aggregates",55993.179532286005
SK,"Sale, maintenance, repair of motor vehicles, motor vehicles parts, motorcycles, motor cycles parts and accessoiries",23292.190150081562
SK,Retail trade services of motor fuel,203212.83547994657
SK,"Wholesale trade and commission trade services, except of motor vehicles and motorcycles (51)",49254.87271917506
SK,"Retail  trade services, except of motor vehicles and motorcycles; repair services of personal and household goods (52)",39262.47434398149
SK,Hotel and restaurant services (55),38744.07070907576
SK,Railway transportation services,88209.81380533805
SK,Other land transportation services,71799.18515987901
SK,Transportation services via pipelines,1252210.1997515473
SK,Sea and coastal water transportation services,75068.53910015486
SK,Inland water transportation services,13205.712319013528
SK,Air transport services (62),88981.9459239288
SK,Supporting and auxiliary transport services; travel agency services (63),25120.53448930114
SK,Post and telecommunication services (64),2121.1290572029666
SK,"Financial intermediation services, except insurance and pension funding services (65)",1834.2505995677398
SK,"Insurance and pension funding services, except compulsory social security services (66)",4612.74639638605
SK,Services auxiliary to financial intermediation (67),45262.89910636231
SK,Real estate services (70),58334.690334472005
SK,Renting services of machinery and equipment without operator and of personal and household goods (71),25027.372917809196
SK,Computer and related services (72),17381.283436775007
SK,Research and development services (73),65892.85966587625
SK,Other business services (74),22523.904193657367
SK,Public administration and defence services; compulsory social security services (75),6066.490848123345
SK,Education services (80),5416.028596707812
SK,Health and social work services (85),14629.285139128488
SK,Food waste for treatment: incineration,811461.1173974327
SK,Paper waste for treatment: incineration,1672301.5326833732
SK,Plastic waste for treatment: incineration,545143.1075589474
SK,Intert/metal waste for treatment: incineration,82859.06731090457
SK,Textiles waste for treatment: incineration,1697368.2828914882
SK,Wood waste for treatment: incineration,56610.896621171065
SK,Oil/hazardous waste for treatment: incineration,395897.2853188301
SK,Food waste for treatment: biogasification and land application,37502.9645415634
SK,Paper waste for treatment: biogasification and land application,55992.50266756769
SK,Sewage sludge for treatment: biogasification and land application,72322.84919480662
SK,Food waste for treatment: composting and land application,124739.95106079495
SK,Paper and wood waste for treatment: composting and land application,37504.650246576915
SK,Food waste for treatment: waste water treatment,866711.1198825319
SK,Other waste for treatment: waste water treatment,905073.3845421644
SK,Food waste for treatment: landfill,160447.8286116617
SK,Paper for treatment: landfill,85047.3912132325
SK,Plastic waste for treatment: landfill,58262.496538751155
SK,Inert/metal/hazardous waste for treatment: landfill,72926.14776349353
SK,Textiles waste for treatment: landfill,61862.94742530324
SK,Wood waste for treatment: landfill,60470.72517811267
SK,Membership organisation services n.e.c. (91),9164.755628669407
SK,"Recreational, cultural and sporting services (92)",4640.28263171888
SK,Other services (93),17785.31296847264
SK,Private households with employed persons (95),1.041373890512857
SK,Extra-territorial organizations and bodies,0.0
GB,Paddy rice,0.0
GB,Wheat,655297.244134046
GB,Cereal grains nec,1043543.1228610097
GB,"Vegetables, fruit, nuts",291972.0128466753
GB,Oil seeds,1091110.2155968125
GB,"Sugar cane, sugar beet",1064339.10758234
GB,Plant-based fibers,3901790.4470801116
GB,Crops nec,19904.75878328453
GB,Cattle,3862108.9807018163
GB,Pigs,1842808.4078974002
GB,Poultry,661559.3380243214
GB,Meat animals nec,2424304.9668304333
GB,Animal products nec,2824916.068295527
GB,Raw milk,2545583.1719749467
GB,"Wool, silk-worm cocoons",22226.3893985347
GB,Manure (conventional treatment),0.0
GB,Manure (biogas treatment),0.0
GB,"Products of forestry, logging and related services (02)",119739.74897343299
GB,Fish and other fishing products; services incidental of fishing (05),236055.63785285322
GB,Anthracite,0.0
GB,Coking Coal,1038879.884618239
GB,Other Bituminous Coal,1041397.4913700138
GB,Sub-Bituminous Coal,0.0
GB,Patent Fuel,1043564.3499522675
GB,Lignite/Brown Coal,188054.53831374165
GB,BKB/Peat Briquettes,298901.5844528407
GB,Peat,252185.1929449534
GB,"Crude petroleum and services related to crude oil extraction, excluding surveying",438069.05039272335
GB,"Natural gas and services related to natural gas extraction, excluding surveying",1187230.2157601032
GB,Natural Gas Liquids,1186654.6162019195
GB,Other Hydrocarbons,1822603.5853015922
GB,Uranium and thorium ores (12),580825.7822999422
GB,Iron ores,7477.973996376565
GB,Copper ores and concentrates,41393.79375105662
GB,Nickel ores and concentrates,0.0
GB,Aluminium ores and concentrates,949564.3804382862
GB,Precious metal ores and concentrates,7645.759637888797
GB,"Lead, zinc and tin ores and concentrates",9601.509046571624
GB,Other non-ferrous metal ores and concentrates,13319.087697832789
GB,Stone,54919.780336445714
GB,Sand and clay,111788.4145937596
GB,"Chemical and fertilizer minerals, salt and other mining and quarrying products n.e.c.",868467.5353840287
GB,Products of meat cattle,43743.56536363735
GB,Products of meat pigs,38799.549775392
GB,Products of meat poultry,34932.36700677111
GB,Meat products nec,28185.771151861867
GB,products of Vegetable oils and fats,65160.482209155736
GB,Dairy products,51498.361633739565
GB,Processed rice,19050.553044758275
GB,Sugar,41719.95847469404
GB,Food products nec,49741.83313049458
GB,Beverages,63296.45301333987
GB,Fish products,61237.9643272008
GB,Tobacco products (16),292185.0974336037
GB,Textiles (17),35556.0654055627
GB,Wearing apparel; furs (18),42108.10385937699
GB,Leather and leather products (19),7478.0234584804175
GB,Wood and products of wood and cork (except furniture); articles of straw and plaiting materials (20),141054.48081924618
GB,"Wood material for treatment, Re-processing of secondary wood material into new wood material",0.0
GB,Pulp,45101.86413369165
GB,"Secondary paper for treatment, Re-processing of secondary paper into new pulp",0.0
GB,Paper and paper products,31426.83288494364
GB,Printed matter and recorded media (22),20278.996002824617
GB,Coke Oven Coke,17397348.88318888
GB,Gas Coke,0.0
GB,Coal Tar,13056199.791982189
GB,Motor Gasoline,443155.12543206505
GB,Aviation Gasoline,445659.573060006
GB,Gasoline Type Jet Fuel,0.0
GB,Kerosene Type Jet Fuel,446107.4575954705
GB,Kerosene,445894.3002362801
GB,Gas/Diesel Oil,445717.17620806664
GB,Heavy Fuel Oil,311818.36343801155
GB,Refinery Gas,256292.64831753742
GB,Liquefied Petroleum Gases (LPG),446098.63096901984
GB,Refinery Feedstocks,445310.09106072277
GB,Ethane,445384.7905520222
GB,Naphtha,399943.19770322304
GB,White Spirit & SBP,306554.2213796794
GB,Lubricants,227700.33325515033
GB,Bitumen,346193.3856834071
GB,Paraffin Waxes,299418.72984104365
GB,Petroleum Coke,351012.356888609
GB,Non-specified Petroleum Products,311341.20648833364
GB,Nuclear fuel,4500.036451170957
GB,"Plastics, basic",174645.3737147841
GB,"Secondary plastic for treatment, Re-processing of secondary plastic into new plastic",0.0
GB,N-fertiliser,151242.96371579694
GB,P- and other fertiliser,53138.205794801404
GB,Chemicals nec,68063.33663124366
GB,Charcoal,178661.84696510463
GB,Additives/Blending Components,327691.25188242825
GB,Biogasoline,66350.72255051948
GB,Biodiesels,83692.64757823778
GB,Other Liquid Biofuels,216461.10236852866
GB,Rubber and plastic products (25),49480.72292135695
GB,Glass and glass products,179662.10040718666
GB,"Secondary glass for treatment, Re-processing of secondary glass into new glass",0.0
GB,Ceramic goods,328416.9264278806
GB,"Bricks, tiles and construction products, in baked clay",251131.2519857603
GB,"Cement, lime and plaster",844954.816457241
GB,"Ash for treatment, Re-processing of ash into clinker",0.0
GB,Other non-metallic mineral products,230300.5093337181
GB,Basic iron and steel and of ferro-alloys and first products thereof,137465.85844365033
GB,"Secondary steel for treatment, Re-processing of secondary steel into new steel",0.0
GB,Precious metals,11533.710147822585
GB,"Secondary preciuos metals for treatment, Re-processing of secondary preciuos metals into new preciuos metals",0.0
GB,Aluminium and aluminium products,51416.975982417476
GB,"Secondary aluminium for treatment, Re-processing of secondary aluminium into new aluminium",0.0
GB,"Lead, zinc and tin and products thereof",11381.299559238334
GB,"Secondary lead for treatment, Re-processing of secondary lead into new lead",0.0
GB,Copper products,7897.969287287062
GB,"Secondary copper for treatment, Re-processing of secondary copper into new copper",0.0
GB,Other non-ferrous metal products,17705.412520770107
GB,"Secondary other non-ferrous metals for treatment, Re-processing of secondary other non-ferrous metals into new other non-ferrous metals",0.0
GB,Foundry work services,1059144.5577603697
GB,"Fabricated metal products, except machinery and equipment (28)",85544.64107108429
GB,Machinery and equipment n.e.c. (29),18581.957832753174
GB,Office machinery and computers (30),2449.603382525453
GB,Electrical machinery and apparatus n.e.c. (31),17528.7948541923
GB,"Radio, television and communication equipment and apparatus (32)",23048.504483469067
GB,"Medical, precision and optical instruments, watches and clocks (33)",6321.132108908275
GB,"Motor vehicles, trailers and semi-trailers (34)",13551.761309571473
GB,Other transport equipment (35),15598.023329116299
GB,Furniture; other manufactured goods n.e.c. (36),235248.37114524466
GB,Secondary raw materials,29158.334258107527
GB,"Bottles for treatment, Recycling of bottles by direct reuse",0.0
GB,Electricity by coal,9858622.425219793
GB,Electricity by gas,3223559.1266290643
GB,Electricity by nuclear,207.62370619554423
GB,Electricity by hydro,12028.132927540135
GB,Electricity by wind,12160.834517627793
GB,Electricity by petroleum and other oil derivatives,2156145.831899039
GB,Electricity by biomass and waste,946256.2696489928
GB,Electricity by solar photovoltaic,11770.946554572476
GB,Electricity by solar thermal,0.0
GB,"Electricity by tide, wave, ocean",58.132291177732306
GB,Electricity by Geothermal,766734.4081739164
GB,Electricity nec,56401.78654628315
GB,Transmission services of electricity,2173.268545128576
GB,Distribution and trade services of electricity,23.912883298538347
GB,Coke oven gas,87077.32971130905
GB,Blast Furnace Gas,87507.26179454879
GB,Oxygen Steel Furnace Gas,0.0
GB,Gas Works Gas,526702.9653607862
GB,Biogas,86479.71258450256
GB,Distribution services of gaseous fuels through mains,86794.67225918321
GB,Steam and hot water supply services,84800.73636952542
GB,"Collected and purified water, distribution services of water (41)",10040.312185660674
GB,Construction work (45),26048.515415546768
GB,"Secondary construction material for treatment, Re-processing of secondary construction material into aggregates",0.0
GB,"Sale, maintenance, repair of motor vehicles, motor vehicles parts, motorcycles, motor cycles parts and accessoiries",20312.435858153112
GB,Retail trade services of motor fuel,4190.980580295008
GB,"Wholesale trade and commission trade services, except of motor vehicles and motorcycles (51)",59024.976261776515
GB,"Retail  trade services, except of motor vehicles and motorcycles; repair services of personal and household goods (52)",14911.364633571166
GB,Hotel and restaurant services (55),17746.587733066557
GB,Railway transportation services,326950.73631693434
GB,Other land transportation services,184534.35205040517
GB,Transportation services via pipelines,23864.33044123154
GB,Sea and coastal water transportation services,1318038.34014932
GB,Inland water transportation services,579601.138129346
GB,Air transport services (62),840775.4171496797
GB,Supporting and auxiliary transport services; travel agency services (63),25378.488256932236
GB,Post and telecommunication services (64),13241.018404611401
GB,"Financial intermediation services, except insurance and pension funding services (65)",7429.628885239229
GB,"Insurance and pension funding services, except compulsory social security services (66)",4959.049167401822
GB,Services auxiliary to financial intermediation (67),14021.856969659595
GB,Real estate services (70),39061.00385182426
GB,Renting services of machinery and equipment without operator and of personal and household goods (71),29802.8625644311
GB,Computer and related services (72),9088.003542349677
GB,Research and development services (73),24047.21500283198
GB,Other business services (74),14132.303873950763
GB,Public administration and defence services; compulsory social security services (75),18541.02554515562
GB,Education services (80),7661.391876383555
GB,Health and social work services (85),7790.88747108934
GB,Food waste for treatment: incineration,45558.845336715196
GB,Paper waste for treatment: incineration,42916.11323795973
GB,Plastic waste for treatment: incineration,20068.050080238554
GB,Intert/metal waste for treatment: incineration,49059.75154187066
GB,Textiles waste for treatment: incineration,40530.483209077065
GB,Wood waste for treatment: incineration,34136.63864054807
GB,Oil/hazardous waste for treatment: incineration,45116.51403853171
GB,Food waste for treatment: biogasification and land application,41832.18631856103
GB,Paper waste for treatment: biogasification and land application,29881.272338086346
GB,Sewage sludge for treatment: biogasification and land application,48312.21924836714
GB,Food waste for treatment: composting and land application,63431.15521012659
GB,Paper and wood waste for treatment: composting and land application,58457.70262614166
GB,Food waste for treatment: waste water treatment,862323.6394988431
GB,Other waste for treatment: waste water treatment,881233.9406883591
GB,Food waste for treatment: landfill,417134.51323152875
GB,Paper for treatment: landfill,41480.43605224138
GB,Plastic waste for treatment: landfill,42275.27253412938
GB,Inert/metal/hazardous waste for treatment: landfill,46112.984440306085
GB,Textiles waste for treatment: landfill,39774.00723698233
GB,Wood waste for treatment: landfill,39648.14520069089
GB,Membership organisation services n.e.c. (91),11707.36323172414
GB,"Recreational, cultural and sporting services (92)",4933.614797870472
GB,Other services (93),7384.442797544423
GB,Private households with employed persons (95),0.0
GB,Extra-territorial organizations and bodies,0.0
US,Paddy rice,2256189.4457156872
US,Wheat,796594.0948752235
US,Cereal grains nec,621431.3248544307
US,"Vegetables, fruit, nuts",100590.24515472804
US,Oil seeds,442870.979185149
US,"Sugar cane, sugar beet",421023.7704439296
US,Plant-based fibers,427596.0466364571
US,Crops nec,901498.0376683606
US,Cattle,4296959.152347436
US,Pigs,460884.4356300533
US,Poultry,375075.81363155175
US,Meat animals nec,24231434.933615845
US,Animal products nec,435086.15094337065
US,Raw milk,2078354.082685321
US,"Wool, silk-worm cocoons",8446.065502865258
US,Manure (conventional treatment),0.0
US,Manure (biogas treatment),0.0
US,"Products of forestry, logging and related services (02)",196708.52124339208
US,Fish and other fishing products; services incidental of fishing (05),296734.51432492235
US,Anthracite,1975150.6504399788
US,Coking Coal,1975150.1570751623
US,Other Bituminous Coal,1928343.0399999511
US,Sub-Bituminous Coal,1975151.3753160087
US,Patent Fuel,49199.910618122565
US,Lignite/Brown Coal,7696953.024213364
US,BKB/Peat Briquettes,5817485.931564286
US,Peat,7295815.934940458
US,"Crude petroleum and services related to crude oil extraction, excluding surveying",737465.7803522227
US,"Natural gas and services related to natural gas extraction, excluding surveying",1725490.8172308423
US,Natural Gas Liquids,1725651.9522297462
US,Other Hydrocarbons,529858.9421914476
US,Uranium and thorium ores (12),27367.549384736103
US,Iron ores,1024583.942368919
US,Copper ores and concentrates,173030.98837204318
US,Nickel ores and concentrates,0.0
US,Aluminium ores and concentrates,40965.13220507717
US,Precious metal ores and concentrates,35873.704163028495
US,"Lead, zinc and tin ores and concentrates",21202436.50901051
US,Other non-ferrous metal ores and concentrates,36214.32151811107
US,Stone,866106.589732081
US,Sand and clay,344439.82591965736
US,"Chemical and fertilizer minerals, salt and other mining and quarrying products n.e.c.",425562.0535148609
US,Products of meat cattle,22661.692776187738
US,Products of meat pigs,45422.32898537587
US,Products of meat poultry,31240.900760736055
US,Meat products nec,16975.505234801396
US,products of Vegetable oils and fats,109837.79728732423
US,Dairy products,49946.90080091014
US,Processed rice,2099419.921903262
US,Sugar,68111.26593361892
US,Food products nec,96537.40920470422
US,Beverages,63344.49197199978
US,Fish products,96099.67111894269
US,Tobacco products (16),96957.65580934862
US,Textiles (17),43921.72941997499
US,Wearing apparel; furs (18),63372.79763005822
US,Leather and leather products (19),633.8293749406012
US,Wood and products of wood and cork (except furniture); articles of straw and plaiting materials (20),676836.4355484784
US,"Wood material for treatment, Re-processing of secondary wood material into new wood material",0.0
US,Pulp,246381.63067600876
US,"Secondary paper for treatment, Re-processing of secondary paper into new pulp",0.0
US,Paper and paper products,127339.02940594302
US,Printed matter and recorded media (22),15383.204700690641
US,Coke Oven Coke,990573.0850142147
US,Gas Coke,0.0
US,Coal Tar,51116.7541644454
US,Motor Gasoline,333603.3840813806
US,Aviation Gasoline,333370.7380378447
US,Gasoline Type Jet Fuel,0.0
US,Kerosene Type Jet Fuel,333887.5924425733
US,Kerosene,236862.93538894187
US,Gas/Diesel Oil,398303.90955088567
US,Heavy Fuel Oil,476627.2193250736
US,Refinery Gas,606452.8966733124
US,Liquefied Petroleum Gases (LPG),415525.2762694597
US,Refinery Feedstocks,93208.70669495707
US,Ethane,332354.45482134214
US,Naphtha,332261.27469965495
US,White Spirit & SBP,330090.7044184283
US,Lubricants,306171.20813693624
US,Bitumen,295146.11534456746
US,Paraffin Waxes,267096.564305129
US,Petroleum Coke,333372.37841386057
US,Non-specified Petroleum Products,334079.89699117764
US,Nuclear fuel,43464.968605193804
US,"Plastics, basic",317589.6170732152
US,"Secondary plastic for treatment, Re-processing of secondary plastic into new plastic",0.0
US,N-fertiliser,178675.76435548483
US,P- and other fertiliser,706653.6744171559
US,Chemicals nec,153471.4692928351
US,Charcoal,187999.21069317812
US,Additives/Blending Components,125365.76334309232
US,Biogasoline,125367.89820820403
US,Biodiesels,125368.80604462126
US,Other Liquid Biofuels,125401.1981639245
US,Rubber and plastic products (25),93978.85686152654
US,Glass and glass products,449781.92762742325
US,"Secondary glass for treatment, Re-processing of secondary glass into new glass",0.0
US,Ceramic goods,987394.1461139285
US,"Bricks, tiles and construction products, in baked clay",337711.48025192175
US,"Cement, lime and plaster",1103124.5877951537
US,"Ash for treatment, Re-processing of ash into clinker",0.0
US,Other non-metallic mineral products,314432.34406396264
US,Basic iron and steel and of ferro-alloys and first products thereof,238584.7584635264
US,"Secondary steel for treatment, Re-processing of secondary steel into new steel",0.0
US,Precious metals,7982.047422205293
US,"Secondary preciuos metals for treatment, Re-processing of secondary preciuos metals into new preciuos metals",0.0
US,Aluminium and aluminium products,48432.18963640898
US,"Secondary aluminium for treatment, Re-processing of secondary aluminium into new aluminium",0.0
US,"Lead, zinc and tin and products thereof",40233.97218352358
US,"Secondary lead for treatment, Re-processing of secondary lead into new lead",0.0
US,Copper products,8820.621643405762
US,"Secondary copper for treatment, Re-processing of secondary copper into new copper",0.0
US,Other non-ferrous metal products,10266.167163521086
US,"Secondary other non-ferrous metals for treatment, Re-processing of secondary other non-ferrous metals into new other non-ferrous metals",0.0
US,Foundry work services,759277.4738977853
US,"Fabricated metal products, except machinery and equipment (28)",56226.995485001506
US,Machinery and equipment n.e.c. (29),32969.8712681309
US,Office machinery and computers (30),964.5982312640914
US,Electrical machinery and apparatus n.e.c. (31),22205.22428306232
US,"Radio, television and communication equipment and apparatus (32)",12069.127872219238
US,"Medical, precision and optical instruments, watches and clocks (33)",11514.39076091177
US,"Motor vehicles, trailers and semi-trailers (34)",4760.934761178934
US,Other transport equipment (35),28861.1412976803
US,Furniture; other manufactured goods n.e.c. (36),149593.66983921826
US,Secondary raw materials,538878.7418464173
US,"Bottles for treatment, Recycling of bottles by direct reuse",0.0
US,Electricity by coal,22283776.382842567
US,Electricity by gas,10709984.146047661
US,Electricity by nuclear,33247.77228915272
US,Electricity by hydro,52155.796021172006
US,Electricity by wind,14971.802162102676
US,Electricity by petroleum and other oil derivatives,12156015.93006117
US,Electricity by biomass and waste,15859639.960446686
US,Electricity by solar photovoltaic,44708.62895546602
US,Electricity by solar thermal,13813.441633810928
US,"Electricity by tide, wave, ocean",0.0
US,Electricity by Geothermal,92631.19659377125
US,Electricity nec,27493.170257032565
US,Transmission services of electricity,27720.565017144767
US,Distribution and trade services of electricity,36815.31869618057
US,Coke oven gas,431747.9964969677
US,Blast Furnace Gas,231755.98577013746
US,Oxygen Steel Furnace Gas,0.0
US,Gas Works Gas,206438.80830240366
US,Biogas,158336.09877445584
US,Distribution services of gaseous fuels through mains,251011.6021216924
US,Steam and hot water supply services,940238.105247749
US,"Collected and purified water, distribution services of water (41)",49807.93591813379
US,Construction work (45),92844.83022809146
US,"Secondary construction material for treatment, Re-processing of secondary construction material into aggregates",0.0
US,"Sale, maintenance, repair of motor vehicles, motor vehicles parts, motorcycles, motor cycles parts and accessoiries",17131.19647678149
US,Retail trade services of motor fuel,19684.231917451212
US,"Wholesale trade and commission trade services, except of motor vehicles and motorcycles (51)",18054.768895530313
US,"Retail  trade services, except of motor vehicles and motorcycles; repair services of personal and household goods (52)",8811.616707326413
US,Hotel and restaurant services (55),26378.799101673216
US,Railway transportation services,599961.5247165374
US,Other land transportation services,14740.797641275607
US,Transportation services via pipelines,517957.5466989886
US,Sea and coastal water transportation services,3563766.5244389693
US,Inland water transportation services,347775.11444047274
US,Air transport services (62),1142649.7279617046
US,Supporting and auxiliary transport services; travel agency services (63),33872.18487079983
US,Post and telecommunication services (64),34786.32607154501
US,"Financial intermediation services, except insurance and pension funding services (65)",32788.55845806781
US,"Insurance and pension funding services, except compulsory social security services (66)",5566.066140278916
US,Services auxiliary to financial intermediation (67),1031.167498462398
US,Real estate services (70),9976.656258737641
US,Renting services of machinery and equipment without operator and of personal and household goods (71),29175.069637807548
US,Computer and related services (72),15273.182166472667
US,Research and development services (73),97888.81801597623
US,Other business services (74),20637.5330754336
US,Public administration and defence services; compulsory social security services (75),48521.72536010753
US,Education services (80),114863.92030190068
US,Health and social work services (85),17078.404866069788
US,Food waste for treatment: incineration,47846.10293759973
US,Paper waste for treatment: incineration,30696.340818994802
US,Plastic waste for treatment: incineration,19842.626377306577
US,Intert/metal waste for treatment: incineration,324576.843926076
US,Textiles waste for treatment: incineration,13911.095479218318
US,Wood waste for treatment: incineration,15381.640043087631
US,Oil/hazardous waste for treatment: incineration,7210.191459715216
US,Food waste for treatment: biogasification and land application,55191.80342664196
US,Paper waste for treatment: biogasification and land application,55191.80338973233
US,Sewage sludge for treatment: biogasification and land application,2068811.0155939069
US,Food waste for treatment: composting and land application,6905.7369449695725
US,Paper and wood waste for treatment: composting and land application,46041.823817351615
US,Food waste for treatment: waste water treatment,2508865.99754847
US,Other waste for treatment: waste water treatment,286689.20614745555
US,Food waste for treatment: landfill,175413.74795094502
US,Paper for treatment: landfill,62706.91095843026
US,Plastic waste for treatment: landfill,51450.85405152851
US,Inert/metal/hazardous waste for treatment: landfill,55757.22370780472
US,Textiles waste for treatment: landfill,28213.52851055379
US,Wood waste for treatment: landfill,22856.797161898277
US,Membership organisation services n.e.c. (91),72185.72300823685
US,"Recreational, cultural and sporting services (92)",35233.74049650966
US,Other services (93),16200.304775012777
US,Private households with employed persons (95),108.5740896058885
US,Extra-territorial organizations and bodies,0.0
JP,Paddy rice,759070.7988154487
JP,Wheat,583091.2376732258
JP,Cereal grains nec,241498.0770113286
JP,"Vegetables, fruit, nuts",163557.81831914186
JP,Oil seeds,225024.02115948108
JP,"Sugar cane, sugar beet",760173.5439863952
JP,Plant-based fibers,300.57521629106907
JP,Crops nec,164936.3925667783
JP,Cattle,724864.9932753337
JP,Pigs,351064.2013858866
JP,Poultry,352606.3998906035
JP,Meat animals nec,123043.28001436204
JP,Animal products nec,101779.80577197524
JP,Raw milk,537777.4928396875
JP,"Wool, silk-worm cocoons",27464.090614858414
JP,Manure (conventional treatment),0.0
JP,Manure (biogas treatment),0.0
JP,"Products of forestry, logging and related services (02)",319728.407187605
JP,Fish and other fishing products; services incidental of fishing (05),348422.09945995826
JP,Anthracite,0.0
JP,Coking Coal,0.0
JP,Other Bituminous Coal,7242.591116381729
JP,Sub-Bituminous Coal,0.0
JP,Patent Fuel,0.0
JP,Lignite/Brown Coal,0.0
JP,BKB/Peat Briquettes,0.0
JP,Peat,0.0
JP,"Crude petroleum and services related to crude oil extraction, excluding surveying",429191.97952930926
JP,"Natural gas and services related to natural gas extraction, excluding surveying",141739.50649237126
JP,Natural Gas Liquids,141739.41418168822
JP,Other Hydrocarbons,0.0
JP,Uranium and thorium ores (12),179311.79618349526
JP,Iron ores,206435.48240712532
JP,Copper ores and concentrates,179822.568476237
JP,Nickel ores and concentrates,189971.68120621165
JP,Aluminium ores and concentrates,192013.31543860008
JP,Precious metal ores and concentrates,40647.1255551961
JP,"Lead, zinc and tin ores and concentrates",180284.7885737328
JP,Other non-ferrous metal ores and concentrates,49787.33597824219
JP,Stone,1147513.7738355035
JP,Sand and clay,1753971.5666047623
JP,"Chemical and fertilizer minerals, salt and other mining and quarrying products n.e.c.",332821.34124420054
JP,Products of meat cattle,18143.823236537784
JP,Products of meat pigs,17574.17474654899
JP,Products of meat poultry,157527.9564538643
JP,Meat products nec,95616.71221452135
JP,products of Vegetable oils and fats,90440.07920636018
JP,Dairy products,39197.01499946296
JP,Processed rice,24661.48792197799
JP,Sugar,221779.97423268892
JP,Food products nec,40987.19267611717
JP,Beverages,31978.55921020381
JP,Fish products,28494.69791814741
JP,Tobacco products (16),66432.3309828709
JP,Textiles (17),86407.5162862633
JP,Wearing apparel; furs (18),39092.546328521814
JP,Leather and leather products (19),46485.61193496176
JP,Wood and products of wood and cork (except furniture); articles of straw and plaiting materials (20),99316.8757994251
JP,"Wood material for treatment, Re-processing of secondary wood material into new wood material",0.0
JP,Pulp,223845.68876705546
JP,"Secondary paper for treatment, Re-processing of secondary paper into new pulp",0.0
JP,Paper and paper products,178514.72228376978
JP,Printed matter and recorded media (22),24662.112583296417
JP,Coke Oven Coke,2363540.809120341
JP,Gas Coke,0.0
JP,Coal Tar,188146.47369403503
JP,Motor Gasoline,156225.98474737708
JP,Aviation Gasoline,130021.564515161
JP,Gasoline Type Jet Fuel,0.0
JP,Kerosene Type Jet Fuel,157473.5751241075
JP,Kerosene,157761.03053451132
JP,Gas/Diesel Oil,158709.22003409106
JP,Heavy Fuel Oil,155312.45007494531
JP,Refinery Gas,90021.23707389204
JP,Liquefied Petroleum Gases (LPG),147222.28294035076
JP,Refinery Feedstocks,157672.2219136943
JP,Ethane,42052.2121770167
JP,Naphtha,155130.9099391936
JP,White Spirit & SBP,612341.8858901936
JP,Lubricants,147025.00291040927
JP,Bitumen,212181.81038552328
JP,Paraffin Waxes,254132.05021597343
JP,Petroleum Coke,92573.53826272761
JP,Non-specified Petroleum Products,119265.79580961117
JP,Nuclear fuel,39420.291241720864
JP,"Plastics, basic",593480.2465598591
JP,"Secondary plastic for treatment, Re-processing of secondary plastic into new plastic",0.0
JP,N-fertiliser,1029026.0387536194
JP,P- and other fertiliser,1338535.55904012
JP,Chemicals nec,135913.85531052935
JP,Charcoal,75402.95116552192
JP,Additives/Blending Components,37356.67946776027
JP,Biogasoline,51674.55187706362
JP,Biodiesels,134788.84045068605
JP,Other Liquid Biofuels,37325.26685192349
JP,Rubber and plastic products (25),33675.39286656693
JP,Glass and glass products,1196468.274952472
JP,"Secondary glass for treatment, Re-processing of secondary glass into new glass",0.0
JP,Ceramic goods,577144.8127642887
JP,"Bricks, tiles and construction products, in baked clay",376065.8434101145
JP,"Cement, lime and plaster",3776143.018671663
JP,"Ash for treatment, Re-processing of ash into clinker",0.0
JP,Other non-metallic mineral products,271334.2627816725
JP,Basic iron and steel and of ferro-alloys and first products thereof,339701.10241628287
JP,"Secondary steel for treatment, Re-processing of secondary steel into new steel",0.0
JP,Precious metals,46354.89254052774
JP,"Secondary preciuos metals for treatment, Re-processing of secondary preciuos metals into new preciuos metals",0.0
JP,Aluminium and aluminium products,31355.75713003987
JP,"Secondary aluminium for treatment, Re-processing of secondary aluminium into new aluminium",0.0
JP,"Lead, zinc and tin and products thereof",173697.1257946759
JP,"Secondary lead for treatment, Re-processing of secondary lead into new lead",0.0
JP,Copper products,24684.195597317273
JP,"Secondary copper for treatment, Re-processing of secondary copper into new copper",0.0
JP,Other non-ferrous metal products,45819.823556767464
JP,"Secondary other non-ferrous metals for treatment, Re-processing of secondary other non-ferrous metals into new other non-ferrous metals",0.0
JP,Foundry work services,813720.5578681459
JP,"Fabricated metal products, except machinery and equipment (28)",40530.174695399546
JP,Machinery and equipment n.e.c. (29),33255.00168775362
JP,Office machinery and computers (30),21098.33470305666
JP,Electrical machinery and apparatus n.e.c. (31),44405.91247638791
JP,"Radio, television and communication equipment and apparatus (32)",28504.12418229384
JP,"Medical, precision and optical instruments, watches and clocks (33)",41701.52329766229
JP,"Motor vehicles, trailers and semi-trailers (34)",6489.767746846155
JP,Other transport equipment (35),29259.468881843546
JP,Furniture; other manufactured goods n.e.c. (36),27909.072394824947
JP,Secondary raw materials,586681.1150449053
JP,"Bottles for treatment, Recycling of bottles by direct reuse",0.0
JP,Electricity by coal,7295922.151619574
JP,Electricity by gas,4116766.9369737166
JP,Electricity by nuclear,10358.587637364511
JP,Electricity by hydro,4876.18542001923
JP,Electricity by wind,14384.041076915064
JP,Electricity by petroleum and other oil derivatives,7019413.242884318
JP,Electricity by biomass and waste,302571.5434333689
JP,Electricity by solar photovoltaic,64.15733445833716
JP,Electricity by solar thermal,178595.62073897794
JP,"Electricity by tide, wave, ocean",154219.99395194414
JP,Electricity by Geothermal,301.80115868126006
JP,Electricity nec,2711.3071003292125
JP,Transmission services of electricity,15978.630425326519
JP,Distribution and trade services of electricity,8010.728080267116
JP,Coke oven gas,56104.633615868726
JP,Blast Furnace Gas,58572.889330228245
JP,Oxygen Steel Furnace Gas,55788.29310404452
JP,Gas Works Gas,55659.456554696604
JP,Biogas,694131.5857232866
JP,Distribution services of gaseous fuels through mains,56754.46417960291
JP,Steam and hot water supply services,373163.17344507406
JP,"Collected and purified water, distribution services of water (41)",24608.244429340866
JP,Construction work (45),54931.08326298265
JP,"Secondary construction material for treatment, Re-processing of secondary construction material into aggregates",0.0
JP,"Sale, maintenance, repair of motor vehicles, motor vehicles parts, motorcycles, motor cycles parts and accessoiries",51907.92977073947
JP,Retail trade services of motor fuel,9825.53180237676
JP,"Wholesale trade and commission trade services, except of motor vehicles and motorcycles (51)",21195.1667172682
JP,"Retail  trade services, except of motor vehicles and motorcycles; repair services of personal and household goods (52)",27260.796844460594
JP,Hotel and restaurant services (55),21321.14511156518
JP,Railway transportation services,16801.402211590135
JP,Other land transportation services,80704.0047057347
JP,Transportation services via pipelines,31195.28926070475
JP,Sea and coastal water transportation services,1108570.3480846973
JP,Inland water transportation services,45111.08354614267
JP,Air transport services (62),864799.5012013147
JP,Supporting and auxiliary transport services; travel agency services (63),32925.738778412044
JP,Post and telecommunication services (64),10790.883718379508
JP,"Financial intermediation services, except insurance and pension funding services (65)",8316.487508252047
JP,"Insurance and pension funding services, except compulsory social security services (66)",9261.562564174845
JP,Services auxiliary to financial intermediation (67),14094.399726523798
JP,Real estate services (70),7700.070655956393
JP,Renting services of machinery and equipment without operator and of personal and household goods (71),56702.78870454008
JP,Computer and related services (72),12942.464474837607
JP,Research and development services (73),28138.945078303885
JP,Other business services (74),15318.346113316338
JP,Public administration and defence services; compulsory social security services (75),15710.989271592025
JP,Education services (80),18759.246594560595
JP,Health and social work services (85),17302.466591525135
JP,Food waste for treatment: incineration,131656.72532980362
JP,Paper waste for treatment: incineration,51248.96286238679
JP,Plastic waste for treatment: incineration,40217.00002383691
JP,Intert/metal waste for treatment: incineration,41489.738957254114
JP,Textiles waste for treatment: incineration,43831.35567137828
JP,Wood waste for treatment: incineration,43716.90061244786
JP,Oil/hazardous waste for treatment: incineration,42331.40575292258
JP,Food waste for treatment: biogasification and land application,233239.16923917038
JP,Paper waste for treatment: biogasification and land application,66145.67423664306
JP,Sewage sludge for treatment: biogasification and land application,29196.43581304973
JP,Food waste for treatment: composting and land application,54377.48290438711
JP,Paper and wood waste for treatment: composting and land application,233058.34987615718
JP,Food waste for treatment: waste water treatment,2198674.437095342
JP,Other waste for treatment: waste water treatment,3421117.502615742
JP,Food waste for treatment: landfill,603178.6130085692
JP,Paper for treatment: landfill,64972.07303326508
JP,Plastic waste for treatment: landfill,387829.17839925864
JP,Inert/metal/hazardous waste for treatment: landfill,95015.53055340341
JP,Textiles waste for treatment: landfill,142624.4391422896
JP,Wood waste for treatment: landfill,64561.946097924316
JP,Membership organisation services n.e.c. (91),51502.65059170864
JP,"Recreational, cultural and sporting services (92)",15944.35488407567
JP,Other services (93),37874.61909141543
JP,Private households with employed persons (95),8.362711180516454e-08
JP,Extra-territorial organizations and bodies,0.0
CN,Paddy rice,1626040.2018665245
CN,Wheat,350581.6252799269
CN,Cereal grains nec,368144.02659068705
CN,"Vegetables, fruit, nuts",337036.5954363889
CN,Oil seeds,193854.6457225917
CN,"Sugar cane, sugar beet",154938.01129410777
CN,Plant-based fibers,69499.79419353572
CN,Crops nec,86855.41539794658
CN,Cattle,1614508.2065666546
CN,Pigs,506576.7324340702
CN,Poultry,159582.37883203698
CN,Meat animals nec,1031251.7173450605
CN,Animal products nec,18048.119722836705
CN,Raw milk,587814.8953219306
CN,"Wool, silk-worm cocoons",13275.028839256041
CN,Manure (conventional treatment),0.0
CN,Manure (biogas treatment),0.0
CN,"Products of forestry, logging and related services (02)",82665.5898881985
CN,Fish and other fishing products; services incidental of fishing (05),67445.85984017352
CN,Anthracite,0.0
CN,Coking Coal,0.0
CN,Other Bituminous Coal,1740973.5945044262
CN,Sub-Bituminous Coal,0.0
CN,Patent Fuel,1740972.740958115
CN,Lignite/Brown Coal,0.0
CN,BKB/Peat Briquettes,0.0
CN,Peat,0.0
CN,"Crude petroleum and services related to crude oil extraction, excluding surveying",626037.8879195096
CN,"Natural gas and services related to natural gas extraction, excluding surveying",775823.7527907252
CN,Natural Gas Liquids,775823.5248082464
CN,Other Hydrocarbons,95363.73138724512
CN,Uranium and thorium ores (12),5625.461061617976
CN,Iron ores,401461.4492187324
CN,Copper ores and concentrates,50599.29879240194
CN,Nickel ores and concentrates,41681.61960089694
CN,Aluminium ores and concentrates,40257.333766111406
CN,Precious metal ores and concentrates,43683.39655933839
CN,"Lead, zinc and tin ores and concentrates",29167.7540854016
CN,Other non-ferrous metal ores and concentrates,24099.356648014582
CN,Stone,673856.3531357739
CN,Sand and clay,5092666.633714453
CN,"Chemical and fertilizer minerals, salt and other mining and quarrying products n.e.c.",238311.86403957737
CN,Products of meat cattle,19850.162579529617
CN,Products of meat pigs,9599.809331220415
CN,Products of meat poultry,39111.492832159514
CN,Meat products nec,17943.53986269421
CN,products of Vegetable oils and fats,103231.12345119618
CN,Dairy products,31100.053562428944
CN,Processed rice,1727423.3019311186
CN,Sugar,29417.806611979613
CN,Food products nec,8136.697135070415
CN,Beverages,44800.424351091606
CN,Fish products,33923.37917588738
CN,Tobacco products (16),59638.94971851108
CN,Textiles (17),22455.01160062528
CN,Wearing apparel; furs (18),22633.477694733625
CN,Leather and leather products (19),63535.70127753262
CN,Wood and products of wood and cork (except furniture); articles of straw and plaiting materials (20),53956.67145668194
CN,"Wood material for treatment, Re-processing of secondary wood material into new wood material",0.0
CN,Pulp,172097.2267539195
CN,"Secondary paper for treatment, Re-processing of secondary paper into new pulp",0.0
CN,Paper and paper products,43257.44018533548
CN,Printed matter and recorded media (22),33812.81374578971
CN,Coke Oven Coke,1537309.2688598612
CN,Gas Coke,0.0
CN,Coal Tar,288665.0967350764
CN,Motor Gasoline,288665.09153767605
CN,Aviation Gasoline,288665.1025053703
CN,Gasoline Type Jet Fuel,0.0
CN,Kerosene Type Jet Fuel,288665.10192189296
CN,Kerosene,288665.09492367186
CN,Gas/Diesel Oil,288665.0937284711
CN,Heavy Fuel Oil,288665.09841302107
CN,Refinery Gas,288665.10112673946
CN,Liquefied Petroleum Gases (LPG),288665.09613384353
CN,Refinery Feedstocks,288665.090176192
CN,Ethane,0.0
CN,Naphtha,288665.09277459997
CN,White Spirit & SBP,288665.0875804962
CN,Lubricants,288665.09233891603
CN,Bitumen,288665.0930208973
CN,Paraffin Waxes,288665.0949271369
CN,Petroleum Coke,288665.09705405904
CN,Non-specified Petroleum Products,288665.09121705673
CN,Nuclear fuel,349.8126085309254
CN,"Plastics, basic",613676.7096538123
CN,"Secondary plastic for treatment, Re-processing of secondary plastic into new plastic",0.0
CN,N-fertiliser,510204.3466567191
CN,P- and other fertiliser,582666.8077121275
CN,Chemicals nec,610220.7335481804
CN,Charcoal,97890.07169863275
CN,Additives/Blending Components,1668190.540364033
CN,Biogasoline,600760.9848031778
CN,Biodiesels,734413.2661294371
CN,Other Liquid Biofuels,630420.0968332698
CN,Rubber and plastic products (25),192441.38628306266
CN,Glass and glass products,96878.58459485427
CN,"Secondary glass for treatment, Re-processing of secondary glass into new glass",0.0
CN,Ceramic goods,335653.8981563439
CN,"Bricks, tiles and construction products, in baked clay",407071.574202259
CN,"Cement, lime and plaster",7852301.104310027
CN,"Ash for treatment, Re-processing of ash into clinker",0.0
CN,Other non-metallic mineral products,937679.6154827406
CN,Basic iron and steel and of ferro-alloys and first products thereof,1164072.0921210675
CN,"Secondary steel for treatment, Re-processing of secondary steel into new steel",0.0
CN,Precious metals,100195.57883828663
CN,"Secondary preciuos metals for treatment, Re-processing of secondary preciuos metals into new preciuos metals",0.0
CN,Aluminium and aluminium products,147617.5755565162
CN,"Secondary aluminium for treatment, Re-processing of secondary aluminium into new aluminium",0.0
CN,"Lead, zinc and tin and products thereof",215730.39753340025
CN,"Secondary lead for treatment, Re-processing of secondary lead into new lead",0.0
CN,Copper products,464514.1339925588
CN,"Secondary copper for treatment, Re-processing of secondary copper into new copper",0.0
CN,Other non-ferrous metal products,201056.63066101467
CN,"Secondary other non-ferrous metals for treatment, Re-processing of secondary other non-ferrous metals into new other non-ferrous metals",0.0
CN,Foundry work services,714223.5800086434
CN,"Fabricated metal products, except machinery and equipment (28)",111452.01103294207
CN,Machinery and equipment n.e.c. (29),64248.61334010391
CN,Office machinery and computers (30),10515.929258927637
CN,Electrical machinery and apparatus n.e.c. (31),44344.4829253223
CN,"Radio, television and communication equipment and apparatus (32)",17062.631400562943
CN,"Medical, precision and optical instruments, watches and clocks (33)",208148.3493652422
CN,"Motor vehicles, trailers and semi-trailers (34)",15094.060853363317
CN,Other transport equipment (35),15162.411315138794
CN,Furniture; other manufactured goods n.e.c. (36),348628.6443893024
CN,Secondary raw materials,998366.3585150217
CN,"Bottles for treatment, Recycling of bottles by direct reuse",0.0
CN,Electricity by coal,16756176.310364341
CN,Electricity by gas,6075986.083327468
CN,Electricity by nuclear,204959.14833661242
CN,Electricity by hydro,381372.61214105936
CN,Electricity by wind,230731.26961074717
CN,Electricity by petroleum and other oil derivatives,3357379.0023226016
CN,Electricity by biomass and waste,530040.4070222225
CN,Electricity by solar photovoltaic,53495.207357078245
CN,Electricity by solar thermal,529.299432884859
CN,"Electricity by tide, wave, ocean",61028.60956183558
CN,Electricity by Geothermal,437916.90433132485
CN,Electricity nec,461592.76641964464
CN,Transmission services of electricity,18971.05323587761
CN,Distribution and trade services of electricity,18784.080995307384
CN,Coke oven gas,236117.10917410764
CN,Blast Furnace Gas,241535.8587257699
CN,Oxygen Steel Furnace Gas,223700.22146656268
CN,Gas Works Gas,225082.247829618
CN,Biogas,246868.08549168857
CN,Distribution services of gaseous fuels through mains,306818.219357754
CN,Steam and hot water supply services,556131.8247742123
CN,"Collected and purified water, distribution services of water (41)",96231.52139713
CN,Construction work (45),28703.307241971877
CN,"Secondary construction material for treatment, Re-processing of secondary construction material into aggregates",0.0
CN,"Sale, maintenance, repair of motor vehicles, motor vehicles parts, motorcycles, motor cycles parts and accessoiries",20845.31580415794
CN,Retail trade services of motor fuel,110778.94125115743
CN,"Wholesale trade and commission trade services, except of motor vehicles and motorcycles (51)",18172.518603220706
CN,"Retail  trade services, except of motor vehicles and motorcycles; repair services of personal and household goods (52)",16463.21072315949
CN,Hotel and restaurant services (55),21551.559212386797
CN,Railway transportation services,168294.67991257645
CN,Other land transportation services,226996.52696993487
CN,Transportation services via pipelines,56826.76622192848
CN,Sea and coastal water transportation services,571215.5004733425
CN,Inland water transportation services,319576.2692498441
CN,Air transport services (62),1489672.5122177217
CN,Supporting and auxiliary transport services; travel agency services (63),53508.86783152853
CN,Post and telecommunication services (64),16145.3161285536
CN,"Financial intermediation services, except insurance and pension funding services (65)",2342.9120590515586
CN,"Insurance and pension funding services, except compulsory social security services (66)",13132.395391666518
CN,Services auxiliary to financial intermediation (67),11007.857784274931
CN,Real estate services (70),15519.584870310226
CN,Renting services of machinery and equipment without operator and of personal and household goods (71),71101.70496728791
CN,Computer and related services (72),15918.56201283191
CN,Research and development services (73),10557.87131482867
CN,Other business services (74),24815.292782657496
CN,Public administration and defence services; compulsory social security services (75),30569.756406717017
CN,Education services (80),33421.345989070636
CN,Health and social work services (85),17355.292148290293
CN,Food waste for treatment: incineration,1050177.7380290825
CN,Paper waste for treatment: incineration,59595.96911228399
CN,Plastic waste for treatment: incineration,60026.32290196123
CN,Intert/metal waste for treatment: incineration,2762659.985523305
CN,Textiles waste for treatment: incineration,60312.73966991902
CN,Wood waste for treatment: incineration,60190.2374417325
CN,Oil/hazardous waste for treatment: incineration,60215.92656251564
CN,Food waste for treatment: biogasification and land application,0.0
CN,Paper waste for treatment: biogasification and land application,0.0
CN,Sewage sludge for treatment: biogasification and land application,0.0
CN,Food waste for treatment: composting and land application,606440.6304144039
CN,Paper and wood waste for treatment: composting and land application,1957188.9992269655
CN,Food waste for treatment: waste water treatment,28804208.72068031
CN,Other waste for treatment: waste water treatment,28766207.084687613
CN,Food waste for treatment: landfill,1760270.4328233986
CN,Paper for treatment: landfill,53635.289088899764
CN,Plastic waste for treatment: landfill,931379.1747139167
CN,Inert/metal/hazardous waste for treatment: landfill,217363.1913456456
CN,Textiles waste for treatment: landfill,9795053.292023329
CN,Wood waste for treatment: landfill,55801.40697908051
CN,Membership organisation services n.e.c. (91),28525.069413580208
CN,"Recreational, cultural and sporting services (92)",30243.898068785937
CN,Other services (93),16095.050729180639
CN,Private households with employed persons (95),0.415613962568899
CN,Extra-territorial organizations and bodies,0.0
CA,Paddy rice,346310.58969252853
CA,Wheat,910653.5593168304
CA,Cereal grains nec,821079.044821952
CA,"Vegetables, fruit, nuts",407232.39814575674
CA,Oil seeds,999863.1103837575
CA,"Sugar cane, sugar beet",263388.6952392701
CA,Plant-based fibers,133200.9601581856
CA,Crops nec,1035015.851641369
CA,Cattle,3835122.988870624
CA,Pigs,481677.14474156615
CA,Poultry,729284.9947214304
CA,Meat animals nec,4915352.776663579
CA,Animal products nec,129215.16201639047
CA,Raw milk,1964316.7947043865
CA,"Wool, silk-worm cocoons",44412.03240233794
CA,Manure (conventional treatment),0.0
CA,Manure (biogas treatment),0.0
CA,"Products of forestry, logging and related services (02)",465129.68420213123
CA,Fish and other fishing products; services incidental of fishing (05),154412.88478761283
CA,Anthracite,31436.523730678684
CA,Coking Coal,3925859.4119678964
CA,Other Bituminous Coal,3918353.3253584877
CA,Sub-Bituminous Coal,3935763.1764514185
CA,Patent Fuel,21444773.244689483
CA,Lignite/Brown Coal,3594080.2771612345
CA,BKB/Peat Briquettes,634761.5398220228
CA,Peat,285161.3872420173
CA,"Crude petroleum and services related to crude oil extraction, excluding surveying",868951.9890913331
CA,"Natural gas and services related to natural gas extraction, excluding surveying",14554593.247861514
CA,Natural Gas Liquids,7025546.973684913
CA,Other Hydrocarbons,29151.22159853197
CA,Uranium and thorium ores (12),5447.945708070419
CA,Iron ores,3217593.952248779
CA,Copper ores and concentrates,567952.0182569773
CA,Nickel ores and concentrates,33370.94739103923
CA,Aluminium ores and concentrates,141558.76200712172
CA,Precious metal ores and concentrates,271658.6594888604
CA,"Lead, zinc and tin ores and concentrates",406504.77261003427
CA,Other non-ferrous metal ores and concentrates,143912.0808903753
CA,Stone,428275.0713744249
CA,Sand and clay,187808.2006894653
CA,"Chemical and fertilizer minerals, salt and other mining and quarrying products n.e.c.",323894.64723327174
CA,Products of meat cattle,33896.70265562259
CA,Products of meat pigs,35483.40893756275
CA,Products of meat poultry,81738.40520640888
CA,Meat products nec,296187.4131915376
CA,products of Vegetable oils and fats,59577.232818535886
CA,Dairy products,55538.526655189955
CA,Processed rice,49345.41749674741
CA,Sugar,378664.20659010246
CA,Food products nec,70564.75724313945
CA,Beverages,100672.44460302794
CA,Fish products,13632.34784807971
CA,Tobacco products (16),16850.98759981255
CA,Textiles (17),96238.40842066974
CA,Wearing apparel; furs (18),21318.250627902115
CA,Leather and leather products (19),26586.115710252787
CA,Wood and products of wood and cork (except furniture); articles of straw and plaiting materials (20),281724.7834659648
CA,"Wood material for treatment, Re-processing of secondary wood material into new wood material",0.0
CA,Pulp,146693.22707643025
CA,"Secondary paper for treatment, Re-processing of secondary paper into new pulp",0.0
CA,Paper and paper products,148104.7512804147
CA,Printed matter and recorded media (22),55739.70349665605
CA,Coke Oven Coke,292161.4988595409
CA,Gas Coke,480186.36852140416
CA,Coal Tar,20089086.19185956
CA,Motor Gasoline,287949.57406811346
CA,Aviation Gasoline,279566.74660001515
CA,Gasoline Type Jet Fuel,69296.60246032299
CA,Kerosene Type Jet Fuel,281520.97275714105
CA,Kerosene,274553.5552818571
CA,Gas/Diesel Oil,293545.5084511125
CA,Heavy Fuel Oil,286995.263829223
CA,Refinery Gas,306973.9758875955
CA,Liquefied Petroleum Gases (LPG),353263.30728127185
CA,Refinery Feedstocks,286596.71575353935
CA,Ethane,300859.993585649
CA,Naphtha,277129.33976607374
CA,White Spirit & SBP,390193.1377670015
CA,Lubricants,443810.33032565657
CA,Bitumen,325051.87682264997
CA,Paraffin Waxes,17626381.138203036
CA,Petroleum Coke,353797.8916164426
CA,Non-specified Petroleum Products,309794.98898771784
CA,Nuclear fuel,46624.18119763839
CA,"Plastics, basic",236834.01341949002
CA,"Secondary plastic for treatment, Re-processing of secondary plastic into new plastic",0.0
CA,N-fertiliser,15229463.042937675
CA,P- and other fertiliser,325594.6449379232
CA,Chemicals nec,339341.34122263483
CA,Charcoal,755358.3205358296
CA,Additives/Blending Components,789019.4540796783
CA,Biogasoline,438649.2281972243
CA,Biodiesels,437602.91521648166
CA,Other Liquid Biofuels,759265.2491077364
CA,Rubber and plastic products (25),211425.95790436325
CA,Glass and glass products,439332.3853319977
CA,"Secondary glass for treatment, Re-processing of secondary glass into new glass",0.0
CA,Ceramic goods,759956.4998248263
CA,"Bricks, tiles and construction products, in baked clay",625181.4002305608
CA,"Cement, lime and plaster",3783545.6723275767
CA,"Ash for treatment, Re-processing of ash into clinker",0.0
CA,Other non-metallic mineral products,445227.79847188137
CA,Basic iron and steel and of ferro-alloys and first products thereof,755738.6842045233
CA,"Secondary steel for treatment, Re-processing of secondary steel into new steel",0.0
CA,Precious metals,287034.44745209266
CA,"Secondary preciuos metals for treatment, Re-processing of secondary preciuos metals into new preciuos metals",0.0
CA,Aluminium and aluminium products,503511.7539710712
CA,"Secondary aluminium for treatment, Re-processing of secondary aluminium into new aluminium",0.0
CA,"Lead, zinc and tin and products thereof",207390.27374555654
CA,"Secondary lead for treatment, Re-processing of secondary lead into new lead",0.0
CA,Copper products,207923.34321109063
CA,"Secondary copper for treatment, Re-processing of secondary copper into new copper",0.0
CA,Other non-ferrous metal products,121023.6652498984
CA,"Secondary other non-ferrous metals for treatment, Re-processing of secondary other non-ferrous metals into new other non-ferrous metals",0.0
CA,Foundry work services,477069.4802404442
CA,"Fabricated metal products, except machinery and equipment (28)",55736.39464917262
CA,Machinery and equipment n.e.c. (29),59714.380603643884
CA,Office machinery and computers (30),3771.760079813157
CA,Electrical machinery and apparatus n.e.c. (31),32807.912189426956
CA,"Radio, television and communication equipment and apparatus (32)",6711.723726879608
CA,"Medical, precision and optical instruments, watches and clocks (33)",33634.8915846421
CA,"Motor vehicles, trailers and semi-trailers (34)",45857.67965332974
CA,Other transport equipment (35),38775.69701340793
CA,Furniture; other manufactured goods n.e.c. (36),305915.32424500247
CA,Secondary raw materials,192624.3503810341
CA,"Bottles for treatment, Recycling of bottles by direct reuse",0.0
CA,Electricity by coal,20059907.40609659
CA,Electricity by gas,9912474.273094915
CA,Electricity by nuclear,12341.06119880288
CA,Electricity by hydro,27702.85094588461
CA,Electricity by wind,72219.3109245728
CA,Electricity by petroleum and other oil derivatives,301220.57306145533
CA,Electricity by biomass and waste,4661234.805745617
CA,Electricity by solar photovoltaic,119159.82483841678
CA,Electricity by solar thermal,285433.76936141076
CA,"Electricity by tide, wave, ocean",2933.409151526158
CA,Electricity by Geothermal,136366.60709842347
CA,Electricity nec,161025.87942281316
CA,Transmission services of electricity,17367.01262112931
CA,Distribution and trade services of electricity,22105.37100584799
CA,Coke oven gas,19945.765558498253
CA,Blast Furnace Gas,114390.6456037074
CA,Oxygen Steel Furnace Gas,134928.15412785995
CA,Gas Works Gas,136688.99299692607
CA,Biogas,38247.47577940555
CA,Distribution services of gaseous fuels through mains,39271.03560769221
CA,Steam and hot water supply services,4904343.496309459
CA,"Collected and purified water, distribution services of water (41)",33449.527798240444
CA,Construction work (45),85964.31810427048
CA,"Secondary construction material for treatment, Re-processing of secondary construction material into aggregates",0.0
CA,"Sale, maintenance, repair of motor vehicles, motor vehicles parts, motorcycles, motor cycles parts and accessoiries",91255.76026773757
CA,Retail trade services of motor fuel,64131.98735059774
CA,"Wholesale trade and commission trade services, except of motor vehicles and motorcycles (51)",75869.96938032703
CA,"Retail  trade services, except of motor vehicles and motorcycles; repair services of personal and household goods (52)",34231.901427289355
CA,Hotel and restaurant services (55),48370.86494422075
CA,Railway transportation services,1266053.5284570665
CA,Other land transportation services,172321.30135219046
CA,Transportation services via pipelines,1495498.9568817553
CA,Sea and coastal water transportation services,1388651.9275086212
CA,Inland water transportation services,2051083.4831842089
CA,Air transport services (62),1607110.4958853885
CA,Supporting and auxiliary transport services; travel agency services (63),97257.85654244629
CA,Post and telecommunication services (64),95325.60332111314
CA,"Financial intermediation services, except insurance and pension funding services (65)",15003.065845770101
CA,"Insurance and pension funding services, except compulsory social security services (66)",11157.166289074352
CA,Services auxiliary to financial intermediation (67),40016.488649309875
CA,Real estate services (70),57856.92842877323
CA,Renting services of machinery and equipment without operator and of personal and household goods (71),118030.52455101228
CA,Computer and related services (72),55774.174913018316
CA,Research and development services (73),133705.38191574783
CA,Other business services (74),96785.07773820807
CA,Public administration and defence services; compulsory social security services (75),56852.525206056765
CA,Education services (80),64565.551185455566
CA,Health and social work services (85),18281.003142596594
CA,Food waste for treatment: incineration,7981355.732349013
CA,Paper waste for treatment: incineration,14154731.803240852
CA,Plastic waste for treatment: incineration,6203093.988950486
CA,Intert/metal waste for treatment: incineration,16983540.713890262
CA,Textiles waste for treatment: incineration,35436492.108133756
CA,Wood waste for treatment: incineration,40277296.23637728
CA,Oil/hazardous waste for treatment: incineration,21543015.19671854
CA,Food waste for treatment: biogasification and land application,21387636.48747264
CA,Paper waste for treatment: biogasification and land application,21664164.596786823
CA,Sewage sludge for treatment: biogasification and land application,41088250.061636664
CA,Food waste for treatment: composting and land application,100275.01643572935
CA,Paper and wood waste for treatment: composting and land application,100674.52047875852
CA,Food waste for treatment: waste water treatment,1802879.40446751
CA,Other waste for treatment: waste water treatment,1756631.5726566801
CA,Food waste for treatment: landfill,153987.6202207718
CA,Paper for treatment: landfill,31674.484326579983
CA,Plastic waste for treatment: landfill,27677.55657826626
CA,Inert/metal/hazardous waste for treatment: landfill,26045.22128985219
CA,Textiles waste for treatment: landfill,22939.796954756104
CA,Wood waste for treatment: landfill,18306.749557569357
CA,Membership organisation services n.e.c. (91),126740.2892715517
CA,"Recreational, cultural and sporting services (92)",33970.91078022896
CA,Other services (93),152543.98138553026
CA,Private households with employed persons (95),0.0
CA,Extra-territorial organizations and bodies,0.0
KR,Paddy rice,1232274.2330208316
KR,Wheat,35099.48005466269
KR,Cereal grains nec,379919.2307445154
KR,"Vegetables, fruit, nuts",124584.90306627328
KR,Oil seeds,239972.56644100448
KR,"Sugar cane, sugar beet",37307.65036023846
KR,Plant-based fibers,640292.387577577
KR,Crops nec,49496.83081386007
KR,Cattle,1644368.9456110732
KR,Pigs,225545.10548214038
KR,Poultry,196918.85915636478
KR,Meat animals nec,463928.24259563134
KR,Animal products nec,190324.38724342294
KR,Raw milk,240893.9047438212
KR,"Wool, silk-worm cocoons",650474.329638804
KR,Manure (conventional treatment),0.0
KR,Manure (biogas treatment),0.0
KR,"Products of forestry, logging and related services (02)",71214.17537794108
KR,Fish and other fishing products; services incidental of fishing (05),512431.5224900862
KR,Anthracite,1751856.4839283125
KR,Coking Coal,132867.73261199292
KR,Other Bituminous Coal,385046.56449771195
KR,Sub-Bituminous Coal,724855.4328737285
KR,Patent Fuel,1751942.1941407686
KR,Lignite/Brown Coal,673950.1880906228
KR,BKB/Peat Briquettes,214272.76551347357
KR,Peat,212895.30109514605
KR,"Crude petroleum and services related to crude oil extraction, excluding surveying",4756906.64894339
KR,"Natural gas and services related to natural gas extraction, excluding surveying",12410938.980358575
KR,Natural Gas Liquids,213857.82049187808
KR,Other Hydrocarbons,709311.9143285925
KR,Uranium and thorium ores (12),735314.5708684073
KR,Iron ores,700985.0014447419
KR,Copper ores and concentrates,274858.535919632
KR,Nickel ores and concentrates,274487.55228141806
KR,Aluminium ores and concentrates,491335.3546479661
KR,Precious metal ores and concentrates,157868.3869043469
KR,"Lead, zinc and tin ores and concentrates",208658.7045701199
KR,Other non-ferrous metal ores and concentrates,510051.2670207755
KR,Stone,2170085.2948403624
KR,Sand and clay,3317007.712252251
KR,"Chemical and fertilizer minerals, salt and other mining and quarrying products n.e.c.",140082.43165641624
KR,Products of meat cattle,18629.81918243646
KR,Products of meat pigs,14148.656365134513
KR,Products of meat poultry,10412.04764073104
KR,Meat products nec,15593.467672476974
KR,products of Vegetable oils and fats,15279.683583037548
KR,Dairy products,35556.7262837772
KR,Processed rice,152905.55256687335
KR,Sugar,114259.1233438834
KR,Food products nec,32876.43062860711
KR,Beverages,26429.554591140895
KR,Fish products,26149.121455028373
KR,Tobacco products (16),24198.344048360934
KR,Textiles (17),26211.086748984744
KR,Wearing apparel; furs (18),21716.049983307705
KR,Leather and leather products (19),13671.643884412142
KR,Wood and products of wood and cork (except furniture); articles of straw and plaiting materials (20),54408.472601919995
KR,"Wood material for treatment, Re-processing of secondary wood material into new wood material",0.0
KR,Pulp,125097.0973767756
KR,"Secondary paper for treatment, Re-processing of secondary paper into new pulp",0.0
KR,Paper and paper products,109904.0963642015
KR,Printed matter and recorded media (22),28102.658911681865
KR,Coke Oven Coke,10516646.129470894
KR,Gas Coke,0.0
KR,Coal Tar,306568.49098812696
KR,Motor Gasoline,305031.9307759883
KR,Aviation Gasoline,361491.8836704787
KR,Gasoline Type Jet Fuel,0.0
KR,Kerosene Type Jet Fuel,354819.66216034605
KR,Kerosene,331885.7568855329
KR,Gas/Diesel Oil,342896.5533419558
KR,Heavy Fuel Oil,284448.21639476396
KR,Refinery Gas,348373.62874074746
KR,Liquefied Petroleum Gases (LPG),283186.1039037395
KR,Refinery Feedstocks,351941.6418928028
KR,Ethane,240115.65523556233
KR,Naphtha,352931.09941771097
KR,White Spirit & SBP,129632.43149109746
KR,Lubricants,275970.04456487804
KR,Bitumen,1134265.496314674
KR,Paraffin Waxes,218935.86381825167
KR,Petroleum Coke,260752.95841143857
KR,Non-specified Petroleum Products,311076.11722856405
KR,Nuclear fuel,413999.0455024021
KR,"Plastics, basic",246250.05606914326
KR,"Secondary plastic for treatment, Re-processing of secondary plastic into new plastic",0.0
KR,N-fertiliser,68134.67440367339
KR,P- and other fertiliser,29690.543349577216
KR,Chemicals nec,302069.5795799193
KR,Charcoal,242947.81640509825
KR,Additives/Blending Components,243004.71950453694
KR,Biogasoline,235730.29787653798
KR,Biodiesels,244578.46885527097
KR,Other Liquid Biofuels,241651.51983813537
KR,Rubber and plastic products (25),52428.776263032305
KR,Glass and glass products,192624.25722458572
KR,"Secondary glass for treatment, Re-processing of secondary glass into new glass",0.0
KR,Ceramic goods,382092.40076008096
KR,"Bricks, tiles and construction products, in baked clay",383399.4604203679
KR,"Cement, lime and plaster",3712694.9103233684
KR,"Ash for treatment, Re-processing of ash into clinker",0.0
KR,Other non-metallic mineral products,699465.2458700844
KR,Basic iron and steel and of ferro-alloys and first products thereof,218700.91449092978
KR,"Secondary steel for treatment, Re-processing of secondary steel into new steel",0.0
KR,Precious metals,13878.42361430964
KR,"Secondary preciuos metals for treatment, Re-processing of secondary preciuos metals into new preciuos metals",0.0
KR,Aluminium and aluminium products,25501.750742190517
KR,"Secondary aluminium for treatment, Re-processing of secondary aluminium into new aluminium",0.0
KR,"Lead, zinc and tin and products thereof",33475.49914878639
KR,"Secondary lead for treatment, Re-processing of secondary lead into new lead",0.0
KR,Copper products,138656.93330224016
KR,"Secondary copper for treatment, Re-processing of secondary copper into new copper",0.0
KR,Other non-ferrous metal products,13893.174563028628
KR,"Secondary other non-ferrous metals for treatment, Re-processing of secondary other non-ferrous metals into new other non-ferrous metals",0.0
KR,Foundry work services,1556311.2028231493
KR,"Fabricated metal products, except machinery and equipment (28)",24232.4751676619
KR,Machinery and equipment n.e.c. (29),32974.406359313805
KR,Office machinery and computers (30),4783.021271182634
KR,Electrical machinery and apparatus n.e.c. (31),54159.33259127399
KR,"Radio, television and communication equipment and apparatus (32)",6997.136830462342
KR,"Medical, precision and optical instruments, watches and clocks (33)",65853.1901254744
KR,"Motor vehicles, trailers and semi-trailers (34)",9327.880961772207
KR,Other transport equipment (35),28308.26680554615
KR,Furniture; other manufactured goods n.e.c. (36),128430.26523762546
KR,Secondary raw materials,168636.94010599222
KR,"Bottles for treatment, Recycling of bottles by direct reuse",487231.28510960983
KR,Electricity by coal,14296833.921701742
KR,Electricity by gas,13937570.947686499
KR,Electricity by nuclear,4287.912314860194
KR,Electricity by hydro,34973.087498924615
KR,Electricity by wind,17541.91241166824
KR,Electricity by petroleum and other oil derivatives,4104553.971839404
KR,Electricity by biomass and waste,306536.6443565678
KR,Electricity by solar photovoltaic,242.09959650825056
KR,Electricity by solar thermal,361801.1199039212
KR,"Electricity by tide, wave, ocean",2069485.5176983478
KR,Electricity by Geothermal,13696979.470256822
KR,Electricity nec,3372.1212650999037
KR,Transmission services of electricity,1484.520616841281
KR,Distribution and trade services of electricity,1643.4185275845423
KR,Coke oven gas,7319619.795782718
KR,Blast Furnace Gas,7244208.51853895
KR,Oxygen Steel Furnace Gas,13906678.551126791
KR,Gas Works Gas,7327162.022149875
KR,Biogas,2617956.84355862
KR,Distribution services of gaseous fuels through mains,74190.14999910843
KR,Steam and hot water supply services,283016.82550778246
KR,"Collected and purified water, distribution services of water (41)",487231.28510616784
KR,Construction work (45),45614.7162517865
KR,"Secondary construction material for treatment, Re-processing of secondary construction material into aggregates",0.0
KR,"Sale, maintenance, repair of motor vehicles, motor vehicles parts, motorcycles, motor cycles parts and accessoiries",27631.599296724373
KR,Retail trade services of motor fuel,27644.89440865972
KR,"Wholesale trade and commission trade services, except of motor vehicles and motorcycles (51)",47527.43050247768
KR,"Retail  trade services, except of motor vehicles and motorcycles; repair services of personal and household goods (52)",53383.29751301068
KR,Hotel and restaurant services (55),16950.35174148164
KR,Railway transportation services,158904.1966202122
KR,Other land transportation services,40276.90876534243
KR,Transportation services via pipelines,27846.408426206817
KR,Sea and coastal water transportation services,1477436.975721285
KR,Inland water transportation services,155588.4571260984
KR,Air transport services (62),1212409.158125159
KR,Supporting and auxiliary transport services; travel agency services (63),39341.9120634529
KR,Post and telecommunication services (64),6591.524083225179
KR,"Financial intermediation services, except insurance and pension funding services (65)",7281.444519763711
KR,"Insurance and pension funding services, except compulsory social security services (66)",19685.895636196437
KR,Services auxiliary to financial intermediation (67),16983.707508133586
KR,Real estate services (70),13215.883719739915
KR,Renting services of machinery and equipment without operator and of personal and household goods (71),34857.976674779085
KR,Computer and related services (72),19936.437525596095
KR,Research and development services (73),8002.305548228359
KR,Other business services (74),26241.904557029557
KR,Public administration and defence services; compulsory social security services (75),20678.11380605281
KR,Education services (80),31606.48822340743
KR,Health and social work services (85),19502.27647363932
KR,Food waste for treatment: incineration,1703.9341306861543
KR,Paper waste for treatment: incineration,565.1523779931256
KR,Plastic waste for treatment: incineration,5081.381108193067
KR,Intert/metal waste for treatment: incineration,309448.7947834839
KR,Textiles waste for treatment: incineration,417.11711017492365
KR,Wood waste for treatment: incineration,844.4605801392313
KR,Oil/hazardous waste for treatment: incineration,3359.309937350858
KR,Food waste for treatment: biogasification and land application,44270.00514325501
KR,Paper waste for treatment: biogasification and land application,520513.9228007195
KR,Sewage sludge for treatment: biogasification and land application,103643.78570415376
KR,Food waste for treatment: composting and land application,265877.71703963366
KR,Paper and wood waste for treatment: composting and land application,438141.99630473886
KR,Food waste for treatment: waste water treatment,162697.07105935997
KR,Other waste for treatment: waste water treatment,320920.12525299983
KR,Food waste for treatment: landfill,119686.13545308527
KR,Paper for treatment: landfill,141772.99904539005
KR,Plastic waste for treatment: landfill,61905.120712129414
KR,Inert/metal/hazardous waste for treatment: landfill,151223.360144839
KR,Textiles waste for treatment: landfill,65479.05137458245
KR,Wood waste for treatment: landfill,502118.0790249733
KR,Membership organisation services n.e.c. (91),54429.1606621998
KR,"Recreational, cultural and sporting services (92)",9663.427857059982
KR,Other services (93),37845.1700924112
KR,Private households with employed persons (95),49149.21005069366
KR,Extra-territorial organizations and bodies,0.0
BR,Paddy rice,2689212.215158799
BR,Wheat,1310462.5894932866
BR,Cereal grains nec,1748192.4290848926
BR,"Vegetables, fruit, nuts",958920.8310561763
BR,Oil seeds,1126131.3586042034
BR,"Sugar cane, sugar beet",6153260.928233958
BR,Plant-based fibers,765859.0124592562
BR,Crops nec,1044773.7338039796
BR,Cattle,21305031.181015946
BR,Pigs,1869940.4938237409
BR,Poultry,613244.1705964893
BR,Meat animals nec,35442853.17553438
BR,Animal products nec,707933.8872081253
BR,Raw milk,9698305.962132063
BR,"Wool, silk-worm cocoons",774708.4068028346
BR,Manure (conventional treatment),0.0
BR,Manure (biogas treatment),0.0
BR,"Products of forestry, logging and related services (02)",767292.4213476522
BR,Fish and other fishing products; services incidental of fishing (05),36685.47150238081
BR,Anthracite,18219.935858087774
BR,Coking Coal,21873.546495129052
BR,Other Bituminous Coal,19534520.737904496
BR,Sub-Bituminous Coal,34286420.135442235
BR,Patent Fuel,22413.58405474887
BR,Lignite/Brown Coal,50310334.74204084
BR,BKB/Peat Briquettes,18697.172057895656
BR,Peat,22162.63071039238
BR,"Crude petroleum and services related to crude oil extraction, excluding surveying",654924.239858354
BR,"Natural gas and services related to natural gas extraction, excluding surveying",1617583.5359940482
BR,Natural Gas Liquids,1691433.125434034
BR,Other Hydrocarbons,6379.394486695008
BR,Uranium and thorium ores (12),1295546.9742690756
BR,Iron ores,1030942.0873366125
BR,Copper ores and concentrates,3288256.9777712678
BR,Nickel ores and concentrates,5059311.72541945
BR,Aluminium ores and concentrates,315783.87901256024
BR,Precious metal ores and concentrates,6989693.009952931
BR,"Lead, zinc and tin ores and concentrates",11819289.515087187
BR,Other non-ferrous metal ores and concentrates,772039.7849735107
BR,Stone,112117.95253842034
BR,Sand and clay,1177759.22113596
BR,"Chemical and fertilizer minerals, salt and other mining and quarrying products n.e.c.",1622562.9622962265
BR,Products of meat cattle,59696.989191601795
BR,Products of meat pigs,102954.55696816044
BR,Products of meat poultry,66147.71630481446
BR,Meat products nec,235005.93345920637
BR,products of Vegetable oils and fats,680567.6030180198
BR,Dairy products,98761.60234022781
BR,Processed rice,63062.73463238067
BR,Sugar,74617.55351891415
BR,Food products nec,73063.1516086612
BR,Beverages,74585.33810374398
BR,Fish products,502904.81204855687
BR,Tobacco products (16),37467.2286119305
BR,Textiles (17),28018.750960570218
BR,Wearing apparel; furs (18),14061.622699084355
BR,Leather and leather products (19),16411.61252764555
BR,Wood and products of wood and cork (except furniture); articles of straw and plaiting materials (20),70800.90776032287
BR,"Wood material for treatment, Re-processing of secondary wood material into new wood material",0.0
BR,Pulp,264789.29079539544
BR,"Secondary paper for treatment, Re-processing of secondary paper into new pulp",21237.709165245087
BR,Paper and paper products,200359.9758834806
BR,Printed matter and recorded media (22),24050.70383157615
BR,Coke Oven Coke,1371549.8749919028
BR,Gas Coke,24975.631023013197
BR,Coal Tar,4769271.048395131
BR,Motor Gasoline,677610.8852691913
BR,Aviation Gasoline,8162635.143968226
BR,Gasoline Type Jet Fuel,24974.919867764675
BR,Kerosene Type Jet Fuel,624299.6443356456
BR,Kerosene,2619199.223807089
BR,Gas/Diesel Oil,689987.4711723007
BR,Heavy Fuel Oil,677417.3415479215
BR,Refinery Gas,465342.5489554726
BR,Liquefied Petroleum Gases (LPG),708506.4127309154
BR,Refinery Feedstocks,690645.7307272895
BR,Ethane,25325.247958343498
BR,Naphtha,644917.5928280097
BR,White Spirit & SBP,21717.518463869765
BR,Lubricants,548411.0324316487
BR,Bitumen,557662.7131284009
BR,Paraffin Waxes,24226.055264727995
BR,Petroleum Coke,613189.5205421906
BR,Non-specified Petroleum Products,479031.8590227943
BR,Nuclear fuel,10518.42898280282
BR,"Plastics, basic",864124.7830901592
BR,"Secondary plastic for treatment, Re-processing of secondary plastic into new plastic",1158242.6193440566
BR,N-fertiliser,68405.71447645586
BR,P- and other fertiliser,16850.40024769143
BR,Chemicals nec,140530.39860772458
BR,Charcoal,423981.6126028252
BR,Additives/Blending Components,42744.33156296102
BR,Biogasoline,252593.3211221433
BR,Biodiesels,244869.59449552777
BR,Other Liquid Biofuels,248926.5122317002
BR,Rubber and plastic products (25),110278.00135875218
BR,Glass and glass products,333529.2313776597
BR,"Secondary glass for treatment, Re-processing of secondary glass into new glass",0.0
BR,Ceramic goods,525422.1168381289
BR,"Bricks, tiles and construction products, in baked clay",874005.5526584224
BR,"Cement, lime and plaster",4711101.021518282
BR,"Ash for treatment, Re-processing of ash into clinker",0.0
BR,Other non-metallic mineral products,1121668.3299903735
BR,Basic iron and steel and of ferro-alloys and first products thereof,966063.0326901316
BR,"Secondary steel for treatment, Re-processing of secondary steel into new steel",0.0
BR,Precious metals,159964.40841049526
BR,"Secondary preciuos metals for treatment, Re-processing of secondary preciuos metals into new preciuos metals",0.0
BR,Aluminium and aluminium products,1018397.8972943074
BR,"Secondary aluminium for treatment, Re-processing of secondary aluminium into new aluminium",0.0
BR,"Lead, zinc and tin and products thereof",1426677.9113879278
BR,"Secondary lead for treatment, Re-processing of secondary lead into new lead",0.0
BR,Copper products,78974.7761778409
BR,"Secondary copper for treatment, Re-processing of secondary copper into new copper",0.0
BR,Other non-ferrous metal products,250414.34094575472
BR,"Secondary other non-ferrous metals for treatment, Re-processing of secondary other non-ferrous metals into new other non-ferrous metals",0.0
BR,Foundry work services,18638503.540430292
BR,"Fabricated metal products, except machinery and equipment (28)",76419.63540359553
BR,Machinery and equipment n.e.c. (29),39307.62381433136
BR,Office machinery and computers (30),14804.754066843409
BR,Electrical machinery and apparatus n.e.c. (31),26491.208458000157
BR,"Radio, television and communication equipment and apparatus (32)",64101.700255969015
BR,"Medical, precision and optical instruments, watches and clocks (33)",91122.40363828455
BR,"Motor vehicles, trailers and semi-trailers (34)",15410.918584267427
BR,Other transport equipment (35),18156.98080139538
BR,Furniture; other manufactured goods n.e.c. (36),94378.13698393179
BR,Secondary raw materials,1158242.6199039042
BR,"Bottles for treatment, Recycling of bottles by direct reuse",1158242.6193423383
BR,Electricity by coal,12378256.851533793
BR,Electricity by gas,4517095.016286005
BR,Electricity by nuclear,0.01024301977281004
BR,Electricity by hydro,4.616045892509225
BR,Electricity by wind,0.11050306975914724
BR,Electricity by petroleum and other oil derivatives,8314635.714169169
BR,Electricity by biomass and waste,58702.66019839025
BR,Electricity by solar photovoltaic,1190.9876913280984
BR,Electricity by solar thermal,0.0
BR,"Electricity by tide, wave, ocean",0.0
BR,Electricity by Geothermal,0.0
BR,Electricity nec,0.0
BR,Transmission services of electricity,0.002785399871776366
BR,Distribution and trade services of electricity,0.002552633381067448
BR,Coke oven gas,85801.19262148038
BR,Blast Furnace Gas,85800.32018558505
BR,Oxygen Steel Furnace Gas,85801.08421072044
BR,Gas Works Gas,85801.19261881747
BR,Biogas,85801.19270448989
BR,Distribution services of gaseous fuels through mains,85801.19261322432
BR,Steam and hot water supply services,0.0
BR,"Collected and purified water, distribution services of water (41)",1158242.6192377647
BR,Construction work (45),59910.068771663355
BR,"Secondary construction material for treatment, Re-processing of secondary construction material into aggregates",0.0
BR,"Sale, maintenance, repair of motor vehicles, motor vehicles parts, motorcycles, motor cycles parts and accessoiries",16935.8465872255
BR,Retail trade services of motor fuel,13879.289182158338
BR,"Wholesale trade and commission trade services, except of motor vehicles and motorcycles (51)",25904.47204349156
BR,"Retail  trade services, except of motor vehicles and motorcycles; repair services of personal and household goods (52)",20431.985291502115
BR,Hotel and restaurant services (55),17261.79147714371
BR,Railway transportation services,1025706.1237751379
BR,Other land transportation services,301936.57397041796
BR,Transportation services via pipelines,885313.596494885
BR,Sea and coastal water transportation services,1142156.3918452722
BR,Inland water transportation services,319601.5631308692
BR,Air transport services (62),1293179.2660112402
BR,Supporting and auxiliary transport services; travel agency services (63),30040.092751771288
BR,Post and telecommunication services (64),2671.499179320479
BR,"Financial intermediation services, except insurance and pension funding services (65)",7771.7102924686305
BR,"Insurance and pension funding services, except compulsory social security services (66)",2334.9313635657345
BR,Services auxiliary to financial intermediation (67),9656.196829542048
BR,Real estate services (70),6582.447018469318
BR,Renting services of machinery and equipment without operator and of personal and household goods (71),34074.63112778125
BR,Computer and related services (72),3177.172423961533
BR,Research and development services (73),28264.28065650783
BR,Other business services (74),8722.854823834814
BR,Public administration and defence services; compulsory social security services (75),18963.82650732281
BR,Education services (80),3763.7356310900177
BR,Health and social work services (85),11469.179567034324
BR,Food waste for treatment: incineration,1158242.6194483833
BR,Paper waste for treatment: incineration,1158242.6194471975
BR,Plastic waste for treatment: incineration,1158242.620196775
BR,Intert/metal waste for treatment: incineration,1158242.6194124222
BR,Textiles waste for treatment: incineration,1158242.6204616108
BR,Wood waste for treatment: incineration,1158242.6220632256
BR,Oil/hazardous waste for treatment: incineration,1158242.6194104452
BR,Food waste for treatment: biogasification and land application,1158242.620220586
BR,Paper waste for treatment: biogasification and land application,1158242.619805488
BR,Sewage sludge for treatment: biogasification and land application,1158242.6197808085
BR,Food waste for treatment: composting and land application,223106.71603230367
BR,Paper and wood waste for treatment: composting and land application,20452.096564778436
BR,Food waste for treatment: waste water treatment,1112090.8705762278
BR,Other waste for treatment: waste water treatment,1161822.974699901
BR,Food waste for treatment: landfill,157306.8537403651
BR,Paper for treatment: landfill,60700.110283777525
BR,Plastic waste for treatment: landfill,57918.035146410875
BR,Inert/metal/hazardous waste for treatment: landfill,55701.54043338673
BR,Textiles waste for treatment: landfill,59085.93645342743
BR,Wood waste for treatment: landfill,47847.12338925205
BR,Membership organisation services n.e.c. (91),19184.320488905145
BR,"Recreational, cultural and sporting services (92)",6965.2877401815
BR,Other services (93),27012.161385468473
BR,Private households with employed persons (95),0.0
BR,Extra-territorial organizations and bodies,0.0
IN,Paddy rice,3623442.3765301593
IN,Wheat,778705.290652982
IN,Cereal grains nec,818733.758357105
IN,"Vegetables, fruit, nuts",467622.85359831835
IN,Oil seeds,852750.9141055776
IN,"Sugar cane, sugar beet",620716.8238100577
IN,Plant-based fibers,443032.036989624
IN,Crops nec,192181.68140121832
IN,Cattle,108932869.77629259
IN,Pigs,1627422.3957522754
IN,Poultry,363269.54491611494
IN,Meat animals nec,753402.9531742266
IN,Animal products nec,5846.991374315641
IN,Raw milk,1544290.4936365706
IN,"Wool, silk-worm cocoons",6303.31692743338
IN,Manure (conventional treatment),0.0
IN,Manure (biogas treatment),0.0
IN,"Products of forestry, logging and related services (02)",72228.21661724636
IN,Fish and other fishing products; services incidental of fishing (05),54927.3770912762
IN,Anthracite,0.0
IN,Coking Coal,1190376.230016768
IN,Other Bituminous Coal,1190377.7209718158
IN,Sub-Bituminous Coal,0.0
IN,Patent Fuel,0.0
IN,Lignite/Brown Coal,1190376.1337279035
IN,BKB/Peat Briquettes,1190375.2601026774
IN,Peat,0.0
IN,"Crude petroleum and services related to crude oil extraction, excluding surveying",729976.961798453
IN,"Natural gas and services related to natural gas extraction, excluding surveying",2035708.1209903194
IN,Natural Gas Liquids,2035723.9295045794
IN,Other Hydrocarbons,0.0
IN,Uranium and thorium ores (12),115.57889050077345
IN,Iron ores,48923.068193934785
IN,Copper ores and concentrates,212563.80843108142
IN,Nickel ores and concentrates,0.0
IN,Aluminium ores and concentrates,88838.36909849705
IN,Precious metal ores and concentrates,70799.34056739899
IN,"Lead, zinc and tin ores and concentrates",17877.63676147158
IN,Other non-ferrous metal ores and concentrates,10171.90721710046
IN,Stone,288058.08434009855
IN,Sand and clay,1504111.0268214536
IN,"Chemical and fertilizer minerals, salt and other mining and quarrying products n.e.c.",22734.643040516356
IN,Products of meat cattle,37472.238992554296
IN,Products of meat pigs,271862.53261642135
IN,Products of meat poultry,66161.44681697102
IN,Meat products nec,26991.157986475882
IN,products of Vegetable oils and fats,11616.426989714899
IN,Dairy products,44011.167828948164
IN,Processed rice,74479.70925180738
IN,Sugar,34905.43120704924
IN,Food products nec,24259.84901193323
IN,Beverages,64885.198351805135
IN,Fish products,25029.367067327486
IN,Tobacco products (16),8821.527830633551
IN,Textiles (17),54027.1455824057
IN,Wearing apparel; furs (18),25433.15066420367
IN,Leather and leather products (19),41946.28040704736
IN,Wood and products of wood and cork (except furniture); articles of straw and plaiting materials (20),121900.92836576008
IN,"Wood material for treatment, Re-processing of secondary wood material into new wood material",0.0
IN,Pulp,465311.00864299637
IN,"Secondary paper for treatment, Re-processing of secondary paper into new pulp",0.0
IN,Paper and paper products,122738.97316940776
IN,Printed matter and recorded media (22),42129.421465332816
IN,Coke Oven Coke,1436501.0580162827
IN,Gas Coke,0.0
IN,Coal Tar,0.0
IN,Motor Gasoline,371630.3858040871
IN,Aviation Gasoline,369068.86268285674
IN,Gasoline Type Jet Fuel,0.0
IN,Kerosene Type Jet Fuel,374940.05903196376
IN,Kerosene,371366.0477261501
IN,Gas/Diesel Oil,372360.40299515706
IN,Heavy Fuel Oil,374863.0192699468
IN,Refinery Gas,375272.47900975164
IN,Liquefied Petroleum Gases (LPG),371379.9173766247
IN,Refinery Feedstocks,369068.86310007697
IN,Ethane,0.0
IN,Naphtha,372994.5120981251
IN,White Spirit & SBP,0.0
IN,Lubricants,373169.1215213332
IN,Bitumen,374534.5619060917
IN,Paraffin Waxes,339385.448856075
IN,Petroleum Coke,374215.48479378957
IN,Non-specified Petroleum Products,370767.3633575801
IN,Nuclear fuel,0.04649463614587213
IN,"Plastics, basic",563330.732099455
IN,"Secondary plastic for treatment, Re-processing of secondary plastic into new plastic",0.0
IN,N-fertiliser,662486.6273240607
IN,P- and other fertiliser,164458.3949733047
IN,Chemicals nec,603230.5997654315
IN,Charcoal,783190.4203057326
IN,Additives/Blending Components,406190.43497758143
IN,Biogasoline,651772.4445376003
IN,Biodiesels,795221.5124532923
IN,Other Liquid Biofuels,419632.54262008733
IN,Rubber and plastic products (25),995386.8844152427
IN,Glass and glass products,276716.31990466424
IN,"Secondary glass for treatment, Re-processing of secondary glass into new glass",0.0
IN,Ceramic goods,325316.99867381965
IN,"Bricks, tiles and construction products, in baked clay",378306.82907362946
IN,"Cement, lime and plaster",8703272.061135668
IN,"Ash for treatment, Re-processing of ash into clinker",0.0
IN,Other non-metallic mineral products,1416243.4434863164
IN,Basic iron and steel and of ferro-alloys and first products thereof,3310350.027914654
IN,"Secondary steel for treatment, Re-processing of secondary steel into new steel",0.0
IN,Precious metals,27787.135756316715
IN,"Secondary preciuos metals for treatment, Re-processing of secondary preciuos metals into new preciuos metals",0.0
IN,Aluminium and aluminium products,118633.47281278101
IN,"Secondary aluminium for treatment, Re-processing of secondary aluminium into new aluminium",0.0
IN,"Lead, zinc and tin and products thereof",1728114.2545953006
IN,"Secondary lead for treatment, Re-processing of secondary lead into new lead",0.0
IN,Copper products,22028.35918994402
IN,"Secondary copper for treatment, Re-processing of secondary copper into new copper",0.0
IN,Other non-ferrous metal products,58286.022051888795
IN,"Secondary other non-ferrous metals for treatment, Re-processing of secondary other non-ferrous metals into new other non-ferrous metals",0.0
IN,Foundry work services,1053905.7881402464
IN,"Fabricated metal products, except machinery and equipment (28)",321488.6998623897
IN,Machinery and equipment n.e.c. (29),100259.60931226113
IN,Office machinery and computers (30),1733.9958785756776
IN,Electrical machinery and apparatus n.e.c. (31),54259.864557397654
IN,"Radio, television and communication equipment and apparatus (32)",80215.06087311261
IN,"Medical, precision and optical instruments, watches and clocks (33)",463851.60253652296
IN,"Motor vehicles, trailers and semi-trailers (34)",10886.860457724331
IN,Other transport equipment (35),17840.013699104427
IN,Furniture; other manufactured goods n.e.c. (36),1117361.0619169036
IN,Secondary raw materials,5830.937479394135
IN,"Bottles for treatment, Recycling of bottles by direct reuse",0.0
IN,Electricity by coal,79968392.04477428
IN,Electricity by gas,12090941.783964885
IN,Electricity by nuclear,1639.4188970243106
IN,Electricity by hydro,41044.36721541219
IN,Electricity by wind,1255.905643698767
IN,Electricity by petroleum and other oil derivatives,18837499.40854176
IN,Electricity by biomass and waste,2594.7896508274994
IN,Electricity by solar photovoltaic,77.10451582970859
IN,Electricity by solar thermal,0.0
IN,"Electricity by tide, wave, ocean",0.0
IN,Electricity by Geothermal,0.0
IN,Electricity nec,0.0
IN,Transmission services of electricity,161767.70511068392
IN,Distribution and trade services of electricity,31545.44625682764
IN,Coke oven gas,439762.64056599844
IN,Blast Furnace Gas,439544.8728034144
IN,Oxygen Steel Furnace Gas,0.0
IN,Gas Works Gas,439755.8500402428
IN,Biogas,439762.67239688605
IN,Distribution services of gaseous fuels through mains,119541.12436842658
IN,Steam and hot water supply services,0.0
IN,"Collected and purified water, distribution services of water (41)",57404.71460912987
IN,Construction work (45),12187.740785207383
IN,"Secondary construction material for treatment, Re-processing of secondary construction material into aggregates",0.0
IN,"Sale, maintenance, repair of motor vehicles, motor vehicles parts, motorcycles, motor cycles parts and accessoiries",19297.780364923394
IN,Retail trade services of motor fuel,36899.5526655752
IN,"Wholesale trade and commission trade services, except of motor vehicles and motorcycles (51)",42820.83471957069
IN,"Retail  trade services, except of motor vehicles and motorcycles; repair services of personal and household goods (52)",36408.92662369193
IN,Hotel and restaurant services (55),83523.63317741244
IN,Railway transportation services,1429261.7028731161
IN,Other land transportation services,365531.5432042028
IN,Transportation services via pipelines,165132.58128279043
IN,Sea and coastal water transportation services,3860630.371350599
IN,Inland water transportation services,775084.078373128
IN,Air transport services (62),2166272.848958395
IN,Supporting and auxiliary transport services; travel agency services (63),94499.7552977626
IN,Post and telecommunication services (64),38135.15161863144
IN,"Financial intermediation services, except insurance and pension funding services (65)",29168.207490292534
IN,"Insurance and pension funding services, except compulsory social security services (66)",16709.957682148877
IN,Services auxiliary to financial intermediation (67),5945.579384439337
IN,Real estate services (70),10139.35268365375
IN,Renting services of machinery and equipment without operator and of personal and household goods (71),98445.06037216246
IN,Computer and related services (72),37586.383240961
IN,Research and development services (73),25501.405813426383
IN,Other business services (74),72871.82034440302
IN,Public administration and defence services; compulsory social security services (75),68073.27852859387
IN,Education services (80),42055.20011060683
IN,Health and social work services (85),35367.14619189775
IN,Food waste for treatment: incineration,0.0
IN,Paper waste for treatment: incineration,0.0
IN,Plastic waste for treatment: incineration,0.0
IN,Intert/metal waste for treatment: incineration,0.0
IN,Textiles waste for treatment: incineration,0.0
IN,Wood waste for treatment: incineration,0.0
IN,Oil/hazardous waste for treatment: incineration,0.0
IN,Food waste for treatment: biogasification and land application,0.0
IN,Paper waste for treatment: biogasification and land application,0.0
IN,Sewage sludge for treatment: biogasification and land application,0.0
IN,Food waste for treatment: composting and land application,0.0
IN,Paper and wood waste for treatment: composting and land application,0.0
IN,Food waste for treatment: waste water treatment,648685.9156886216
IN,Other waste for treatment: waste water treatment,676502.4986949187
IN,Food waste for treatment: landfill,0.0
IN,Paper for treatment: landfill,0.0
IN,Plastic waste for treatment: landfill,0.0
IN,Inert/metal/hazardous waste for treatment: landfill,0.0
IN,Textiles waste for treatment: landfill,0.0
IN,Wood waste for treatment: landfill,0.0
IN,Membership organisation services n.e.c. (91),70369.31107766212
IN,"Recreational, cultural and sporting services (92)",59823.13800622157
IN,Other services (93),77679.10067095414
IN,Private households with employed persons (95),0.0
IN,Extra-territorial organizations and bodies,0.0
MX,Paddy rice,570928.413993584
MX,Wheat,518791.43908037187
MX,Cereal grains nec,1326527.3114111256
MX,"Vegetables, fruit, nuts",175858.29172382652
MX,Oil seeds,544095.364564813
MX,"Sugar cane, sugar beet",2364732.338734046
MX,Plant-based fibers,254561.26981255694
MX,Crops nec,321746.93134171964
MX,Cattle,8726914.756595386
MX,Pigs,295063.38187980285
MX,Poultry,602703.1881545287
MX,Meat animals nec,18206099.91116643
MX,Animal products nec,280937.01797890506
MX,Raw milk,1307806.2065363596
MX,"Wool, silk-worm cocoons",233258.13242896524
MX,Manure (conventional treatment),0.0
MX,Manure (biogas treatment),0.0
MX,"Products of forestry, logging and related services (02)",154542.3205490279
MX,Fish and other fishing products; services incidental of fishing (05),175228.7848156032
MX,Anthracite,873351.7447814879
MX,Coking Coal,223553.93553722036
MX,Other Bituminous Coal,58222.87578842007
MX,Sub-Bituminous Coal,267319.92979791795
MX,Patent Fuel,58222.86164784191
MX,Lignite/Brown Coal,120224.86295734896
MX,BKB/Peat Briquettes,58222.86165052864
MX,Peat,58222.86176863189
MX,"Crude petroleum and services related to crude oil extraction, excluding surveying",558645.97465115
MX,"Natural gas and services related to natural gas extraction, excluding surveying",5806245.553632943
MX,Natural Gas Liquids,5805978.576924425
MX,Other Hydrocarbons,60841.16138551246
MX,Uranium and thorium ores (12),58222.86167024898
MX,Iron ores,82024.41482180021
MX,Copper ores and concentrates,74666.15075644439
MX,Nickel ores and concentrates,58222.861878438285
MX,Aluminium ores and concentrates,201438.35908407037
MX,Precious metal ores and concentrates,80741.25043779743
MX,"Lead, zinc and tin ores and concentrates",77202.55081618791
MX,Other non-ferrous metal ores and concentrates,79181.00346066534
MX,Stone,79137.4145637518
MX,Sand and clay,79139.585175818
MX,"Chemical and fertilizer minerals, salt and other mining and quarrying products n.e.c.",79938.83129678432
MX,Products of meat cattle,178431.48969705252
MX,Products of meat pigs,59347.75963507168
MX,Products of meat poultry,73370.64308307316
MX,Meat products nec,7829094.116637026
MX,products of Vegetable oils and fats,60310.655771269565
MX,Dairy products,35697.67862673019
MX,Processed rice,907158.7002479003
MX,Sugar,110746.14493275466
MX,Food products nec,73009.78425629831
MX,Beverages,59773.43789260275
MX,Fish products,18162.618715445
MX,Tobacco products (16),64830.98671364779
MX,Textiles (17),10624.385299965441
MX,Wearing apparel; furs (18),10030.457977438646
MX,Leather and leather products (19),8573.38606948547
MX,Wood and products of wood and cork (except furniture); articles of straw and plaiting materials (20),35187.32760116324
MX,"Wood material for treatment, Re-processing of secondary wood material into new wood material",58222.861602781544
MX,Pulp,175769.42911336143
MX,"Secondary paper for treatment, Re-processing of secondary paper into new pulp",12668090.397242166
MX,Paper and paper products,125077.61234910546
MX,Printed matter and recorded media (22),58478.43552373348
MX,Coke Oven Coke,1648270.2738950492
MX,Gas Coke,0.0
MX,Coal Tar,281412.34883763257
MX,Motor Gasoline,533895.1544970223
MX,Aviation Gasoline,92884.74198684841
MX,Gasoline Type Jet Fuel,0.0
MX,Kerosene Type Jet Fuel,529014.5041784237
MX,Kerosene,1002448.653197095
MX,Gas/Diesel Oil,533804.121538227
MX,Heavy Fuel Oil,534768.254868946
MX,Refinery Gas,533604.7820203662
MX,Liquefied Petroleum Gases (LPG),533741.6446902745
MX,Refinery Feedstocks,462566.8188736802
MX,Ethane,533860.1240110921
MX,Naphtha,532474.1613317949
MX,White Spirit & SBP,39676.42907304432
MX,Lubricants,750012.860532221
MX,Bitumen,616463.4945108439
MX,Paraffin Waxes,623043.8080341136
MX,Petroleum Coke,675855.1537125523
MX,Non-specified Petroleum Products,366245.76111327804
MX,Nuclear fuel,40218.339697332296
MX,"Plastics, basic",325660.4514638922
MX,"Secondary plastic for treatment, Re-processing of secondary plastic into new plastic",0.0
MX,N-fertiliser,5191.660434988036
MX,P- and other fertiliser,112399.44036854482
MX,Chemicals nec,574628.0771441839
MX,Charcoal,1145716.9070747567
MX,Additives/Blending Components,577541.7406671598
MX,Biogasoline,629667.394865993
MX,Biodiesels,630269.114914918
MX,Other Liquid Biofuels,634574.5167358173
MX,Rubber and plastic products (25),38301.698401209476
MX,Glass and glass products,629478.8365568157
MX,"Secondary glass for treatment, Re-processing of secondary glass into new glass",0.0
MX,Ceramic goods,2779788.5124595794
MX,"Bricks, tiles and construction products, in baked clay",231494.8396247463
MX,"Cement, lime and plaster",3505832.0689402013
MX,"Ash for treatment, Re-processing of ash into clinker",0.0
MX,Other non-metallic mineral products,544089.3764589984
MX,Basic iron and steel and of ferro-alloys and first products thereof,1101371.3161420443
MX,"Secondary steel for treatment, Re-processing of secondary steel into new steel",0.0
MX,Precious metals,35201.55735179764
MX,"Secondary preciuos metals for treatment, Re-processing of secondary preciuos metals into new preciuos metals",0.0
MX,Aluminium and aluminium products,119760.91608014819
MX,"Secondary aluminium for treatment, Re-processing of secondary aluminium into new aluminium",0.0
MX,"Lead, zinc and tin and products thereof",58434.060727100376
MX,"Secondary lead for treatment, Re-processing of secondary lead into new lead",0.0
MX,Copper products,51549.74699239381
MX,"Secondary copper for treatment, Re-processing of secondary copper into new copper",0.0
MX,Other non-ferrous metal products,79578.1036935618
MX,"Secondary other non-ferrous metals for treatment, Re-processing of secondary other non-ferrous metals into new other non-ferrous metals",0.0
MX,Foundry work services,534661.6362422644
MX,"Fabricated metal products, except machinery and equipment (28)",41467.00628045962
MX,Machinery and equipment n.e.c. (29),53698.35572426621
MX,Office machinery and computers (30),3309.179809171962
MX,Electrical machinery and apparatus n.e.c. (31),15432.10881126917
MX,"Radio, television and communication equipment and apparatus (32)",13642.766034949907
MX,"Medical, precision and optical instruments, watches and clocks (33)",413636.8450702565
MX,"Motor vehicles, trailers and semi-trailers (34)",41316.986050831445
MX,Other transport equipment (35),84206.59224671268
MX,Furniture; other manufactured goods n.e.c. (36),66769.96298084717
MX,Secondary raw materials,12560033.158771822
MX,"Bottles for treatment, Recycling of bottles by direct reuse",12668089.97533216
MX,Electricity by coal,32291796.005784918
MX,Electricity by gas,6510328.179717578
MX,Electricity by nuclear,14.641445045156846
MX,Electricity by hydro,19.9802693216553
MX,Electricity by wind,1.1038251897581863
MX,Electricity by petroleum and other oil derivatives,12004642.945424432
MX,Electricity by biomass and waste,3573.829045635341
MX,Electricity by solar photovoltaic,44.02123313319761
MX,Electricity by solar thermal,0.0
MX,"Electricity by tide, wave, ocean",0.0
MX,Electricity by Geothermal,14.732844377443017
MX,Electricity nec,305.4374699171214
MX,Transmission services of electricity,40.087359928028356
MX,Distribution and trade services of electricity,8.01932578611928
MX,Coke oven gas,30973924.218891155
MX,Blast Furnace Gas,29388280.62693277
MX,Oxygen Steel Furnace Gas,39676.50540729954
MX,Gas Works Gas,39676.44586208216
MX,Biogas,30919707.934071347
MX,Distribution services of gaseous fuels through mains,6775023.087531992
MX,Steam and hot water supply services,39676.42829244876
MX,"Collected and purified water, distribution services of water (41)",80057.47167727894
MX,Construction work (45),79721.17975136258
MX,"Secondary construction material for treatment, Re-processing of secondary construction material into aggregates",89210.64607681915
MX,"Sale, maintenance, repair of motor vehicles, motor vehicles parts, motorcycles, motor cycles parts and accessoiries",101613.7345961675
MX,Retail trade services of motor fuel,12726.63824299143
MX,"Wholesale trade and commission trade services, except of motor vehicles and motorcycles (51)",28900.148524183176
MX,"Retail  trade services, except of motor vehicles and motorcycles; repair services of personal and household goods (52)",34267.01505727094
MX,Hotel and restaurant services (55),27190.79164101802
MX,Railway transportation services,1573478.767675034
MX,Other land transportation services,133933.66205243987
MX,Transportation services via pipelines,9137.150542319565
MX,Sea and coastal water transportation services,4376517.763835337
MX,Inland water transportation services,56874313.77470093
MX,Air transport services (62),725622.147389689
MX,Supporting and auxiliary transport services; travel agency services (63),189853.21786529402
MX,Post and telecommunication services (64),44820.90333363646
MX,"Financial intermediation services, except insurance and pension funding services (65)",29197.689694353692
MX,"Insurance and pension funding services, except compulsory social security services (66)",89587.43465378432
MX,Services auxiliary to financial intermediation (67),42391.66943719435
MX,Real estate services (70),16858.73428563332
MX,Renting services of machinery and equipment without operator and of personal and household goods (71),61990.763070041816
MX,Computer and related services (72),40982.052049796745
MX,Research and development services (73),44016.433969550366
MX,Other business services (74),33175.3528928625
MX,Public administration and defence services; compulsory social security services (75),178632.05399015726
MX,Education services (80),30935.259481604357
MX,Health and social work services (85),60784.25164132416
MX,Food waste for treatment: incineration,12661042.423734548
MX,Paper waste for treatment: incineration,12659855.826923437
MX,Plastic waste for treatment: incineration,12660998.117963394
MX,Intert/metal waste for treatment: incineration,12543458.73379786
MX,Textiles waste for treatment: incineration,12666463.969286632
MX,Wood waste for treatment: incineration,12663051.38887632
MX,Oil/hazardous waste for treatment: incineration,12651627.545070525
MX,Food waste for treatment: biogasification and land application,12667302.34080601
MX,Paper waste for treatment: biogasification and land application,12667995.898033446
MX,Sewage sludge for treatment: biogasification and land application,12629116.71721895
MX,Food waste for treatment: composting and land application,12437226.813277628
MX,Paper and wood waste for treatment: composting and land application,12667497.060963677
MX,Food waste for treatment: waste water treatment,6468347.124456413
MX,Other waste for treatment: waste water treatment,3702787.563732377
MX,Food waste for treatment: landfill,4858692.868264938
MX,Paper for treatment: landfill,4694342.250888752
MX,Plastic waste for treatment: landfill,6465722.229333746
MX,Inert/metal/hazardous waste for treatment: landfill,4272570.2524118675
MX,Textiles waste for treatment: landfill,12642696.758572703
MX,Wood waste for treatment: landfill,12214833.054398429
MX,Membership organisation services n.e.c. (91),92783.19526374842
MX,"Recreational, cultural and sporting services (92)",52854.723751731006
MX,Other services (93),33074.04579549041
MX,Private households with employed persons (95),0.0
MX,Extra-territorial organizations and bodies,0.0
RU,Paddy rice,2048887.1648597918
RU,Wheat,930853.5091992345
RU,Cereal grains nec,745329.9251542479
RU,"Vegetables, fruit, nuts",142924.98743450342
RU,Oil seeds,739930.2616071794
RU,"Sugar cane, sugar beet",5019237.283084356
RU,Plant-based fibers,53759.85972268021
RU,Crops nec,493908.94305602624
RU,Cattle,991635.3238879733
RU,Pigs,287149.5945364443
RU,Poultry,277470.94435546076
RU,Meat animals nec,3706077.70810876
RU,Animal products nec,333201.36663611577
RU,Raw milk,3038782.201798993
RU,"Wool, silk-worm cocoons",13954.907746287357
RU,Manure (conventional treatment),0.0
RU,Manure (biogas treatment),0.0
RU,"Products of forestry, logging and related services (02)",1311603.468100974
RU,Fish and other fishing products; services incidental of fishing (05),580585.8605715423
RU,Anthracite,3328385.6973091904
RU,Coking Coal,5461605.5729252
RU,Other Bituminous Coal,5534811.609990616
RU,Sub-Bituminous Coal,47703.01467103761
RU,Patent Fuel,371338.502471266
RU,Lignite/Brown Coal,5400911.208843326
RU,BKB/Peat Briquettes,1858951.947535552
RU,Peat,1358045.07857796
RU,"Crude petroleum and services related to crude oil extraction, excluding surveying",493371.16483606433
RU,"Natural gas and services related to natural gas extraction, excluding surveying",2348116.0312642413
RU,Natural Gas Liquids,6402038.033374485
RU,Other Hydrocarbons,269818.2300976621
RU,Uranium and thorium ores (12),5899.344632837601
RU,Iron ores,163401.225840748
RU,Copper ores and concentrates,236368.96289663736
RU,Nickel ores and concentrates,3907389.202625773
RU,Aluminium ores and concentrates,9024331.902874941
RU,Precious metal ores and concentrates,3901239.155787221
RU,"Lead, zinc and tin ores and concentrates",21278.731230924353
RU,Other non-ferrous metal ores and concentrates,14083624.672453795
RU,Stone,1640875.7694843158
RU,Sand and clay,235468.75083413173
RU,"Chemical and fertilizer minerals, salt and other mining and quarrying products n.e.c.",236010.98307229418
RU,Products of meat cattle,176742.8960285901
RU,Products of meat pigs,305034.27477975533
RU,Products of meat poultry,143651.9231939998
RU,Meat products nec,76017.14547111248
RU,products of Vegetable oils and fats,458463.03143556014
RU,Dairy products,86608.90801034993
RU,Processed rice,499780.02049035695
RU,Sugar,709076.0435898438
RU,Food products nec,180228.81233618947
RU,Beverages,74119.08720320655
RU,Fish products,811095.776810742
RU,Tobacco products (16),82256.24598619151
RU,Textiles (17),917312.2741679914
RU,Wearing apparel; furs (18),51678.9599754442
RU,Leather and leather products (19),50587.20195156978
RU,Wood and products of wood and cork (except furniture); articles of straw and plaiting materials (20),2069109.669729398
RU,"Wood material for treatment, Re-processing of secondary wood material into new wood material",0.0
RU,Pulp,274009.72420902917
RU,"Secondary paper for treatment, Re-processing of secondary paper into new pulp",0.0
RU,Paper and paper products,143669.63056320007
RU,Printed matter and recorded media (22),19510.792587717617
RU,Coke Oven Coke,2083283.6396751953
RU,Gas Coke,0.0
RU,Coal Tar,196681.29645705558
RU,Motor Gasoline,353812.7722797777
RU,Aviation Gasoline,277189.7712383345
RU,Gasoline Type Jet Fuel,0.0
RU,Kerosene Type Jet Fuel,447664.03238119883
RU,Kerosene,236035.79606419202
RU,Gas/Diesel Oil,533156.8643087212
RU,Heavy Fuel Oil,597356.6600917937
RU,Refinery Gas,21903.9341477308
RU,Liquefied Petroleum Gases (LPG),1157883.94362733
RU,Refinery Feedstocks,26340.2087425191
RU,Ethane,54121.40258700132
RU,Naphtha,507129.9910919322
RU,White Spirit & SBP,257872.05251417818
RU,Lubricants,489421.4323402301
RU,Bitumen,844177.464404659
RU,Paraffin Waxes,481079.8697506139
RU,Petroleum Coke,431957.5430563606
RU,Non-specified Petroleum Products,326502.11254770035
RU,Nuclear fuel,85229.46578794309
RU,"Plastics, basic",344849.2061050746
RU,"Secondary plastic for treatment, Re-processing of secondary plastic into new plastic",630871.6630956077
RU,N-fertiliser,771556.2306842923
RU,P- and other fertiliser,819312.234917266
RU,Chemicals nec,834125.7076341078
RU,Charcoal,1610971.620378458
RU,Additives/Blending Components,222230.49055596106
RU,Biogasoline,858421.0295717824
RU,Biodiesels,677039.7068856678
RU,Other Liquid Biofuels,696752.240993772
RU,Rubber and plastic products (25),142609.40368651587
RU,Glass and glass products,2501596.4591452572
RU,"Secondary glass for treatment, Re-processing of secondary glass into new glass",0.0
RU,Ceramic goods,1825713.8547058
RU,"Bricks, tiles and construction products, in baked clay",4599175.593682848
RU,"Cement, lime and plaster",1745658.3984382756
RU,"Ash for treatment, Re-processing of ash into clinker",0.0
RU,Other non-metallic mineral products,2087512.5114076447
RU,Basic iron and steel and of ferro-alloys and first products thereof,3375066.154023216
RU,"Secondary steel for treatment, Re-processing of secondary steel into new steel",0.0
RU,Precious metals,249886.32202159625
RU,"Secondary preciuos metals for treatment, Re-processing of secondary preciuos metals into new preciuos metals",0.0
RU,Aluminium and aluminium products,331519.3301840248
RU,"Secondary aluminium for treatment, Re-processing of secondary aluminium into new aluminium",0.0
RU,"Lead, zinc and tin and products thereof",99187.60922202637
RU,"Secondary lead for treatment, Re-processing of secondary lead into new lead",0.0
RU,Copper products,69880.57563440238
RU,"Secondary copper for treatment, Re-processing of secondary copper into new copper",0.0
RU,Other non-ferrous metal products,133633.66775872814
RU,"Secondary other non-ferrous metals for treatment, Re-processing of secondary other non-ferrous metals into new other non-ferrous metals",0.0
RU,Foundry work services,1584169.294843245
RU,"Fabricated metal products, except machinery and equipment (28)",88174.77994088615
RU,Machinery and equipment n.e.c. (29),652956.0141656337
RU,Office machinery and computers (30),101134.34498811643
RU,Electrical machinery and apparatus n.e.c. (31),93228.7583039466
RU,"Radio, television and communication equipment and apparatus (32)",396224.3262279806
RU,"Medical, precision and optical instruments, watches and clocks (33)",762746.3909661733
RU,"Motor vehicles, trailers and semi-trailers (34)",12563.08069574293
RU,Other transport equipment (35),103495.23504638122
RU,Furniture; other manufactured goods n.e.c. (36),125489.22610335906
RU,Secondary raw materials,1104684.2837278077
RU,"Bottles for treatment, Recycling of bottles by direct reuse",84568.17207905011
RU,Electricity by coal,13786679.72986206
RU,Electricity by gas,8561827.189169573
RU,Electricity by nuclear,609.0953216729235
RU,Electricity by hydro,5987.470954126109
RU,Electricity by wind,1239548.5520126582
RU,Electricity by petroleum and other oil derivatives,809465.8957724489
RU,Electricity by biomass and waste,48752977.24690843
RU,Electricity by solar photovoltaic,264148.3789952903
RU,Electricity by solar thermal,84568.17141951766
RU,"Electricity by tide, wave, ocean",84727.69817386963
RU,Electricity by Geothermal,141880.28981792225
RU,Electricity nec,90813.7799853048
RU,Transmission services of electricity,1453.409823548712
RU,Distribution and trade services of electricity,1834.4153148452385
RU,Coke oven gas,3679.81482055024
RU,Blast Furnace Gas,11081.80830747669
RU,Oxygen Steel Furnace Gas,84571.32016822071
RU,Gas Works Gas,85081.3411829382
RU,Biogas,87798.72376410585
RU,Distribution services of gaseous fuels through mains,491225.8862567204
RU,Steam and hot water supply services,1712776.166247123
RU,"Collected and purified water, distribution services of water (41)",567594.7570254968
RU,Construction work (45),245543.08428701974
RU,"Secondary construction material for treatment, Re-processing of secondary construction material into aggregates",0.0
RU,"Sale, maintenance, repair of motor vehicles, motor vehicles parts, motorcycles, motor cycles parts and accessoiries",65552.94990402114
RU,Retail trade services of motor fuel,458645.6012816152
RU,"Wholesale trade and commission trade services, except of motor vehicles and motorcycles (51)",69072.92303042868
RU,"Retail  trade services, except of motor vehicles and motorcycles; repair services of personal and household goods (52)",30085.897798697275
RU,Hotel and restaurant services (55),29368.19455864842
RU,Railway transportation services,378485.2618836158
RU,Other land transportation services,335326.82677236066
RU,Transportation services via pipelines,11088252.417776937
RU,Sea and coastal water transportation services,1274526.385487048
RU,Inland water transportation services,812448.940836424
RU,Air transport services (62),2448507.3764969693
RU,Supporting and auxiliary transport services; travel agency services (63),244772.36255371396
RU,Post and telecommunication services (64),17383.3181103927
RU,"Financial intermediation services, except insurance and pension funding services (65)",6275.653656280166
RU,"Insurance and pension funding services, except compulsory social security services (66)",5547.3347508581555
RU,Services auxiliary to financial intermediation (67),5198.573381813409
RU,Real estate services (70),370940.32892684883
RU,Renting services of machinery and equipment without operator and of personal and household goods (71),133629.89238121244
RU,Computer and related services (72),12785.35401435038
RU,Research and development services (73),23656.03589539165
RU,Other business services (74),51480.99235621989
RU,Public administration and defence services; compulsory social security services (75),64166.7503342894
RU,Education services (80),11553.042885840823
RU,Health and social work services (85),17923.651682693286
RU,Food waste for treatment: incineration,73768150.69019154
RU,Paper waste for treatment: incineration,290158.1810274342
RU,Plastic waste for treatment: incineration,273414.3857581731
RU,Intert/metal waste for treatment: incineration,830513.2322021845
RU,Textiles waste for treatment: incineration,137250.64271335653
RU,Wood waste for treatment: incineration,253041.25329915242
RU,Oil/hazardous waste for treatment: incineration,312079.6261751685
RU,Food waste for treatment: biogasification and land application,98772.09623495447
RU,Paper waste for treatment: biogasification and land application,86275.466451618
RU,Sewage sludge for treatment: biogasification and land application,326539.43254400033
RU,Food waste for treatment: composting and land application,440526.14423331467
RU,Paper and wood waste for treatment: composting and land application,92045.83117323194
RU,Food waste for treatment: waste water treatment,2704371.9954250306
RU,Other waste for treatment: waste water treatment,4770265.384005852
RU,Food waste for treatment: landfill,1844575.3318231096
RU,Paper for treatment: landfill,501053.68343399354
RU,Plastic waste for treatment: landfill,266176.7384127092
RU,Inert/metal/hazardous waste for treatment: landfill,309502.87252447713
RU,Textiles waste for treatment: landfill,238734.6870724203
RU,Wood waste for treatment: landfill,258759.94911701555
RU,Membership organisation services n.e.c. (91),12914.698490521272
RU,"Recreational, cultural and sporting services (92)",15158.041779750642
RU,Other services (93),379861.6686068363
RU,Private households with employed persons (95),0.13540298298995318
RU,Extra-territorial organizations and bodies,0.0
AU,Paddy rice,1526139.7763987603
AU,Wheat,639933.3478906966
AU,Cereal grains nec,437345.0869285883
AU,"Vegetables, fruit, nuts",894678.4662551887
AU,Oil seeds,107450.77189057488
AU,"Sugar cane, sugar beet",456854.9775814018
AU,Plant-based fibers,72944.77741481636
AU,Crops nec,63560.604145827616
AU,Cattle,7655498.915867373
AU,Pigs,249213.79328867877
AU,Poultry,634979.16770615
AU,Meat animals nec,286848.205386065
AU,Animal products nec,153968.18850103568
AU,Raw milk,2140402.364649965
AU,"Wool, silk-worm cocoons",4888145.913848103
AU,Manure (conventional treatment),0.0
AU,Manure (biogas treatment),0.0
AU,"Products of forestry, logging and related services (02)",214179.95599412243
AU,Fish and other fishing products; services incidental of fishing (05),47106.254849582845
AU,Anthracite,453770.7290917339
AU,Coking Coal,453770.94389674696
AU,Other Bituminous Coal,455383.879941382
AU,Sub-Bituminous Coal,453772.1458419541
AU,Patent Fuel,4064133.3108482873
AU,Lignite/Brown Coal,477548.8586536141
AU,BKB/Peat Briquettes,3842925.172833942
AU,Peat,4171444.74393308
AU,"Crude petroleum and services related to crude oil extraction, excluding surveying",681993.6726269197
AU,"Natural gas and services related to natural gas extraction, excluding surveying",1103202.4389867962
AU,Natural Gas Liquids,1277939.8949778366
AU,Other Hydrocarbons,2428942.4943736754
AU,Uranium and thorium ores (12),45871.622253630514
AU,Iron ores,584727.5623002644
AU,Copper ores and concentrates,10310256.138223143
AU,Nickel ores and concentrates,71251.01962875653
AU,Aluminium ores and concentrates,94969.02971700208
AU,Precious metal ores and concentrates,141388.21973295492
AU,"Lead, zinc and tin ores and concentrates",2929037.18250283
AU,Other non-ferrous metal ores and concentrates,157324.9824604916
AU,Stone,236795.01153612623
AU,Sand and clay,200222.30345919554
AU,"Chemical and fertilizer minerals, salt and other mining and quarrying products n.e.c.",188345.67695243735
AU,Products of meat cattle,64153.855362690614
AU,Products of meat pigs,37620.13965029393
AU,Products of meat poultry,80648.48687649354
AU,Meat products nec,137197.60738708038
AU,products of Vegetable oils and fats,136427.7980008784
AU,Dairy products,49816.547813443736
AU,Processed rice,161855.61154491748
AU,Sugar,13404.824566167701
AU,Food products nec,63407.354163816315
AU,Beverages,14342.195356177117
AU,Fish products,28228.64982816195
AU,Tobacco products (16),10761.61590011144
AU,Textiles (17),80025.5991869647
AU,Wearing apparel; furs (18),33651.02648632874
AU,Leather and leather products (19),34974.26983254706
AU,Wood and products of wood and cork (except furniture); articles of straw and plaiting materials (20),89002.70436730543
AU,"Wood material for treatment, Re-processing of secondary wood material into new wood material",243863.84394427305
AU,Pulp,100118.30286507508
AU,"Secondary paper for treatment, Re-processing of secondary paper into new pulp",0.0
AU,Paper and paper products,43222.99228286215
AU,Printed matter and recorded media (22),17562.857388467535
AU,Coke Oven Coke,3737272.1239082436
AU,Gas Coke,0.0
AU,Coal Tar,781720.8985163721
AU,Motor Gasoline,157028.56849863846
AU,Aviation Gasoline,143154.68382660855
AU,Gasoline Type Jet Fuel,0.0
AU,Kerosene Type Jet Fuel,23424.02403581754
AU,Kerosene,139288.5304180555
AU,Gas/Diesel Oil,172472.54463535987
AU,Heavy Fuel Oil,145510.18140222563
AU,Refinery Gas,143542.417591338
AU,Liquefied Petroleum Gases (LPG),162319.3428619649
AU,Refinery Feedstocks,139647.19744910306
AU,Ethane,143549.757814634
AU,Naphtha,0.0
AU,White Spirit & SBP,0.0
AU,Lubricants,0.0
AU,Bitumen,0.0
AU,Paraffin Waxes,0.0
AU,Petroleum Coke,143138.5496969109
AU,Non-specified Petroleum Products,146912.7335776722
AU,Nuclear fuel,0.06700903056391494
AU,"Plastics, basic",383761.63921937405
AU,"Secondary plastic for treatment, Re-processing of secondary plastic into new plastic",0.0
AU,N-fertiliser,128708.1956217163
AU,P- and other fertiliser,882747.8239822732
AU,Chemicals nec,54190.40684150777
AU,Charcoal,145381.26022812928
AU,Additives/Blending Components,147179.72728860626
AU,Biogasoline,80693.2286987422
AU,Biodiesels,128511.68654375215
AU,Other Liquid Biofuels,147413.831859823
AU,Rubber and plastic products (25),38585.4932875994
AU,Glass and glass products,847550.0151639725
AU,"Secondary glass for treatment, Re-processing of secondary glass into new glass",0.0
AU,Ceramic goods,806110.4089594813
AU,"Bricks, tiles and construction products, in baked clay",95570.74650593505
AU,"Cement, lime and plaster",491794.6928997623
AU,"Ash for treatment, Re-processing of ash into clinker",0.0
AU,Other non-metallic mineral products,157534.521283877
AU,Basic iron and steel and of ferro-alloys and first products thereof,117244.43469915481
AU,"Secondary steel for treatment, Re-processing of secondary steel into new steel",0.0
AU,Precious metals,47055.95181705297
AU,"Secondary preciuos metals for treatment, Re-processing of secondary preciuos metals into new preciuos metals",0.0
AU,Aluminium and aluminium products,1026305.3202026978
AU,"Secondary aluminium for treatment, Re-processing of secondary aluminium into new aluminium",0.0
AU,"Lead, zinc and tin and products thereof",977459.984972732
AU,"Secondary lead for treatment, Re-processing of secondary lead into new lead",0.0
AU,Copper products,212159.8122908026
AU,"Secondary copper for treatment, Re-processing of secondary copper into new copper",0.0
AU,Other non-ferrous metal products,544287.1855610406
AU,"Secondary other non-ferrous metals for treatment, Re-processing of secondary other non-ferrous metals into new other non-ferrous metals",0.0
AU,Foundry work services,2073606.9195017247
AU,"Fabricated metal products, except machinery and equipment (28)",40785.0417502468
AU,Machinery and equipment n.e.c. (29),15150.742413496491
AU,Office machinery and computers (30),16273.36154178758
AU,Electrical machinery and apparatus n.e.c. (31),16555.74325801909
AU,"Radio, television and communication equipment and apparatus (32)",44189.76810211569
AU,"Medical, precision and optical instruments, watches and clocks (33)",80435.08472508313
AU,"Motor vehicles, trailers and semi-trailers (34)",54812.68077574023
AU,Other transport equipment (35),65904.14231827154
AU,Furniture; other manufactured goods n.e.c. (36),46802.10785817461
AU,Secondary raw materials,588317.3602443503
AU,"Bottles for treatment, Recycling of bottles by direct reuse",0.0
AU,Electricity by coal,12429711.464748655
AU,Electricity by gas,3066870.2047821437
AU,Electricity by nuclear,25803.06651697361
AU,Electricity by hydro,8611.260127663423
AU,Electricity by wind,84154.55228324229
AU,Electricity by petroleum and other oil derivatives,2461575.402795131
AU,Electricity by biomass and waste,95927.07907246205
AU,Electricity by solar photovoltaic,6373.212793728877
AU,Electricity by solar thermal,10546.292799367782
AU,"Electricity by tide, wave, ocean",10372.515886117493
AU,Electricity by Geothermal,147353.06881563988
AU,Electricity nec,1371410.7304775189
AU,Transmission services of electricity,210233.91257750607
AU,Distribution and trade services of electricity,32090.435489625568
AU,Coke oven gas,49723.035591865206
AU,Blast Furnace Gas,359998.9524306171
AU,Oxygen Steel Furnace Gas,147237.54865791107
AU,Gas Works Gas,147157.7703279059
AU,Biogas,65410.77245611257
AU,Distribution services of gaseous fuels through mains,176373.33974238363
AU,Steam and hot water supply services,12550.506442085718
AU,"Collected and purified water, distribution services of water (41)",4321.796329529948
AU,Construction work (45),38913.51411208314
AU,"Secondary construction material for treatment, Re-processing of secondary construction material into aggregates",0.0
AU,"Sale, maintenance, repair of motor vehicles, motor vehicles parts, motorcycles, motor cycles parts and accessoiries",19421.141956120002
AU,Retail trade services of motor fuel,2266.994716415408
AU,"Wholesale trade and commission trade services, except of motor vehicles and motorcycles (51)",28762.082717103778
AU,"Retail  trade services, except of motor vehicles and motorcycles; repair services of personal and household goods (52)",24033.635230142234
AU,Hotel and restaurant services (55),15321.714377628861
AU,Railway transportation services,535045.6049134022
AU,Other land transportation services,98402.65052705804
AU,Transportation services via pipelines,632158.4721723801
AU,Sea and coastal water transportation services,228380.10838402502
AU,Inland water transportation services,155870.91981512264
AU,Air transport services (62),830545.2323759047
AU,Supporting and auxiliary transport services; travel agency services (63),46260.03735295694
AU,Post and telecommunication services (64),26516.795448621895
AU,"Financial intermediation services, except insurance and pension funding services (65)",2502.7445667362285
AU,"Insurance and pension funding services, except compulsory social security services (66)",3663.3659874740497
AU,Services auxiliary to financial intermediation (67),5435.702119573027
AU,Real estate services (70),6458.395573783407
AU,Renting services of machinery and equipment without operator and of personal and household goods (71),49327.93226703936
AU,Computer and related services (72),12196.793809823781
AU,Research and development services (73),11459.351839628165
AU,Other business services (74),10476.552802355114
AU,Public administration and defence services; compulsory social security services (75),10381.843475558706
AU,Education services (80),10316.617901380918
AU,Health and social work services (85),5804.183832376616
AU,Food waste for treatment: incineration,118755.42761831915
AU,Paper waste for treatment: incineration,119674.47714394917
AU,Plastic waste for treatment: incineration,120486.99490000775
AU,Intert/metal waste for treatment: incineration,132616.16951096698
AU,Textiles waste for treatment: incineration,87400.73948685442
AU,Wood waste for treatment: incineration,25312.29460111935
AU,Oil/hazardous waste for treatment: incineration,70935.29448176165
AU,Food waste for treatment: biogasification and land application,32995.90982359977
AU,Paper waste for treatment: biogasification and land application,60910.29575659543
AU,Sewage sludge for treatment: biogasification and land application,86528.71982523463
AU,Food waste for treatment: composting and land application,237960.12660189008
AU,Paper and wood waste for treatment: composting and land application,55016.222864390795
AU,Food waste for treatment: waste water treatment,64090.92706466578
AU,Other waste for treatment: waste water treatment,4690209.48169119
AU,Food waste for treatment: landfill,244703.72489436175
AU,Paper for treatment: landfill,122403.35701180979
AU,Plastic waste for treatment: landfill,180241.4287953278
AU,Inert/metal/hazardous waste for treatment: landfill,84410.58778450808
AU,Textiles waste for treatment: landfill,103633.3730013521
AU,Wood waste for treatment: landfill,127489.4340639771
AU,Membership organisation services n.e.c. (91),5181.73656159831
AU,"Recreational, cultural and sporting services (92)",5690.839987831645
AU,Other services (93),19656.247323376167
AU,Private households with employed persons (95),0.0
AU,Extra-territorial organizations and bodies,0.0
CH,Paddy rice,9818.702952630236
CH,Wheat,178439.60123433336
CH,Cereal grains nec,624746.5919885417
CH,"Vegetables, fruit, nuts",25551.63319282937
CH,Oil seeds,213684.71347932817
CH,"Sugar cane, sugar beet",45213.05208833227
CH,Plant-based fibers,15883.148391083214
CH,Crops nec,50924.53844501133
CH,Cattle,484983.600084555
CH,Pigs,93207.55012860279
CH,Poultry,33214.47658510552
CH,Meat animals nec,423918.8397853848
CH,Animal products nec,286925.5016698601
CH,Raw milk,845586.2432234567
CH,"Wool, silk-worm cocoons",1117387.526070694
CH,Manure (conventional treatment),9433.37561884884
CH,Manure (biogas treatment),9433.375620113984
CH,"Products of forestry, logging and related services (02)",42779.39280937893
CH,Fish and other fishing products; services incidental of fishing (05),102226.09246693298
CH,Anthracite,0.0
CH,Coking Coal,0.0
CH,Other Bituminous Coal,0.0
CH,Sub-Bituminous Coal,0.0
CH,Patent Fuel,0.0
CH,Lignite/Brown Coal,0.0
CH,BKB/Peat Briquettes,0.0
CH,Peat,0.0
CH,"Crude petroleum and services related to crude oil extraction, excluding surveying",0.0
CH,"Natural gas and services related to natural gas extraction, excluding surveying",4141975.577885987
CH,Natural Gas Liquids,0.0
CH,Other Hydrocarbons,0.0
CH,Uranium and thorium ores (12),0.0
CH,Iron ores,0.0
CH,Copper ores and concentrates,0.0
CH,Nickel ores and concentrates,0.0
CH,Aluminium ores and concentrates,0.0
CH,Precious metal ores and concentrates,0.0
CH,"Lead, zinc and tin ores and concentrates",0.0
CH,Other non-ferrous metal ores and concentrates,0.0
CH,Stone,53577.02932546508
CH,Sand and clay,184014.0097817964
CH,"Chemical and fertilizer minerals, salt and other mining and quarrying products n.e.c.",6207.059660215501
CH,Products of meat cattle,3880.7761737867745
CH,Products of meat pigs,4269.062610449601
CH,Products of meat poultry,6551.071277068335
CH,Meat products nec,14747.970859233086
CH,products of Vegetable oils and fats,828568.247603793
CH,Dairy products,7438.229130115616
CH,Processed rice,27109.43421306345
CH,Sugar,15140.483002214527
CH,Food products nec,13472.389499217368
CH,Beverages,32704.551565558737
CH,Fish products,148505.61615132913
CH,Tobacco products (16),31957.43352603015
CH,Textiles (17),24562.174767614404
CH,Wearing apparel; furs (18),6567.885413278025
CH,Leather and leather products (19),169481.61780583856
CH,Wood and products of wood and cork (except furniture); articles of straw and plaiting materials (20),31888.00836824762
CH,"Wood material for treatment, Re-processing of secondary wood material into new wood material",0.0
CH,Pulp,26647.056268779994
CH,"Secondary paper for treatment, Re-processing of secondary paper into new pulp",0.0
CH,Paper and paper products,30472.405304046664
CH,Printed matter and recorded media (22),5268.6761552355165
CH,Coke Oven Coke,112718.15817687505
CH,Gas Coke,0.0
CH,Coal Tar,1953385.0897376374
CH,Motor Gasoline,42709.91056022648
CH,Aviation Gasoline,79466.86333535824
CH,Gasoline Type Jet Fuel,0.0
CH,Kerosene Type Jet Fuel,78820.91498935183
CH,Kerosene,341964.5881487328
CH,Gas/Diesel Oil,43841.098090123276
CH,Heavy Fuel Oil,86000.62472133715
CH,Refinery Gas,37562.72433345853
CH,Liquefied Petroleum Gases (LPG),62993.67018605514
CH,Refinery Feedstocks,339405.387695119
CH,Ethane,1261446.7198492484
CH,Naphtha,480085.7035042379
CH,White Spirit & SBP,307538.9145633389
CH,Lubricants,28045.541331587854
CH,Bitumen,876758.5126274591
CH,Paraffin Waxes,700562.2503875399
CH,Petroleum Coke,567687.8394451031
CH,Non-specified Petroleum Products,73742.30393167409
CH,Nuclear fuel,32276.97916371937
CH,"Plastics, basic",21033.066624243016
CH,"Secondary plastic for treatment, Re-processing of secondary plastic into new plastic",0.0
CH,N-fertiliser,9622.659515915053
CH,P- and other fertiliser,9502.427994153351
CH,Chemicals nec,12714.23331892794
CH,Charcoal,1391157.6799447825
CH,Additives/Blending Components,412821.2156067057
CH,Biogasoline,1226772.5257663333
CH,Biodiesels,65843.09163585835
CH,Other Liquid Biofuels,512691.9326092984
CH,Rubber and plastic products (25),13387.602838623807
CH,Glass and glass products,120845.0334652242
CH,"Secondary glass for treatment, Re-processing of secondary glass into new glass",0.0
CH,Ceramic goods,116995.75761003573
CH,"Bricks, tiles and construction products, in baked clay",40044.33137902405
CH,"Cement, lime and plaster",885415.8360664366
CH,"Ash for treatment, Re-processing of ash into clinker",0.0
CH,Other non-metallic mineral products,147332.94802870924
CH,Basic iron and steel and of ferro-alloys and first products thereof,58522.76997705696
CH,"Secondary steel for treatment, Re-processing of secondary steel into new steel",0.0
CH,Precious metals,7635.636012839399
CH,"Secondary preciuos metals for treatment, Re-processing of secondary preciuos metals into new preciuos metals",0.0
CH,Aluminium and aluminium products,12343.637620725754
CH,"Secondary aluminium for treatment, Re-processing of secondary aluminium into new aluminium",0.0
CH,"Lead, zinc and tin and products thereof",13454.10584298812
CH,"Secondary lead for treatment, Re-processing of secondary lead into new lead",0.0
CH,Copper products,15506.70707480996
CH,"Secondary copper for treatment, Re-processing of secondary copper into new copper",0.0
CH,Other non-ferrous metal products,14253.758907899382
CH,"Secondary other non-ferrous metals for treatment, Re-processing of secondary other non-ferrous metals into new other non-ferrous metals",0.0
CH,Foundry work services,2290450.2763594054
CH,"Fabricated metal products, except machinery and equipment (28)",7892.1093908637395
CH,Machinery and equipment n.e.c. (29),14749.492295540764
CH,Office machinery and computers (30),21440.45678290333
CH,Electrical machinery and apparatus n.e.c. (31),926583.8288199905
CH,"Radio, television and communication equipment and apparatus (32)",1070921.141821841
CH,"Medical, precision and optical instruments, watches and clocks (33)",15821.883920508633
CH,"Motor vehicles, trailers and semi-trailers (34)",2521.172450955864
CH,Other transport equipment (35),49907.22285078535
CH,Furniture; other manufactured goods n.e.c. (36),22300.316298912945
CH,Secondary raw materials,47965.30296337789
CH,"Bottles for treatment, Recycling of bottles by direct reuse",0.0
CH,Electricity by coal,67810.29457847608
CH,Electricity by gas,723033.3393776311
CH,Electricity by nuclear,2241.7426343169936
CH,Electricity by hydro,10159.83752391298
CH,Electricity by wind,93560.70223141521
CH,Electricity by petroleum and other oil derivatives,464379.75959800126
CH,Electricity by biomass and waste,23801.42556415529
CH,Electricity by solar photovoltaic,9086.977803321946
CH,Electricity by solar thermal,4469824.435780171
CH,"Electricity by tide, wave, ocean",30766.47625613546
CH,Electricity by Geothermal,38175.2226820294
CH,Electricity nec,582424.8678032879
CH,Transmission services of electricity,5008.875070667061
CH,Distribution and trade services of electricity,2729.1819641226434
CH,Coke oven gas,597899.2490870914
CH,Blast Furnace Gas,492464.37956815277
CH,Oxygen Steel Furnace Gas,159916.6114676811
CH,Gas Works Gas,661759.5613141941
CH,Biogas,14316.744929000179
CH,Distribution services of gaseous fuels through mains,25871.34984912173
CH,Steam and hot water supply services,806136.0131861246
CH,"Collected and purified water, distribution services of water (41)",30501.677487808316
CH,Construction work (45),10217.388405953881
CH,"Secondary construction material for treatment, Re-processing of secondary construction material into aggregates",0.0
CH,"Sale, maintenance, repair of motor vehicles, motor vehicles parts, motorcycles, motor cycles parts and accessoiries",11071.08285900184
CH,Retail trade services of motor fuel,326949.9137036045
CH,"Wholesale trade and commission trade services, except of motor vehicles and motorcycles (51)",47115.24275026215
CH,"Retail  trade services, except of motor vehicles and motorcycles; repair services of personal and household goods (52)",9507.938773257696
CH,Hotel and restaurant services (55),11666.632298351497
CH,Railway transportation services,28429.536197921076
CH,Other land transportation services,209732.10931944026
CH,Transportation services via pipelines,25574.42163084744
CH,Sea and coastal water transportation services,1113687.5632869522
CH,Inland water transportation services,275494.2050451758
CH,Air transport services (62),365656.1902401358
CH,Supporting and auxiliary transport services; travel agency services (63),23804.455062815738
CH,Post and telecommunication services (64),10440.77489985209
CH,"Financial intermediation services, except insurance and pension funding services (65)",9775.243377741877
CH,"Insurance and pension funding services, except compulsory social security services (66)",6152.855090110404
CH,Services auxiliary to financial intermediation (67),13091.027829563962
CH,Real estate services (70),8527.400709715585
CH,Renting services of machinery and equipment without operator and of personal and household goods (71),26530.89585162547
CH,Computer and related services (72),7472.747441691554
CH,Research and development services (73),10434.847825314248
CH,Other business services (74),7366.155804258471
CH,Public administration and defence services; compulsory social security services (75),14889.43057500852
CH,Education services (80),8996.967533095556
CH,Health and social work services (85),3316.3913015189205
CH,Food waste for treatment: incineration,10120.72212560998
CH,Paper waste for treatment: incineration,684465.3962894026
CH,Plastic waste for treatment: incineration,45826.92454098244
CH,Intert/metal waste for treatment: incineration,28645.808170463693
CH,Textiles waste for treatment: incineration,41723.611550108
CH,Wood waste for treatment: incineration,43984.33553469699
CH,Oil/hazardous waste for treatment: incineration,107366.50998941762
CH,Food waste for treatment: biogasification and land application,61698.66772401289
CH,Paper waste for treatment: biogasification and land application,4808.515505790363
CH,Sewage sludge for treatment: biogasification and land application,346210.43768211105
CH,Food waste for treatment: composting and land application,27669.21997344317
CH,Paper and wood waste for treatment: composting and land application,120353.87036429516
CH,Food waste for treatment: waste water treatment,44495.20939558017
CH,Other waste for treatment: waste water treatment,44141.54478056339
CH,Food waste for treatment: landfill,49955.55991007777
CH,Paper for treatment: landfill,46823.52210521129
CH,Plastic waste for treatment: landfill,7281.271069472907
CH,Inert/metal/hazardous waste for treatment: landfill,2061.041816276494
CH,Textiles waste for treatment: landfill,164493.58603284857
CH,Wood waste for treatment: landfill,4336.9766348400035
CH,Membership organisation services n.e.c. (91),8256.15978548479
CH,"Recreational, cultural and sporting services (92)",12916.798089633614
CH,Other services (93),9953.148628697098
CH,Private households with employed persons (95),17.93032057316289
CH,Extra-territorial organizations and bodies,0.0
TR,Paddy rice,2558793.7985080914
TR,Wheat,2163267.358918395
TR,Cereal grains nec,602426.4652253962
TR,"Vegetables, fruit, nuts",473738.2401905265
TR,Oil seeds,290762.06308464287
TR,"Sugar cane, sugar beet",304321.2879687151
TR,Plant-based fibers,260067.5174315018
TR,Crops nec,297201.24022200523
TR,Cattle,1868817.9532724572
TR,Pigs,1696467.4719417684
TR,Poultry,1005406.6772077406
TR,Meat animals nec,2269990.853983533
TR,Animal products nec,26193.8953941995
TR,Raw milk,3699769.5716024702
TR,"Wool, silk-worm cocoons",31779.25136763767
TR,Manure (conventional treatment),0.0
TR,Manure (biogas treatment),0.0
TR,"Products of forestry, logging and related services (02)",322858.2077270495
TR,Fish and other fishing products; services incidental of fishing (05),345462.23558493005
TR,Anthracite,0.0
TR,Coking Coal,2320866.4470075336
TR,Other Bituminous Coal,2320864.167364887
TR,Sub-Bituminous Coal,2320864.709927429
TR,Patent Fuel,0.0
TR,Lignite/Brown Coal,2320867.384980314
TR,BKB/Peat Briquettes,0.0
TR,Peat,0.0
TR,"Crude petroleum and services related to crude oil extraction, excluding surveying",1219453.6513626922
TR,"Natural gas and services related to natural gas extraction, excluding surveying",708412.6131314443
TR,Natural Gas Liquids,0.0
TR,Other Hydrocarbons,293079.55504622124
TR,Uranium and thorium ores (12),111186.71184011438
TR,Iron ores,297288.543196328
TR,Copper ores and concentrates,34514.18062098158
TR,Nickel ores and concentrates,103101.55946601319
TR,Aluminium ores and concentrates,154246.0273553171
TR,Precious metal ores and concentrates,48344.8850659651
TR,"Lead, zinc and tin ores and concentrates",55698.719546746135
TR,Other non-ferrous metal ores and concentrates,118227.66830768116
TR,Stone,376705.16990317043
TR,Sand and clay,1217136.21932084
TR,"Chemical and fertilizer minerals, salt and other mining and quarrying products n.e.c.",201125.28482410728
TR,Products of meat cattle,27622.976666125083
TR,Products of meat pigs,68229.79805696501
TR,Products of meat poultry,19995.688595617816
TR,Meat products nec,49041.749320020186
TR,products of Vegetable oils and fats,189389.9038818765
TR,Dairy products,160769.64969770968
TR,Processed rice,1677391.0921121961
TR,Sugar,51686.213288454484
TR,Food products nec,185478.15989337786
TR,Beverages,328684.3630598104
TR,Fish products,17271.608687113763
TR,Tobacco products (16),8373.47266031743
TR,Textiles (17),92803.04232992929
TR,Wearing apparel; furs (18),50800.187646997285
TR,Leather and leather products (19),136437.9033882189
TR,Wood and products of wood and cork (except furniture); articles of straw and plaiting materials (20),283558.61596241145
TR,"Wood material for treatment, Re-processing of secondary wood material into new wood material",0.0
TR,Pulp,90769.25452684706
TR,"Secondary paper for treatment, Re-processing of secondary paper into new pulp",0.0
TR,Paper and paper products,102325.47998914459
TR,Printed matter and recorded media (22),23223.512089452517
TR,Coke Oven Coke,31792510.658762917
TR,Gas Coke,0.0
TR,Coal Tar,254852.531846023
TR,Motor Gasoline,684465.342377411
TR,Aviation Gasoline,341288.2682500431
TR,Gasoline Type Jet Fuel,63386.62066459918
TR,Kerosene Type Jet Fuel,686729.894402112
TR,Kerosene,248090.333248065
TR,Gas/Diesel Oil,691214.5075254866
TR,Heavy Fuel Oil,679375.7191477034
TR,Refinery Gas,686246.5382349972
TR,Liquefied Petroleum Gases (LPG),652867.8068695911
TR,Refinery Feedstocks,695078.3290852257
TR,Ethane,63386.630926960104
TR,Naphtha,350351.0106873244
TR,White Spirit & SBP,301717.04336671624
TR,Lubricants,533206.5383289257
TR,Bitumen,699557.4532682925
TR,Paraffin Waxes,63383.35823631417
TR,Petroleum Coke,551908.5254347305
TR,Non-specified Petroleum Products,660029.7468622074
TR,Nuclear fuel,63272.0509577061
TR,"Plastics, basic",523021.73999955115
TR,"Secondary plastic for treatment, Re-processing of secondary plastic into new plastic",0.0
TR,N-fertiliser,1476184.8258430643
TR,P- and other fertiliser,1210655.6216932246
TR,Chemicals nec,120668.58460034349
TR,Charcoal,772179.7620905233
TR,Additives/Blending Components,1438750.511332298
TR,Biogasoline,55421.84720130282
TR,Biodiesels,119737.37966239675
TR,Other Liquid Biofuels,83467.53569472095
TR,Rubber and plastic products (25),71837.46997593073
TR,Glass and glass products,338467.16589523206
TR,"Secondary glass for treatment, Re-processing of secondary glass into new glass",988241.9944258828
TR,Ceramic goods,530700.463710386
TR,"Bricks, tiles and construction products, in baked clay",12033169.924147828
TR,"Cement, lime and plaster",10094732.694852283
TR,"Ash for treatment, Re-processing of ash into clinker",988241.9953734627
TR,Other non-metallic mineral products,805749.3869603322
TR,Basic iron and steel and of ferro-alloys and first products thereof,309999.9989283755
TR,"Secondary steel for treatment, Re-processing of secondary steel into new steel",997454.6998475597
TR,Precious metals,119700.50184493096
TR,"Secondary preciuos metals for treatment, Re-processing of secondary preciuos metals into new preciuos metals",0.0
TR,Aluminium and aluminium products,162398.68689397725
TR,"Secondary aluminium for treatment, Re-processing of secondary aluminium into new aluminium",0.0
TR,"Lead, zinc and tin and products thereof",880295.6067849594
TR,"Secondary lead for treatment, Re-processing of secondary lead into new lead",0.0
TR,Copper products,27355.20049819583
TR,"Secondary copper for treatment, Re-processing of secondary copper into new copper",0.0
TR,Other non-ferrous metal products,115608.02885160269
TR,"Secondary other non-ferrous metals for treatment, Re-processing of secondary other non-ferrous metals into new other non-ferrous metals",997454.700301809
TR,Foundry work services,2080430.8990116639
TR,"Fabricated metal products, except machinery and equipment (28)",30629.73427566436
TR,Machinery and equipment n.e.c. (29),33239.24483515235
TR,Office machinery and computers (30),56154.1624721214
TR,Electrical machinery and apparatus n.e.c. (31),29483.08528031575
TR,"Radio, television and communication equipment and apparatus (32)",17458.645930759467
TR,"Medical, precision and optical instruments, watches and clocks (33)",34611.09530235357
TR,"Motor vehicles, trailers and semi-trailers (34)",31028.047256614307
TR,Other transport equipment (35),18140.967508630536
TR,Furniture; other manufactured goods n.e.c. (36),117082.95711138603
TR,Secondary raw materials,723847.6705759708
TR,"Bottles for treatment, Recycling of bottles by direct reuse",993975.1740500273
TR,Electricity by coal,18290522.95245742
TR,Electricity by gas,5776296.145520594
TR,Electricity by nuclear,504729.96006092936
TR,Electricity by hydro,2049.708050916442
TR,Electricity by wind,480.73762314168283
TR,Electricity by petroleum and other oil derivatives,2209129.4696473954
TR,Electricity by biomass and waste,188080.3847166111
TR,Electricity by solar photovoltaic,3875.50698663243
TR,Electricity by solar thermal,1156809.0346885168
TR,"Electricity by tide, wave, ocean",1154426.8528341793
TR,Electricity by Geothermal,2561.20901710579
TR,Electricity nec,8337.142164635196
TR,Transmission services of electricity,2035.9098201689994
TR,Distribution and trade services of electricity,1425.6424726023301
TR,Coke oven gas,6151549.478236477
TR,Blast Furnace Gas,3565292.320048721
TR,Oxygen Steel Furnace Gas,866444.610810359
TR,Gas Works Gas,637905.2258566521
TR,Biogas,4707573.857437057
TR,Distribution services of gaseous fuels through mains,2157821.730258362
TR,Steam and hot water supply services,708117.4802395491
TR,"Collected and purified water, distribution services of water (41)",1612373.9899079136
TR,Construction work (45),109599.69342820051
TR,"Secondary construction material for treatment, Re-processing of secondary construction material into aggregates",0.0
TR,"Sale, maintenance, repair of motor vehicles, motor vehicles parts, motorcycles, motor cycles parts and accessoiries",68272.41189881758
TR,Retail trade services of motor fuel,38478.79962827369
TR,"Wholesale trade and commission trade services, except of motor vehicles and motorcycles (51)",72106.1170050703
TR,"Retail  trade services, except of motor vehicles and motorcycles; repair services of personal and household goods (52)",50701.05771758468
TR,Hotel and restaurant services (55),39201.71395483502
TR,Railway transportation services,980752.3206625315
TR,Other land transportation services,109863.62156386711
TR,Transportation services via pipelines,855429.4303267886
TR,Sea and coastal water transportation services,2154904.489670013
TR,Inland water transportation services,219009.8506853715
TR,Air transport services (62),1129481.426453849
TR,Supporting and auxiliary transport services; travel agency services (63),64436.516176382494
TR,Post and telecommunication services (64),26548.731463948192
TR,"Financial intermediation services, except insurance and pension funding services (65)",7144.831106110816
TR,"Insurance and pension funding services, except compulsory social security services (66)",16474.236081634157
TR,Services auxiliary to financial intermediation (67),5930.988817200255
TR,Real estate services (70),84594.15766753956
TR,Renting services of machinery and equipment without operator and of personal and household goods (71),43549.71658892613
TR,Computer and related services (72),11119.353345932244
TR,Research and development services (73),97613.30465700125
TR,Other business services (74),31556.839392981863
TR,Public administration and defence services; compulsory social security services (75),45026.17594715921
TR,Education services (80),8662.766526981059
TR,Health and social work services (85),48279.35599242275
TR,Food waste for treatment: incineration,993654.3991744713
TR,Paper waste for treatment: incineration,993527.9080496612
TR,Plastic waste for treatment: incineration,993448.9015036421
TR,Intert/metal waste for treatment: incineration,1126194.140389793
TR,Textiles waste for treatment: incineration,993853.1363013543
TR,Wood waste for treatment: incineration,993814.1952776724
TR,Oil/hazardous waste for treatment: incineration,993854.8962998484
TR,Food waste for treatment: biogasification and land application,992489.4076946436
TR,Paper waste for treatment: biogasification and land application,993831.894147818
TR,Sewage sludge for treatment: biogasification and land application,992055.6701516447
TR,Food waste for treatment: composting and land application,686568.6487633771
TR,Paper and wood waste for treatment: composting and land application,993401.2416570232
TR,Food waste for treatment: waste water treatment,1197745.9853212642
TR,Other waste for treatment: waste water treatment,645136.9776531181
TR,Food waste for treatment: landfill,629424.1164261961
TR,Paper for treatment: landfill,600743.4837058287
TR,Plastic waste for treatment: landfill,993292.32072094
TR,Inert/metal/hazardous waste for treatment: landfill,1282187.2388375453
TR,Textiles waste for treatment: landfill,993565.9243754601
TR,Wood waste for treatment: landfill,993480.2082050416
TR,Membership organisation services n.e.c. (91),18792.944570589596
TR,"Recreational, cultural and sporting services (92)",39267.02706046943
TR,Other services (93),65373.03087024914
TR,Private households with employed persons (95),239.39393156288727
TR,Extra-territorial organizations and bodies,0.0
TW,Paddy rice,2718799.0740106194
TW,Wheat,72522.65683855944
TW,Cereal grains nec,111952.09263161132
TW,"Vegetables, fruit, nuts",243391.25802654552
TW,Oil seeds,547430.1289072294
TW,"Sugar cane, sugar beet",756437.9031083375
TW,Plant-based fibers,6118177.81911777
TW,Crops nec,151438.06445637756
TW,Cattle,42750883.096845515
TW,Pigs,336497.1579555557
TW,Poultry,31611.600165344513
TW,Meat animals nec,105475.97866298373
TW,Animal products nec,70566.49478381404
TW,Raw milk,2373953.4468652443
TW,"Wool, silk-worm cocoons",382177162.7965772
TW,Manure (conventional treatment),0.0
TW,Manure (biogas treatment),0.0
TW,"Products of forestry, logging and related services (02)",81265.27767599687
TW,Fish and other fishing products; services incidental of fishing (05),1252147.770686655
TW,Anthracite,0.0
TW,Coking Coal,1329826.3776534451
TW,Other Bituminous Coal,1828139.5384285909
TW,Sub-Bituminous Coal,1606908.0382443133
TW,Patent Fuel,0.0
TW,Lignite/Brown Coal,0.0
TW,BKB/Peat Briquettes,0.0
TW,Peat,0.0
TW,"Crude petroleum and services related to crude oil extraction, excluding surveying",3456326.8134931605
TW,"Natural gas and services related to natural gas extraction, excluding surveying",2743750.235923667
TW,Natural Gas Liquids,0.0
TW,Other Hydrocarbons,0.0
TW,Uranium and thorium ores (12),0.0
TW,Iron ores,6388.466021267513
TW,Copper ores and concentrates,2935.8450910992424
TW,Nickel ores and concentrates,0.0
TW,Aluminium ores and concentrates,1850.1883551884407
TW,Precious metal ores and concentrates,1967.422081852686
TW,"Lead, zinc and tin ores and concentrates",2173.684707247558
TW,Other non-ferrous metal ores and concentrates,50703.0225038425
TW,Stone,2745726.49056093
TW,Sand and clay,3138536.3752755453
TW,"Chemical and fertilizer minerals, salt and other mining and quarrying products n.e.c.",47730.97795982776
TW,Products of meat cattle,113287.13298699397
TW,Products of meat pigs,10809.354336932729
TW,Products of meat poultry,4348.108374295116
TW,Meat products nec,117803.15372046837
TW,products of Vegetable oils and fats,269053.82521348173
TW,Dairy products,13906.854863258022
TW,Processed rice,56815.429104809715
TW,Sugar,5048.69752692099
TW,Food products nec,13633.008941335618
TW,Beverages,42389.459368333715
TW,Fish products,109408.31885007724
TW,Tobacco products (16),3537.9916480717466
TW,Textiles (17),133706.5758985684
TW,Wearing apparel; furs (18),5521.5767816886555
TW,Leather and leather products (19),11993.24587435347
TW,Wood and products of wood and cork (except furniture); articles of straw and plaiting materials (20),64129.318473687475
TW,"Wood material for treatment, Re-processing of secondary wood material into new wood material",0.0
TW,Pulp,1619754.345465766
TW,"Secondary paper for treatment, Re-processing of secondary paper into new pulp",0.0
TW,Paper and paper products,351264.8280554295
TW,Printed matter and recorded media (22),6996.487269251292
TW,Coke Oven Coke,7946125.40494181
TW,Gas Coke,0.0
TW,Coal Tar,0.0
TW,Motor Gasoline,288067.09597073484
TW,Aviation Gasoline,288055.48775097774
TW,Gasoline Type Jet Fuel,0.0
TW,Kerosene Type Jet Fuel,288067.7147873523
TW,Kerosene,287500.45646883233
TW,Gas/Diesel Oil,288067.860495829
TW,Heavy Fuel Oil,288066.63480637147
TW,Refinery Gas,288064.6684430442
TW,Liquefied Petroleum Gases (LPG),288045.7848341702
TW,Refinery Feedstocks,288068.43507074274
TW,Ethane,0.0
TW,Naphtha,288068.50833914016
TW,White Spirit & SBP,288062.95206146827
TW,Lubricants,288009.7535301567
TW,Bitumen,288064.1658058675
TW,Paraffin Waxes,279728.6488837158
TW,Petroleum Coke,288061.98988408456
TW,Non-specified Petroleum Products,288014.6993074896
TW,Nuclear fuel,8007.489766781423
TW,"Plastics, basic",597381.8942675522
TW,"Secondary plastic for treatment, Re-processing of secondary plastic into new plastic",0.0
TW,N-fertiliser,572613184.8418335
TW,P- and other fertiliser,303048.54261700483
TW,Chemicals nec,143726.0516658805
TW,Charcoal,0.0
TW,Additives/Blending Components,143726.02906310285
TW,Biogasoline,143726.1735658129
TW,Biodiesels,0.0
TW,Other Liquid Biofuels,0.0
TW,Rubber and plastic products (25),200850.53447992328
TW,Glass and glass products,142680.83833665206
TW,"Secondary glass for treatment, Re-processing of secondary glass into new glass",0.0
TW,Ceramic goods,129018.496813795
TW,"Bricks, tiles and construction products, in baked clay",30067.28438808689
TW,"Cement, lime and plaster",3653904.749862709
TW,"Ash for treatment, Re-processing of ash into clinker",0.0
TW,Other non-metallic mineral products,246040.0905280898
TW,Basic iron and steel and of ferro-alloys and first products thereof,407045.32403739996
TW,"Secondary steel for treatment, Re-processing of secondary steel into new steel",0.0
TW,Precious metals,11677.680664675407
TW,"Secondary preciuos metals for treatment, Re-processing of secondary preciuos metals into new preciuos metals",0.0
TW,Aluminium and aluminium products,53342.573785844324
TW,"Secondary aluminium for treatment, Re-processing of secondary aluminium into new aluminium",0.0
TW,"Lead, zinc and tin and products thereof",4200341.158262203
TW,"Secondary lead for treatment, Re-processing of secondary lead into new lead",0.0
TW,Copper products,12194.645647506159
TW,"Secondary copper for treatment, Re-processing of secondary copper into new copper",0.0
TW,Other non-ferrous metal products,8937.323945298733
TW,"Secondary other non-ferrous metals for treatment, Re-processing of secondary other non-ferrous metals into new other non-ferrous metals",0.0
TW,Foundry work services,803448.7996257007
TW,"Fabricated metal products, except machinery and equipment (28)",137660.06836246798
TW,Machinery and equipment n.e.c. (29),55.481735690457526
TW,Office machinery and computers (30),9045.571223999948
TW,Electrical machinery and apparatus n.e.c. (31),80512.72391036112
TW,"Radio, television and communication equipment and apparatus (32)",33583.47819606763
TW,"Medical, precision and optical instruments, watches and clocks (33)",31713.490705816264
TW,"Motor vehicles, trailers and semi-trailers (34)",14384.302804364997
TW,Other transport equipment (35),10619.67027204207
TW,Furniture; other manufactured goods n.e.c. (36),188895.93464733852
TW,Secondary raw materials,0.6685954471186316
TW,"Bottles for treatment, Recycling of bottles by direct reuse",0.0
TW,Electricity by coal,72816679.7341674
TW,Electricity by gas,27605818.695182893
TW,Electricity by nuclear,30944.71892346366
TW,Electricity by hydro,67874.32225827352
TW,Electricity by wind,8221.232059513235
TW,Electricity by petroleum and other oil derivatives,45720981.69981213
TW,Electricity by biomass and waste,47435296.09083298
TW,Electricity by solar photovoltaic,0.025249326317767027
TW,Electricity by solar thermal,0.0
TW,"Electricity by tide, wave, ocean",0.0
TW,Electricity by Geothermal,64.53473678096118
TW,Electricity nec,0.0
TW,Transmission services of electricity,456486.02916770964
TW,Distribution and trade services of electricity,39212.84626370011
TW,Coke oven gas,55291149.65642305
TW,Blast Furnace Gas,55286280.015252635
TW,Oxygen Steel Furnace Gas,0.0
TW,Gas Works Gas,55294912.48111683
TW,Biogas,55294165.261144124
TW,Distribution services of gaseous fuels through mains,55294939.06767429
TW,Steam and hot water supply services,517363.8869636242
TW,"Collected and purified water, distribution services of water (41)",0.0
TW,Construction work (45),12361.67538796586
TW,"Secondary construction material for treatment, Re-processing of secondary construction material into aggregates",0.0
TW,"Sale, maintenance, repair of motor vehicles, motor vehicles parts, motorcycles, motor cycles parts and accessoiries",70207.91948510444
TW,Retail trade services of motor fuel,126682.2761847928
TW,"Wholesale trade and commission trade services, except of motor vehicles and motorcycles (51)",155250.34063395316
TW,"Retail  trade services, except of motor vehicles and motorcycles; repair services of personal and household goods (52)",14430.902092594435
TW,Hotel and restaurant services (55),9178.156354453578
TW,Railway transportation services,169675.30630615028
TW,Other land transportation services,127345.76769285326
TW,Transportation services via pipelines,949184.9705905116
TW,Sea and coastal water transportation services,2645915.8379198527
TW,Inland water transportation services,90572.13844981579
TW,Air transport services (62),641321.8678912531
TW,Supporting and auxiliary transport services; travel agency services (63),40857.00620405282
TW,Post and telecommunication services (64),6446.70233918582
TW,"Financial intermediation services, except insurance and pension funding services (65)",1385.6415249423837
TW,"Insurance and pension funding services, except compulsory social security services (66)",2070.324206512033
TW,Services auxiliary to financial intermediation (67),1939.4995975570862
TW,Real estate services (70),1837.7061206550854
TW,Renting services of machinery and equipment without operator and of personal and household goods (71),0.0
TW,Computer and related services (72),2526.122841979488
TW,Research and development services (73),15372.17567405516
TW,Other business services (74),3198.981653790671
TW,Public administration and defence services; compulsory social security services (75),7686.722888485392
TW,Education services (80),8007.805551808624
TW,Health and social work services (85),48498.476905416115
TW,Food waste for treatment: incineration,0.0
TW,Paper waste for treatment: incineration,0.0
TW,Plastic waste for treatment: incineration,0.0
TW,Intert/metal waste for treatment: incineration,0.0
TW,Textiles waste for treatment: incineration,0.0
TW,Wood waste for treatment: incineration,0.0
TW,Oil/hazardous waste for treatment: incineration,0.0
TW,Food waste for treatment: biogasification and land application,0.0
TW,Paper waste for treatment: biogasification and land application,0.0
TW,Sewage sludge for treatment: biogasification and land application,0.0
TW,Food waste for treatment: composting and land application,0.0
TW,Paper and wood waste for treatment: composting and land application,0.0
TW,Food waste for treatment: waste water treatment,0.0
TW,Other waste for treatment: waste water treatment,0.0
TW,Food waste for treatment: landfill,0.0
TW,Paper for treatment: landfill,0.0
TW,Plastic waste for treatment: landfill,0.0
TW,Inert/metal/hazardous waste for treatment: landfill,0.0
TW,Textiles waste for treatment: landfill,0.0
TW,Wood waste for treatment: landfill,0.0
TW,Membership organisation services n.e.c. (91),2287.1674318571568
TW,"Recreational, cultural and sporting services (92)",5743.320429900525
TW,Other services (93),21243.07394421178
TW,Private households with employed persons (95),7636.438580426276
TW,Extra-territorial organizations and bodies,0.0
NO,Paddy rice,0.0
NO,Wheat,151300.77713036572
NO,Cereal grains nec,3707104.186289253
NO,"Vegetables, fruit, nuts",105885.48787011244
NO,Oil seeds,201565.72275069478
NO,"Sugar cane, sugar beet",16981.974559711776
NO,Plant-based fibers,0.0
NO,Crops nec,25017.117593831426
NO,Cattle,35814983.40371654
NO,Pigs,259957.182776753
NO,Poultry,175017.745421729
NO,Meat animals nec,526531.0040649027
NO,Animal products nec,63163.503808350455
NO,Raw milk,1109660.0025279883
NO,"Wool, silk-worm cocoons",60728.96717584223
NO,Manure (conventional treatment),0.0
NO,Manure (biogas treatment),0.0
NO,"Products of forestry, logging and related services (02)",427918.5330411147
NO,Fish and other fishing products; services incidental of fishing (05),112342.23571489184
NO,Anthracite,0.0
NO,Coking Coal,0.0
NO,Other Bituminous Coal,218495.60181021827
NO,Sub-Bituminous Coal,0.0
NO,Patent Fuel,0.0
NO,Lignite/Brown Coal,0.0
NO,BKB/Peat Briquettes,0.0
NO,Peat,0.0
NO,"Crude petroleum and services related to crude oil extraction, excluding surveying",623086.0625384977
NO,"Natural gas and services related to natural gas extraction, excluding surveying",358008.776629528
NO,Natural Gas Liquids,358579.1036094123
NO,Other Hydrocarbons,0.0
NO,Uranium and thorium ores (12),0.0
NO,Iron ores,168584.14651090832
NO,Copper ores and concentrates,0.0
NO,Nickel ores and concentrates,3105.243646062661
NO,Aluminium ores and concentrates,0.0
NO,Precious metal ores and concentrates,0.0
NO,"Lead, zinc and tin ores and concentrates",0.0
NO,Other non-ferrous metal ores and concentrates,1832.618232214119
NO,Stone,78148.64715820542
NO,Sand and clay,60236.80694645448
NO,"Chemical and fertilizer minerals, salt and other mining and quarrying products n.e.c.",1463426.9250003132
NO,Products of meat cattle,4539.159258460583
NO,Products of meat pigs,12735.137455963022
NO,Products of meat poultry,9989.858668472043
NO,Meat products nec,39190.137653764985
NO,products of Vegetable oils and fats,52801.86633879767
NO,Dairy products,31348.849627261683
NO,Processed rice,46058.24649668266
NO,Sugar,5395.305284066208
NO,Food products nec,19373.227151593197
NO,Beverages,28222.931353530144
NO,Fish products,26677.476067139334
NO,Tobacco products (16),14397.550725220884
NO,Textiles (17),59586.172579066006
NO,Wearing apparel; furs (18),11259.975513135438
NO,Leather and leather products (19),61154.258667227994
NO,Wood and products of wood and cork (except furniture); articles of straw and plaiting materials (20),24530.98112116343
NO,"Wood material for treatment, Re-processing of secondary wood material into new wood material",0.0
NO,Pulp,15960.82848557507
NO,"Secondary paper for treatment, Re-processing of secondary paper into new pulp",0.0
NO,Paper and paper products,16363.45934679123
NO,Printed matter and recorded media (22),25671.557075416407
NO,Coke Oven Coke,190193.04673968413
NO,Gas Coke,0.0
NO,Coal Tar,0.0
NO,Motor Gasoline,335632.3445303251
NO,Aviation Gasoline,167101.00294207208
NO,Gasoline Type Jet Fuel,0.0
NO,Kerosene Type Jet Fuel,354371.4734432891
NO,Kerosene,283963.8477325008
NO,Gas/Diesel Oil,334201.3379204978
NO,Heavy Fuel Oil,287517.74564923154
NO,Refinery Gas,49101.48526987787
NO,Liquefied Petroleum Gases (LPG),281933.3906609392
NO,Refinery Feedstocks,841957.2652573639
NO,Ethane,1452971.788994151
NO,Naphtha,1433130.4503096284
NO,White Spirit & SBP,431739.80736900895
NO,Lubricants,1458423.007402695
NO,Bitumen,759294.295819502
NO,Paraffin Waxes,0.0
NO,Petroleum Coke,1455849.9348959366
NO,Non-specified Petroleum Products,0.0
NO,Nuclear fuel,1093207.7906627199
NO,"Plastics, basic",177407.97274780733
NO,"Secondary plastic for treatment, Re-processing of secondary plastic into new plastic",0.0
NO,N-fertiliser,229741.64731609696
NO,P- and other fertiliser,242784.52661990497
NO,Chemicals nec,128119.67111923097
NO,Charcoal,49975.010307195
NO,Additives/Blending Components,53213.0323593763
NO,Biogasoline,58064.45984925995
NO,Biodiesels,62931.06505239801
NO,Other Liquid Biofuels,76501.4851683937
NO,Rubber and plastic products (25),44214.449225096
NO,Glass and glass products,236988.19122251178
NO,"Secondary glass for treatment, Re-processing of secondary glass into new glass",0.0
NO,Ceramic goods,301442.6686543326
NO,"Bricks, tiles and construction products, in baked clay",709765.8738302198
NO,"Cement, lime and plaster",874007.4626331634
NO,"Ash for treatment, Re-processing of ash into clinker",0.0
NO,Other non-metallic mineral products,144987.44617458017
NO,Basic iron and steel and of ferro-alloys and first products thereof,669892.4045928579
NO,"Secondary steel for treatment, Re-processing of secondary steel into new steel",0.0
NO,Precious metals,35474.89963411301
NO,"Secondary preciuos metals for treatment, Re-processing of secondary preciuos metals into new preciuos metals",0.0
NO,Aluminium and aluminium products,1325.356492042408
NO,"Secondary aluminium for treatment, Re-processing of secondary aluminium into new aluminium",0.0
NO,"Lead, zinc and tin and products thereof",73621.55619315385
NO,"Secondary lead for treatment, Re-processing of secondary lead into new lead",0.0
NO,Copper products,78826.38462867128
NO,"Secondary copper for treatment, Re-processing of secondary copper into new copper",0.0
NO,Other non-ferrous metal products,8327.48859813733
NO,"Secondary other non-ferrous metals for treatment, Re-processing of secondary other non-ferrous metals into new other non-ferrous metals",0.0
NO,Foundry work services,919987.9727080772
NO,"Fabricated metal products, except machinery and equipment (28)",9699.467215412426
NO,Machinery and equipment n.e.c. (29),4608.665848246577
NO,Office machinery and computers (30),235608.30791829588
NO,Electrical machinery and apparatus n.e.c. (31),29506.409603717813
NO,"Radio, television and communication equipment and apparatus (32)",5464.266770307666
NO,"Medical, precision and optical instruments, watches and clocks (33)",157815.0394729592
NO,"Motor vehicles, trailers and semi-trailers (34)",3306.185030726937
NO,Other transport equipment (35),6956.112599271491
NO,Furniture; other manufactured goods n.e.c. (36),417508.6779640078
NO,Secondary raw materials,135881.2414182866
NO,"Bottles for treatment, Recycling of bottles by direct reuse",0.0
NO,Electricity by coal,12207939.863776466
NO,Electricity by gas,5877665.894333087
NO,Electricity by nuclear,0.0
NO,Electricity by hydro,89.31907783958131
NO,Electricity by wind,6.198332717345282
NO,Electricity by petroleum and other oil derivatives,63052.477168958954
NO,Electricity by biomass and waste,11939577.935246032
NO,Electricity by solar photovoltaic,0.0
NO,Electricity by solar thermal,0.0
NO,"Electricity by tide, wave, ocean",0.0
NO,Electricity by Geothermal,0.0
NO,Electricity nec,0.0
NO,Transmission services of electricity,41.40629488157189
NO,Distribution and trade services of electricity,40.5857372509167
NO,Coke oven gas,0.0
NO,Blast Furnace Gas,3422.1225797972534
NO,Oxygen Steel Furnace Gas,0.0
NO,Gas Works Gas,0.0
NO,Biogas,3422.122546909456
NO,Distribution services of gaseous fuels through mains,3422.122552828843
NO,Steam and hot water supply services,2221802.567623257
NO,"Collected and purified water, distribution services of water (41)",47578.464460559146
NO,Construction work (45),30983.276401980173
NO,"Secondary construction material for treatment, Re-processing of secondary construction material into aggregates",0.0
NO,"Sale, maintenance, repair of motor vehicles, motor vehicles parts, motorcycles, motor cycles parts and accessoiries",127528.19275744983
NO,Retail trade services of motor fuel,124107.4076397763
NO,"Wholesale trade and commission trade services, except of motor vehicles and motorcycles (51)",20368.982676196545
NO,"Retail  trade services, except of motor vehicles and motorcycles; repair services of personal and household goods (52)",27436.311967863952
NO,Hotel and restaurant services (55),13854.294385799774
NO,Railway transportation services,120019.46571100711
NO,Other land transportation services,77802.96276078458
NO,Transportation services via pipelines,14244.193646371454
NO,Sea and coastal water transportation services,1581214.658089407
NO,Inland water transportation services,369295.6122850499
NO,Air transport services (62),652314.5660981137
NO,Supporting and auxiliary transport services; travel agency services (63),170910.5200681812
NO,Post and telecommunication services (64),1183.2029870665303
NO,"Financial intermediation services, except insurance and pension funding services (65)",3635.9340171094427
NO,"Insurance and pension funding services, except compulsory social security services (66)",95.14099645776584
NO,Services auxiliary to financial intermediation (67),71138.67813556826
NO,Real estate services (70),9476.644481227755
NO,Renting services of machinery and equipment without operator and of personal and household goods (71),201297.92912918603
NO,Computer and related services (72),5087.932950406143
NO,Research and development services (73),259891.6364800907
NO,Other business services (74),32091.030539438056
NO,Public administration and defence services; compulsory social security services (75),2415.399591185093
NO,Education services (80),2505.6213423250206
NO,Health and social work services (85),8184.183636478687
NO,Food waste for treatment: incineration,28004.35554156772
NO,Paper waste for treatment: incineration,25636.285166807975
NO,Plastic waste for treatment: incineration,68922.7178264093
NO,Intert/metal waste for treatment: incineration,120635.423145443
NO,Textiles waste for treatment: incineration,41711.141135678685
NO,Wood waste for treatment: incineration,66801.59638754802
NO,Oil/hazardous waste for treatment: incineration,30941.126407196207
NO,Food waste for treatment: biogasification and land application,379170.15897930093
NO,Paper waste for treatment: biogasification and land application,379170.8558430786
NO,Sewage sludge for treatment: biogasification and land application,378428.13919868023
NO,Food waste for treatment: composting and land application,149302.0277852063
NO,Paper and wood waste for treatment: composting and land application,114362.87228122445
NO,Food waste for treatment: waste water treatment,316138.4140795161
NO,Other waste for treatment: waste water treatment,297379.6454097631
NO,Food waste for treatment: landfill,161133.88942298756
NO,Paper for treatment: landfill,180531.9139076624
NO,Plastic waste for treatment: landfill,51252.28171056806
NO,Inert/metal/hazardous waste for treatment: landfill,45148.759203472466
NO,Textiles waste for treatment: landfill,73448.4449127633
NO,Wood waste for treatment: landfill,70746.01905869966
NO,Membership organisation services n.e.c. (91),5597.780036868902
NO,"Recreational, cultural and sporting services (92)",8002.229554114692
NO,Other services (93),8871.132871791155
NO,Private households with employed persons (95),5786.9186324327675
NO,Extra-territorial organizations and bodies,0.0
ID,Paddy rice,2974194.6868609153
ID,Wheat,0.0
ID,Cereal grains nec,468861.76165685145
ID,"Vegetables, fruit, nuts",406026.5069974744
ID,Oil seeds,589453.4767974404
ID,"Sugar cane, sugar beet",709265.8676633011
ID,Plant-based fibers,1837935.5324957338
ID,Crops nec,934534.0063991535
ID,Cattle,4116926.783397554
ID,Pigs,1294063.1141278583
ID,Poultry,451519.60145975446
ID,Meat animals nec,21538677.443757933
ID,Animal products nec,58892.97156252169
ID,Raw milk,2379954.074845186
ID,"Wool, silk-worm cocoons",49885.15146437177
ID,Manure (conventional treatment),0.0
ID,Manure (biogas treatment),0.0
ID,"Products of forestry, logging and related services (02)",64614.33096390977
ID,Fish and other fishing products; services incidental of fishing (05),157862.13215606604
ID,Anthracite,0.0
ID,Coking Coal,8183508.400283176
ID,Other Bituminous Coal,8183538.978218423
ID,Sub-Bituminous Coal,8183522.976857108
ID,Patent Fuel,0.0
ID,Lignite/Brown Coal,0.0
ID,BKB/Peat Briquettes,8183538.8162014885
ID,Peat,0.0
ID,"Crude petroleum and services related to crude oil extraction, excluding surveying",560309.0849147171
ID,"Natural gas and services related to natural gas extraction, excluding surveying",1834464.4962327008
ID,Natural Gas Liquids,1834458.0905063113
ID,Other Hydrocarbons,0.0
ID,Uranium and thorium ores (12),0.0
ID,Iron ores,2083.4828349355325
ID,Copper ores and concentrates,293669.91982783464
ID,Nickel ores and concentrates,1307396.9270524143
ID,Aluminium ores and concentrates,7128.997703809877
ID,Precious metal ores and concentrates,1396360.6687558594
ID,"Lead, zinc and tin ores and concentrates",177.45238620239707
ID,Other non-ferrous metal ores and concentrates,92754.9580457238
ID,Stone,14366.7876157307
ID,Sand and clay,58377.04494435376
ID,"Chemical and fertilizer minerals, salt and other mining and quarrying products n.e.c.",7646.339145044401
ID,Products of meat cattle,2444.43479244318
ID,Products of meat pigs,2150.706705988235
ID,Products of meat poultry,1956.06273958228
ID,Meat products nec,3255.705464696497
ID,products of Vegetable oils and fats,1403.8621554065355
ID,Dairy products,10642.41994944029
ID,Processed rice,4882.255613431307
ID,Sugar,11283.061267832261
ID,Food products nec,12388.234042375914
ID,Beverages,28663.453606508938
ID,Fish products,11756.661571967565
ID,Tobacco products (16),60979.1530684471
ID,Textiles (17),70967.0265701859
ID,Wearing apparel; furs (18),22835.081969717998
ID,Leather and leather products (19),21251.215515914566
ID,Wood and products of wood and cork (except furniture); articles of straw and plaiting materials (20),282172.2044145309
ID,"Wood material for treatment, Re-processing of secondary wood material into new wood material",0.0
ID,Pulp,1074639.6425190538
ID,"Secondary paper for treatment, Re-processing of secondary paper into new pulp",0.0
ID,Paper and paper products,85823.73288462916
ID,Printed matter and recorded media (22),8573.58996859886
ID,Coke Oven Coke,0.0
ID,Gas Coke,0.0
ID,Coal Tar,0.0
ID,Motor Gasoline,323115.4789085935
ID,Aviation Gasoline,323115.4792943548
ID,Gasoline Type Jet Fuel,0.0
ID,Kerosene Type Jet Fuel,323115.4777702629
ID,Kerosene,323115.4779464583
ID,Gas/Diesel Oil,323115.4787927913
ID,Heavy Fuel Oil,323115.4766963244
ID,Refinery Gas,323115.4796655334
ID,Liquefied Petroleum Gases (LPG),323115.4767181078
ID,Refinery Feedstocks,0.0
ID,Ethane,0.0
ID,Naphtha,323115.47818454396
ID,White Spirit & SBP,0.0
ID,Lubricants,323115.4820398787
ID,Bitumen,323115.50162588333
ID,Paraffin Waxes,0.0
ID,Petroleum Coke,0.0
ID,Non-specified Petroleum Products,323115.47970698396
ID,Nuclear fuel,5399.253278282821
ID,"Plastics, basic",424406.2529528162
ID,"Secondary plastic for treatment, Re-processing of secondary plastic into new plastic",0.0
ID,N-fertiliser,1595853.9473413136
ID,P- and other fertiliser,19462.60732132319
ID,Chemicals nec,654604.4831868784
ID,Charcoal,654604.3534755191
ID,Additives/Blending Components,0.0
ID,Biogasoline,0.0
ID,Biodiesels,654604.3453568487
ID,Other Liquid Biofuels,0.0
ID,Rubber and plastic products (25),832338.5836486045
ID,Glass and glass products,82341.47674172254
ID,"Secondary glass for treatment, Re-processing of secondary glass into new glass",0.0
ID,Ceramic goods,150037.48982353703
ID,"Bricks, tiles and construction products, in baked clay",141661.91645124255
ID,"Cement, lime and plaster",20243932.48212425
ID,"Ash for treatment, Re-processing of ash into clinker",0.0
ID,Other non-metallic mineral products,621676.8437104147
ID,Basic iron and steel and of ferro-alloys and first products thereof,3626503.827734778
ID,"Secondary steel for treatment, Re-processing of secondary steel into new steel",0.0
ID,Precious metals,167122.8032802546
ID,"Secondary preciuos metals for treatment, Re-processing of secondary preciuos metals into new preciuos metals",0.0
ID,Aluminium and aluminium products,17001.928676203046
ID,"Secondary aluminium for treatment, Re-processing of secondary aluminium into new aluminium",0.0
ID,"Lead, zinc and tin and products thereof",5399.146459101138
ID,"Secondary lead for treatment, Re-processing of secondary lead into new lead",0.0
ID,Copper products,3786698.1353702517
ID,"Secondary copper for treatment, Re-processing of secondary copper into new copper",0.0
ID,Other non-ferrous metal products,450981.8798841581
ID,"Secondary other non-ferrous metals for treatment, Re-processing of secondary other non-ferrous metals into new other non-ferrous metals",0.0
ID,Foundry work services,38857.27413688519
ID,"Fabricated metal products, except machinery and equipment (28)",44337.97275535787
ID,Machinery and equipment n.e.c. (29),33393.301391068904
ID,Office machinery and computers (30),413.7418453491756
ID,Electrical machinery and apparatus n.e.c. (31),362.0191442439259
ID,"Radio, television and communication equipment and apparatus (32)",323.76246677963235
ID,"Medical, precision and optical instruments, watches and clocks (33)",82819.24301963122
ID,"Motor vehicles, trailers and semi-trailers (34)",4026.6461164896778
ID,Other transport equipment (35),12758.289429800836
ID,Furniture; other manufactured goods n.e.c. (36),391367.8599459916
ID,Secondary raw materials,1533376.7782180463
ID,"Bottles for treatment, Recycling of bottles by direct reuse",1614088.6274959655
ID,Electricity by coal,14553003.626353476
ID,Electricity by gas,12709398.480742333
ID,Electricity by nuclear,0.0
ID,Electricity by hydro,0.0002988713415541
ID,Electricity by wind,0.0018839840743675
ID,Electricity by petroleum and other oil derivatives,18368356.330170076
ID,Electricity by biomass and waste,62083.26173610725
ID,Electricity by solar photovoltaic,0.4509783908751523
ID,Electricity by solar thermal,0.0
ID,"Electricity by tide, wave, ocean",0.0
ID,Electricity by Geothermal,7.98331614304147e-06
ID,Electricity nec,0.0
ID,Transmission services of electricity,6325.877784207575
ID,Distribution and trade services of electricity,2139.3892128531998
ID,Coke oven gas,0.0
ID,Blast Furnace Gas,0.0
ID,Oxygen Steel Furnace Gas,0.0
ID,Gas Works Gas,0.0
ID,Biogas,0.010142296888351004
ID,Distribution services of gaseous fuels through mains,0.007385084985440838
ID,Steam and hot water supply services,0.0
ID,"Collected and purified water, distribution services of water (41)",33929.98715653104
ID,Construction work (45),227138.08042987066
ID,"Secondary construction material for treatment, Re-processing of secondary construction material into aggregates",0.0
ID,"Sale, maintenance, repair of motor vehicles, motor vehicles parts, motorcycles, motor cycles parts and accessoiries",51675.240856273864
ID,Retail trade services of motor fuel,7927.253523135984
ID,"Wholesale trade and commission trade services, except of motor vehicles and motorcycles (51)",45554.214964273364
ID,"Retail  trade services, except of motor vehicles and motorcycles; repair services of personal and household goods (52)",34918.96410771258
ID,Hotel and restaurant services (55),51352.165514491426
ID,Railway transportation services,69487.3050044612
ID,Other land transportation services,234953.45474126868
ID,Transportation services via pipelines,17847.283138556126
ID,Sea and coastal water transportation services,1137055.393773362
ID,Inland water transportation services,1362392.707008243
ID,Air transport services (62),596499.7836295667
ID,Supporting and auxiliary transport services; travel agency services (63),101699.16109157582
ID,Post and telecommunication services (64),29748.89107963231
ID,"Financial intermediation services, except insurance and pension funding services (65)",21282.145077402332
ID,"Insurance and pension funding services, except compulsory social security services (66)",26466.435304953975
ID,Services auxiliary to financial intermediation (67),94814.51179754987
ID,Real estate services (70),12417.273533507989
ID,Renting services of machinery and equipment without operator and of personal and household goods (71),23858.490616814084
ID,Computer and related services (72),32943.84587809618
ID,Research and development services (73),48501.33414839721
ID,Other business services (74),41548.0022423688
ID,Public administration and defence services; compulsory social security services (75),66530.12805087642
ID,Education services (80),24391.395978084245
ID,Health and social work services (85),45434.95306624064
ID,Food waste for treatment: incineration,1614088.7073063778
ID,Paper waste for treatment: incineration,1614088.6310287886
ID,Plastic waste for treatment: incineration,1614088.629904652
ID,Intert/metal waste for treatment: incineration,1614088.639334183
ID,Textiles waste for treatment: incineration,1614088.628791503
ID,Wood waste for treatment: incineration,1614088.6306574356
ID,Oil/hazardous waste for treatment: incineration,1614088.6314115697
ID,Food waste for treatment: biogasification and land application,1614088.6331104955
ID,Paper waste for treatment: biogasification and land application,1614088.6284350026
ID,Sewage sludge for treatment: biogasification and land application,1614089.1212093597
ID,Food waste for treatment: composting and land application,1614088.6375751628
ID,Paper and wood waste for treatment: composting and land application,1614088.633134666
ID,Food waste for treatment: waste water treatment,1614095.1352298486
ID,Other waste for treatment: waste water treatment,1614094.2284061864
ID,Food waste for treatment: landfill,1614088.8855904154
ID,Paper for treatment: landfill,1614088.6287015334
ID,Plastic waste for treatment: landfill,1614088.6286152673
ID,Inert/metal/hazardous waste for treatment: landfill,1614088.6337026914
ID,Textiles waste for treatment: landfill,1614088.628233819
ID,Wood waste for treatment: landfill,1614088.6290162464
ID,Membership organisation services n.e.c. (91),182.5060424212782
ID,"Recreational, cultural and sporting services (92)",87452.83232039631
ID,Other services (93),108769.06031263684
ID,Private households with employed persons (95),3.987974050525701e-05
ID,Extra-territorial organizations and bodies,0.0
ZA,Paddy rice,169860.09699653607
ZA,Wheat,852027.2387065951
ZA,Cereal grains nec,1161846.6036914606
ZA,"Vegetables, fruit, nuts",573378.6417194561
ZA,Oil seeds,1078622.7093399891
ZA,"Sugar cane, sugar beet",3573120.1921932446
ZA,Plant-based fibers,217026.24325056883
ZA,Crops nec,5110734.867961686
ZA,Cattle,10130870.06706261
ZA,Pigs,1440767.9106488817
ZA,Poultry,1041846.6858533723
ZA,Meat animals nec,4669871.175772406
ZA,Animal products nec,95437.25561236704
ZA,Raw milk,2983647.7231660974
ZA,"Wool, silk-worm cocoons",113822.91741579042
ZA,Manure (conventional treatment),0.0
ZA,Manure (biogas treatment),0.0
ZA,"Products of forestry, logging and related services (02)",484823.2996855256
ZA,Fish and other fishing products; services incidental of fishing (05),477183.56186386663
ZA,Anthracite,1857618.124640253
ZA,Coking Coal,1857620.391940046
ZA,Other Bituminous Coal,1857619.4347788303
ZA,Sub-Bituminous Coal,0.0
ZA,Patent Fuel,0.0
ZA,Lignite/Brown Coal,0.0
ZA,BKB/Peat Briquettes,0.0
ZA,Peat,0.0
ZA,"Crude petroleum and services related to crude oil extraction, excluding surveying",5019214.29480751
ZA,"Natural gas and services related to natural gas extraction, excluding surveying",12081911.962593675
ZA,Natural Gas Liquids,4394474.440606019
ZA,Other Hydrocarbons,712939.9239623483
ZA,Uranium and thorium ores (12),252921.61883100023
ZA,Iron ores,1852202.8579706175
ZA,Copper ores and concentrates,1644759.783838288
ZA,Nickel ores and concentrates,496.66369102137287
ZA,Aluminium ores and concentrates,0.0
ZA,Precious metal ores and concentrates,1857560.6704337446
ZA,"Lead, zinc and tin ores and concentrates",1857633.5084832613
ZA,Other non-ferrous metal ores and concentrates,1857617.3112772962
ZA,Stone,1863743.6448434312
ZA,Sand and clay,1857619.2467594787
ZA,"Chemical and fertilizer minerals, salt and other mining and quarrying products n.e.c.",1857618.2105933048
ZA,Products of meat cattle,28989.248355626496
ZA,Products of meat pigs,24681.942835813777
ZA,Products of meat poultry,20565.149003411647
ZA,Meat products nec,38288.59012900691
ZA,products of Vegetable oils and fats,107616.75121681394
ZA,Dairy products,2684.328257625701
ZA,Processed rice,7399.4549296315945
ZA,Sugar,19457.202853384286
ZA,Food products nec,14613.330386376183
ZA,Beverages,8352.94653901689
ZA,Fish products,83022.58912573391
ZA,Tobacco products (16),707.3381625256641
ZA,Textiles (17),39292.03256457867
ZA,Wearing apparel; furs (18),27834.74815405148
ZA,Leather and leather products (19),25940.26241955555
ZA,Wood and products of wood and cork (except furniture); articles of straw and plaiting materials (20),37640.98763267827
ZA,"Wood material for treatment, Re-processing of secondary wood material into new wood material",0.0
ZA,Pulp,75675.75025188402
ZA,"Secondary paper for treatment, Re-processing of secondary paper into new pulp",0.0
ZA,Paper and paper products,44345.40434413404
ZA,Printed matter and recorded media (22),26363.001794885342
ZA,Coke Oven Coke,129966.28676679477
ZA,Gas Coke,0.0
ZA,Coal Tar,0.0
ZA,Motor Gasoline,174544.06171848148
ZA,Aviation Gasoline,2818864.6030605277
ZA,Gasoline Type Jet Fuel,0.0
ZA,Kerosene Type Jet Fuel,176285.10019283215
ZA,Kerosene,174638.7745157792
ZA,Gas/Diesel Oil,164811.183210301
ZA,Heavy Fuel Oil,104089.82945188465
ZA,Refinery Gas,175575.39312717313
ZA,Liquefied Petroleum Gases (LPG),139083.21307663023
ZA,Refinery Feedstocks,0.0
ZA,Ethane,0.0
ZA,Naphtha,102167.23797562851
ZA,White Spirit & SBP,94450.49548892933
ZA,Lubricants,138516.49251040697
ZA,Bitumen,99568.3105489673
ZA,Paraffin Waxes,81802.800855854
ZA,Petroleum Coke,0.0
ZA,Non-specified Petroleum Products,717078.1271113261
ZA,Nuclear fuel,0.0
ZA,"Plastics, basic",252175.6765903875
ZA,"Secondary plastic for treatment, Re-processing of secondary plastic into new plastic",27148.324337982172
ZA,N-fertiliser,391504.3679291517
ZA,P- and other fertiliser,1862156.9990410432
ZA,Chemicals nec,107270.87959039683
ZA,Charcoal,228850.78954272927
ZA,Additives/Blending Components,27148.324227047713
ZA,Biogasoline,27148.324222105166
ZA,Biodiesels,27148.324229067086
ZA,Other Liquid Biofuels,27148.324214930402
ZA,Rubber and plastic products (25),2216900.5613736273
ZA,Glass and glass products,424648.5803070344
ZA,"Secondary glass for treatment, Re-processing of secondary glass into new glass",0.0
ZA,Ceramic goods,1304621.2348231724
ZA,"Bricks, tiles and construction products, in baked clay",5883325.940257177
ZA,"Cement, lime and plaster",6299695.001933558
ZA,"Ash for treatment, Re-processing of ash into clinker",0.0
ZA,Other non-metallic mineral products,732398.7487627213
ZA,Basic iron and steel and of ferro-alloys and first products thereof,2685908.744898371
ZA,"Secondary steel for treatment, Re-processing of secondary steel into new steel",27148.32249620957
ZA,Precious metals,143038.07297685667
ZA,"Secondary preciuos metals for treatment, Re-processing of secondary preciuos metals into new preciuos metals",27148.32249620957
ZA,Aluminium and aluminium products,256728.3855683252
ZA,"Secondary aluminium for treatment, Re-processing of secondary aluminium into new aluminium",27148.32249620957
ZA,"Lead, zinc and tin and products thereof",713097.6696844582
ZA,"Secondary lead for treatment, Re-processing of secondary lead into new lead",27148.32249620957
ZA,Copper products,434533.6307630467
ZA,"Secondary copper for treatment, Re-processing of secondary copper into new copper",27148.32249620957
ZA,Other non-ferrous metal products,70486.47153198859
ZA,"Secondary other non-ferrous metals for treatment, Re-processing of secondary other non-ferrous metals into new other non-ferrous metals",27148.32249620957
ZA,Foundry work services,10191990.471729148
ZA,"Fabricated metal products, except machinery and equipment (28)",35158.80690814923
ZA,Machinery and equipment n.e.c. (29),25886.647448901324
ZA,Office machinery and computers (30),993.2216163207817
ZA,Electrical machinery and apparatus n.e.c. (31),13946.761822396853
ZA,"Radio, television and communication equipment and apparatus (32)",3836.2047863131907
ZA,"Medical, precision and optical instruments, watches and clocks (33)",34412.18703217528
ZA,"Motor vehicles, trailers and semi-trailers (34)",10841.669095593465
ZA,Other transport equipment (35),20535.42628133297
ZA,Furniture; other manufactured goods n.e.c. (36),48634.60150012898
ZA,Secondary raw materials,56436.528907138374
ZA,"Bottles for treatment, Recycling of bottles by direct reuse",27381.25885930748
ZA,Electricity by coal,68149136.40141287
ZA,Electricity by gas,0.0
ZA,Electricity by nuclear,39973.07684012813
ZA,Electricity by hydro,203997.12164717139
ZA,Electricity by wind,2774.4028565821527
ZA,Electricity by petroleum and other oil derivatives,9129601.575342914
ZA,Electricity by biomass and waste,0.0
ZA,Electricity by solar photovoltaic,1912.845328951936
ZA,Electricity by solar thermal,1692.264606538426
ZA,"Electricity by tide, wave, ocean",0.0
ZA,Electricity by Geothermal,0.0
ZA,Electricity nec,0.0
ZA,Transmission services of electricity,3003977.223584772
ZA,Distribution and trade services of electricity,382326.2599239646
ZA,Coke oven gas,955021.4660222883
ZA,Blast Furnace Gas,1017026.5759342784
ZA,Oxygen Steel Furnace Gas,0.0
ZA,Gas Works Gas,1413356.8069850653
ZA,Biogas,0.0
ZA,Distribution services of gaseous fuels through mains,0.0
ZA,Steam and hot water supply services,0.0
ZA,"Collected and purified water, distribution services of water (41)",21765.94850418534
ZA,Construction work (45),201308.17388882604
ZA,"Secondary construction material for treatment, Re-processing of secondary construction material into aggregates",0.0
ZA,"Sale, maintenance, repair of motor vehicles, motor vehicles parts, motorcycles, motor cycles parts and accessoiries",2400.6644364829353
ZA,Retail trade services of motor fuel,48859.88367531206
ZA,"Wholesale trade and commission trade services, except of motor vehicles and motorcycles (51)",89575.89572308127
ZA,"Retail  trade services, except of motor vehicles and motorcycles; repair services of personal and household goods (52)",52920.6984478124
ZA,Hotel and restaurant services (55),22973.507617021573
ZA,Railway transportation services,204004.3689284473
ZA,Other land transportation services,632091.655213968
ZA,Transportation services via pipelines,101986.19067310946
ZA,Sea and coastal water transportation services,798404.4829385205
ZA,Inland water transportation services,3794516.419324007
ZA,Air transport services (62),1683975.5492685493
ZA,Supporting and auxiliary transport services; travel agency services (63),245824.96612836752
ZA,Post and telecommunication services (64),18717.7589960619
ZA,"Financial intermediation services, except insurance and pension funding services (65)",5452.475831054659
ZA,"Insurance and pension funding services, except compulsory social security services (66)",1810.6307886084244
ZA,Services auxiliary to financial intermediation (67),1134.0053055534795
ZA,Real estate services (70),40251.55046604136
ZA,Renting services of machinery and equipment without operator and of personal and household goods (71),44755.99314566198
ZA,Computer and related services (72),323073.57862573233
ZA,Research and development services (73),196407.8697786236
ZA,Other business services (74),37385.03975211573
ZA,Public administration and defence services; compulsory social security services (75),112068.75989268818
ZA,Education services (80),37581.29424845972
ZA,Health and social work services (85),36677.33262135282
ZA,Food waste for treatment: incineration,27384.39992486799
ZA,Paper waste for treatment: incineration,27384.66658779308
ZA,Plastic waste for treatment: incineration,27383.706726340915
ZA,Intert/metal waste for treatment: incineration,27387.116801703563
ZA,Textiles waste for treatment: incineration,27381.96678669218
ZA,Wood waste for treatment: incineration,27382.332710982282
ZA,Oil/hazardous waste for treatment: incineration,27383.96535597053
ZA,Food waste for treatment: biogasification and land application,27381.683090961156
ZA,Paper waste for treatment: biogasification and land application,27381.30681291471
ZA,Sewage sludge for treatment: biogasification and land application,27382.82890833909
ZA,Food waste for treatment: composting and land application,27392.664070501112
ZA,Paper and wood waste for treatment: composting and land application,27381.251149098676
ZA,Food waste for treatment: waste water treatment,63649.12647344317
ZA,Other waste for treatment: waste water treatment,49169.145071320665
ZA,Food waste for treatment: landfill,27381.41498062314
ZA,Paper for treatment: landfill,27381.6473712918
ZA,Plastic waste for treatment: landfill,27381.34387173366
ZA,Inert/metal/hazardous waste for treatment: landfill,27381.149476760238
ZA,Textiles waste for treatment: landfill,27381.323645556517
ZA,Wood waste for treatment: landfill,27381.425035958106
ZA,Membership organisation services n.e.c. (91),33475.19305564423
ZA,"Recreational, cultural and sporting services (92)",33641.16089354687
ZA,Other services (93),57381.576841271315
ZA,Private households with employed persons (95),0.02011394030765152
ZA,Extra-territorial organizations and bodies,0.0
WA,Paddy rice,25888192.48776696
WA,Wheat,2327940.827704779
WA,Cereal grains nec,1760566.8806466316
WA,"Vegetables, fruit, nuts",274282.2892243758
WA,Oil seeds,295080.2301796601
WA,"Sugar cane, sugar beet",1629997.5043063946
WA,Plant-based fibers,1314718.9983584913
WA,Crops nec,346191.13300644764
WA,Cattle,11293192.30377442
WA,Pigs,232242.34748458935
WA,Poultry,2043390.3252614099
WA,Meat animals nec,2093732.527525445
WA,Animal products nec,3640313.748500584
WA,Raw milk,8890014.135632398
WA,"Wool, silk-worm cocoons",1482993.1858016888
WA,Manure (conventional treatment),0.0
WA,Manure (biogas treatment),0.0
WA,"Products of forestry, logging and related services (02)",1716970.5022053462
WA,Fish and other fishing products; services incidental of fishing (05),143964.05295923154
WA,Anthracite,3626945.213760526
WA,Coking Coal,3649425.6165244677
WA,Other Bituminous Coal,3637229.4624212114
WA,Sub-Bituminous Coal,3120226.9668743685
WA,Patent Fuel,5002820.55395614
WA,Lignite/Brown Coal,3390125.1872278797
WA,BKB/Peat Briquettes,8534503.646334905
WA,Peat,0.0
WA,"Crude petroleum and services related to crude oil extraction, excluding surveying",584956.942780049
WA,"Natural gas and services related to natural gas extraction, excluding surveying",2212632.249225746
WA,Natural Gas Liquids,2196544.3511155653
WA,Other Hydrocarbons,6468870.806533213
WA,Uranium and thorium ores (12),699820.3913312842
WA,Iron ores,597318.1709501568
WA,Copper ores and concentrates,612280.6493437964
WA,Nickel ores and concentrates,736031.7553106953
WA,Aluminium ores and concentrates,2641810.959028736
WA,Precious metal ores and concentrates,180149.84344150292
WA,"Lead, zinc and tin ores and concentrates",183368.17079293437
WA,Other non-ferrous metal ores and concentrates,353153.2807877731
WA,Stone,1559107.6255663845
WA,Sand and clay,1349987.3267699175
WA,"Chemical and fertilizer minerals, salt and other mining and quarrying products n.e.c.",255495.374225234
WA,Products of meat cattle,1152060.3147819687
WA,Products of meat pigs,658687.413410223
WA,Products of meat poultry,585081.1877164618
WA,Meat products nec,334177.559684407
WA,products of Vegetable oils and fats,153446.00015075115
WA,Dairy products,252672.94841078523
WA,Processed rice,513203.05817492947
WA,Sugar,616708.2689413385
WA,Food products nec,309722.87808672513
WA,Beverages,127148.1607876032
WA,Fish products,145330.180173542
WA,Tobacco products (16),329524.8001721807
WA,Textiles (17),41255.32553428872
WA,Wearing apparel; furs (18),73671.01619694373
WA,Leather and leather products (19),81565.59148817029
WA,Wood and products of wood and cork (except furniture); articles of straw and plaiting materials (20),222202.36413871884
WA,"Wood material for treatment, Re-processing of secondary wood material into new wood material",0.0
WA,Pulp,268525.09119633865
WA,"Secondary paper for treatment, Re-processing of secondary paper into new pulp",0.0
WA,Paper and paper products,112612.73103468391
WA,Printed matter and recorded media (22),150082.61667176153
WA,Coke Oven Coke,3166394.5514675262
WA,Gas Coke,0.0
WA,Coal Tar,3787073.965092004
WA,Motor Gasoline,110466.53665914758
WA,Aviation Gasoline,242755.67757895205
WA,Gasoline Type Jet Fuel,0.0
WA,Kerosene Type Jet Fuel,117198.6100196487
WA,Kerosene,187989.03521107286
WA,Gas/Diesel Oil,114653.57812440245
WA,Heavy Fuel Oil,121279.0356594871
WA,Refinery Gas,531567.5557539541
WA,Liquefied Petroleum Gases (LPG),133177.47195419087
WA,Refinery Feedstocks,149437.45170963716
WA,Ethane,338577.40119728143
WA,Naphtha,135942.30875129075
WA,White Spirit & SBP,160415.55038669892
WA,Lubricants,121176.2663041248
WA,Bitumen,231865.1828273773
WA,Paraffin Waxes,215386.68588739046
WA,Petroleum Coke,320655.635049086
WA,Non-specified Petroleum Products,185098.44004008902
WA,Nuclear fuel,163341.69319903315
WA,"Plastics, basic",268682.8440490864
WA,"Secondary plastic for treatment, Re-processing of secondary plastic into new plastic",0.0
WA,N-fertiliser,896621.2607474971
WA,P- and other fertiliser,626245.6335200382
WA,Chemicals nec,180177.8133343904
WA,Charcoal,446918.4330135817
WA,Additives/Blending Components,0.0
WA,Biogasoline,375305.83279521286
WA,Biodiesels,480807.2375421888
WA,Other Liquid Biofuels,271361.85218305414
WA,Rubber and plastic products (25),748957.4768796032
WA,Glass and glass products,1315630.4998898006
WA,"Secondary glass for treatment, Re-processing of secondary glass into new glass",0.0
WA,Ceramic goods,694820.4004239681
WA,"Bricks, tiles and construction products, in baked clay",447247.52725779114
WA,"Cement, lime and plaster",11311531.685616992
WA,"Ash for treatment, Re-processing of ash into clinker",0.0
WA,Other non-metallic mineral products,2812059.5577288945
WA,Basic iron and steel and of ferro-alloys and first products thereof,381168.9270619063
WA,"Secondary steel for treatment, Re-processing of secondary steel into new steel",0.0
WA,Precious metals,98749.04481966255
WA,"Secondary preciuos metals for treatment, Re-processing of secondary preciuos metals into new preciuos metals",0.0
WA,Aluminium and aluminium products,413588.1159111004
WA,"Secondary aluminium for treatment, Re-processing of secondary aluminium into new aluminium",0.0
WA,"Lead, zinc and tin and products thereof",168804.4153102559
WA,"Secondary lead for treatment, Re-processing of secondary lead into new lead",0.0
WA,Copper products,131149.74754929089
WA,"Secondary copper for treatment, Re-processing of secondary copper into new copper",0.0
WA,Other non-ferrous metal products,244859.30539778605
WA,"Secondary other non-ferrous metals for treatment, Re-processing of secondary other non-ferrous metals into new other non-ferrous metals",0.0
WA,Foundry work services,1642585.6531953632
WA,"Fabricated metal products, except machinery and equipment (28)",23372.41357197749
WA,Machinery and equipment n.e.c. (29),70440.82265706419
WA,Office machinery and computers (30),50525.816122599885
WA,Electrical machinery and apparatus n.e.c. (31),22264.379527847224
WA,"Radio, television and communication equipment and apparatus (32)",16562.86549160824
WA,"Medical, precision and optical instruments, watches and clocks (33)",7552085.607085737
WA,"Motor vehicles, trailers and semi-trailers (34)",15798.141903469326
WA,Other transport equipment (35),21284.03464428366
WA,Furniture; other manufactured goods n.e.c. (36),133836.6639682153
WA,Secondary raw materials,738146.4261151165
WA,"Bottles for treatment, Recycling of bottles by direct reuse",0.0
WA,Electricity by coal,34936502.68920784
WA,Electricity by gas,11804455.823413918
WA,Electricity by nuclear,8469.176179820584
WA,Electricity by hydro,5141.914151836821
WA,Electricity by wind,365.4067986565779
WA,Electricity by petroleum and other oil derivatives,21842645.063377064
WA,Electricity by biomass and waste,4978128.801137362
WA,Electricity by solar photovoltaic,25145.54998925651
WA,Electricity by solar thermal,0.0
WA,"Electricity by tide, wave, ocean",0.0
WA,Electricity by Geothermal,5009.0360906358355
WA,Electricity nec,870639.8783078289
WA,Transmission services of electricity,125353.57491945023
WA,Distribution and trade services of electricity,19677.449648299214
WA,Coke oven gas,11042645.317971956
WA,Blast Furnace Gas,4339593.8984959815
WA,Oxygen Steel Furnace Gas,616473.4745651649
WA,Gas Works Gas,162846.82053666172
WA,Biogas,10123881.776263595
WA,Distribution services of gaseous fuels through mains,2463754.3042259724
WA,Steam and hot water supply services,7389562.109976841
WA,"Collected and purified water, distribution services of water (41)",57607.94499820868
WA,Construction work (45),31393.907076187217
WA,"Secondary construction material for treatment, Re-processing of secondary construction material into aggregates",0.0
WA,"Sale, maintenance, repair of motor vehicles, motor vehicles parts, motorcycles, motor cycles parts and accessoiries",223291.03925358946
WA,Retail trade services of motor fuel,198161.11056878822
WA,"Wholesale trade and commission trade services, except of motor vehicles and motorcycles (51)",6657.249549699383
WA,"Retail  trade services, except of motor vehicles and motorcycles; repair services of personal and household goods (52)",88194.22536163611
WA,Hotel and restaurant services (55),35529.283665802184
WA,Railway transportation services,213671.10871110525
WA,Other land transportation services,41954.86845917263
WA,Transportation services via pipelines,999639.9432553786
WA,Sea and coastal water transportation services,2343683.2201291434
WA,Inland water transportation services,63760.21346926944
WA,Air transport services (62),970080.9972613467
WA,Supporting and auxiliary transport services; travel agency services (63),71857.07936313203
WA,Post and telecommunication services (64),21162.806097734247
WA,"Financial intermediation services, except insurance and pension funding services (65)",4540.585307862983
WA,"Insurance and pension funding services, except compulsory social security services (66)",8289.325893604462
WA,Services auxiliary to financial intermediation (67),10192.210527547672
WA,Real estate services (70),10690.496830992664
WA,Renting services of machinery and equipment without operator and of personal and household goods (71),8041529.539595072
WA,Computer and related services (72),13958.197620231067
WA,Research and development services (73),603881.5071602953
WA,Other business services (74),35816.92902141963
WA,Public administration and defence services; compulsory social security services (75),58693.8209369402
WA,Education services (80),155214.03476633574
WA,Health and social work services (85),28688.62563371564
WA,Food waste for treatment: incineration,458851.1520218331
WA,Paper waste for treatment: incineration,258368.13391328105
WA,Plastic waste for treatment: incineration,2147480.141011011
WA,Intert/metal waste for treatment: incineration,184286.86621522633
WA,Textiles waste for treatment: incineration,258368.22103103364
WA,Wood waste for treatment: incineration,1989522.7853227165
WA,Oil/hazardous waste for treatment: incineration,2640572.0363534815
WA,Food waste for treatment: biogasification and land application,1966837.9775958369
WA,Paper waste for treatment: biogasification and land application,63776.48421420551
WA,Sewage sludge for treatment: biogasification and land application,101064.44911767986
WA,Food waste for treatment: composting and land application,738147.2847429859
WA,Paper and wood waste for treatment: composting and land application,184286.0290430644
WA,Food waste for treatment: waste water treatment,2640563.934129952
WA,Other waste for treatment: waste water treatment,108327.51893891663
WA,Food waste for treatment: landfill,2640566.953778092
WA,Paper for treatment: landfill,2640568.2129080934
WA,Plastic waste for treatment: landfill,258368.33785007018
WA,Inert/metal/hazardous waste for treatment: landfill,416057.67395707837
WA,Textiles waste for treatment: landfill,2640567.9418822587
WA,Wood waste for treatment: landfill,416057.9769346067
WA,Membership organisation services n.e.c. (91),175570.08740503827
WA,"Recreational, cultural and sporting services (92)",165906.03413867383
WA,Other services (93),101582.34570295195
WA,Private households with employed persons (95),31588.950466438586
WA,Extra-territorial organizations and bodies,0.0
WL,Paddy rice,7584137.047353034
WL,Wheat,574360.1559911848
WL,Cereal grains nec,734821.5258830511
WL,"Vegetables, fruit, nuts",165950.66476516626
WL,Oil seeds,548718.5238118909
WL,"Sugar cane, sugar beet",727163.013338119
WL,Plant-based fibers,597008.316264623
WL,Crops nec,356405.2510489501
WL,Cattle,8600274.690400364
WL,Pigs,1480443.6356750864
WL,Poultry,645786.5600081437
WL,Meat animals nec,6165719.844087901
WL,Animal products nec,600415.9363835317
WL,Raw milk,7408035.769857176
WL,"Wool, silk-worm cocoons",574843.1867498988
WL,Manure (conventional treatment),0.0
WL,Manure (biogas treatment),0.0
WL,"Products of forestry, logging and related services (02)",603684.7720483941
WL,Fish and other fishing products; services incidental of fishing (05),206347.2334228848
WL,Anthracite,550201.1118534548
WL,Coking Coal,1728767.2123079698
WL,Other Bituminous Coal,1724229.453194515
WL,Sub-Bituminous Coal,0.0
WL,Patent Fuel,0.0
WL,Lignite/Brown Coal,0.0
WL,BKB/Peat Briquettes,0.0
WL,Peat,1717559.422400661
WL,"Crude petroleum and services related to crude oil extraction, excluding surveying",668618.4686102808
WL,"Natural gas and services related to natural gas extraction, excluding surveying",5270438.353836579
WL,Natural Gas Liquids,5263570.6423608
WL,Other Hydrocarbons,0.0
WL,Uranium and thorium ores (12),0.0
WL,Iron ores,484312.01980665093
WL,Copper ores and concentrates,1155446.8184423076
WL,Nickel ores and concentrates,764045.309330767
WL,Aluminium ores and concentrates,762095.878552893
WL,Precious metal ores and concentrates,0.0
WL,"Lead, zinc and tin ores and concentrates",693651.8209371864
WL,Other non-ferrous metal ores and concentrates,494775.1314089354
WL,Stone,782569.03580681
WL,Sand and clay,921743.4031756154
WL,"Chemical and fertilizer minerals, salt and other mining and quarrying products n.e.c.",0.0
WL,Products of meat cattle,55749.02263971825
WL,Products of meat pigs,41672.02671856996
WL,Products of meat poultry,54435.73147317666
WL,Meat products nec,15439.376197807582
WL,products of Vegetable oils and fats,165994.61601540595
WL,Dairy products,56538.620692646975
WL,Processed rice,102816.5188758441
WL,Sugar,58823.94230516331
WL,Food products nec,10876.59514053239
WL,Beverages,19603.304870256026
WL,Fish products,444436.2280370843
WL,Tobacco products (16),34560.870181579776
WL,Textiles (17),76576.76771236585
WL,Wearing apparel; furs (18),16959.17245187326
WL,Leather and leather products (19),28021.382293972678
WL,Wood and products of wood and cork (except furniture); articles of straw and plaiting materials (20),92619.35416877887
WL,"Wood material for treatment, Re-processing of secondary wood material into new wood material",0.0
WL,Pulp,681451.9393385528
WL,"Secondary paper for treatment, Re-processing of secondary paper into new pulp",0.0
WL,Paper and paper products,60445.57328313239
WL,Printed matter and recorded media (22),13830.536996196075
WL,Coke Oven Coke,1009700.8240705321
WL,Gas Coke,0.0
WL,Coal Tar,535966.8808073592
WL,Motor Gasoline,253153.12945751473
WL,Aviation Gasoline,454295.8557163691
WL,Gasoline Type Jet Fuel,0.0
WL,Kerosene Type Jet Fuel,247806.30258907034
WL,Kerosene,358613.3999155388
WL,Gas/Diesel Oil,252533.20842736916
WL,Heavy Fuel Oil,254420.7284051914
WL,Refinery Gas,600227.0181852486
WL,Liquefied Petroleum Gases (LPG),260753.78198297948
WL,Refinery Feedstocks,263196.9797058757
WL,Ethane,252647.84191395703
WL,Naphtha,257730.43515025018
WL,White Spirit & SBP,283693.0281516786
WL,Lubricants,256665.80865438725
WL,Bitumen,250943.44080561548
WL,Paraffin Waxes,264749.90701675776
WL,Petroleum Coke,255890.50931306308
WL,Non-specified Petroleum Products,381402.853030874
WL,Nuclear fuel,2027599.065252934
WL,"Plastics, basic",39090.34773961057
WL,"Secondary plastic for treatment, Re-processing of secondary plastic into new plastic",0.0
WL,N-fertiliser,357461.4031036215
WL,P- and other fertiliser,112508.28229548254
WL,Chemicals nec,841664.2351969627
WL,Charcoal,803693.4509805087
WL,Additives/Blending Components,449847.88658660627
WL,Biogasoline,651018.047573769
WL,Biodiesels,496666.608247361
WL,Other Liquid Biofuels,0.0
WL,Rubber and plastic products (25),1677777.088130381
WL,Glass and glass products,246873.23100216157
WL,"Secondary glass for treatment, Re-processing of secondary glass into new glass",0.0
WL,Ceramic goods,897285.4292307448
WL,"Bricks, tiles and construction products, in baked clay",279028.3497260366
WL,"Cement, lime and plaster",2584991.659469636
WL,"Ash for treatment, Re-processing of ash into clinker",0.0
WL,Other non-metallic mineral products,325768.8329516594
WL,Basic iron and steel and of ferro-alloys and first products thereof,597478.7408121887
WL,"Secondary steel for treatment, Re-processing of secondary steel into new steel",0.0
WL,Precious metals,127759.43219126809
WL,"Secondary preciuos metals for treatment, Re-processing of secondary preciuos metals into new preciuos metals",0.0
WL,Aluminium and aluminium products,56220.183746454655
WL,"Secondary aluminium for treatment, Re-processing of secondary aluminium into new aluminium",0.0
WL,"Lead, zinc and tin and products thereof",55247.08640856804
WL,"Secondary lead for treatment, Re-processing of secondary lead into new lead",0.0
WL,Copper products,85493.83929037106
WL,"Secondary copper for treatment, Re-processing of secondary copper into new copper",0.0
WL,Other non-ferrous metal products,209218.3677998434
WL,"Secondary other non-ferrous metals for treatment, Re-processing of secondary other non-ferrous metals into new other non-ferrous metals",0.0
WL,Foundry work services,374412.94244279596
WL,"Fabricated metal products, except machinery and equipment (28)",15124.259540994108
WL,Machinery and equipment n.e.c. (29),393130.34056274215
WL,Office machinery and computers (30),6015.545821846521
WL,Electrical machinery and apparatus n.e.c. (31),10466.692266584023
WL,"Radio, television and communication equipment and apparatus (32)",8095.535699495806
WL,"Medical, precision and optical instruments, watches and clocks (33)",1077520.274794981
WL,"Motor vehicles, trailers and semi-trailers (34)",16348.327105947043
WL,Other transport equipment (35),10321.353614617485
WL,Furniture; other manufactured goods n.e.c. (36),714699.1852704581
WL,Secondary raw materials,6448555.078323265
WL,"Bottles for treatment, Recycling of bottles by direct reuse",0.0
WL,Electricity by coal,18769838.96069102
WL,Electricity by gas,6985731.49424596
WL,Electricity by nuclear,2304.9583708457026
WL,Electricity by hydro,5734.266767966584
WL,Electricity by wind,91472.80385248951
WL,Electricity by petroleum and other oil derivatives,11429576.804275753
WL,Electricity by biomass and waste,6396171.892689491
WL,Electricity by solar photovoltaic,1563.642956101922
WL,Electricity by solar thermal,0.0
WL,"Electricity by tide, wave, ocean",0.0
WL,Electricity by Geothermal,53601.523937490536
WL,Electricity nec,0.0
WL,Transmission services of electricity,12385.167394661921
WL,Distribution and trade services of electricity,4000.415954735005
WL,Coke oven gas,394089.3247352242
WL,Blast Furnace Gas,1198502.157706572
WL,Oxygen Steel Furnace Gas,605696.6943982297
WL,Gas Works Gas,0.0
WL,Biogas,1499418.010406695
WL,Distribution services of gaseous fuels through mains,581647.8608855861
WL,Steam and hot water supply services,0.0
WL,"Collected and purified water, distribution services of water (41)",0.0
WL,Construction work (45),38262.49520975691
WL,"Secondary construction material for treatment, Re-processing of secondary construction material into aggregates",0.0
WL,"Sale, maintenance, repair of motor vehicles, motor vehicles parts, motorcycles, motor cycles parts and accessoiries",78250.18402534767
WL,Retail trade services of motor fuel,235025.0179368136
WL,"Wholesale trade and commission trade services, except of motor vehicles and motorcycles (51)",34185.16307630913
WL,"Retail  trade services, except of motor vehicles and motorcycles; repair services of personal and household goods (52)",18778.238294340397
WL,Hotel and restaurant services (55),13782.15678079405
WL,Railway transportation services,78736.63896086074
WL,Other land transportation services,80180.29044057614
WL,Transportation services via pipelines,395193.50800467766
WL,Sea and coastal water transportation services,1945264.97410964
WL,Inland water transportation services,1384480.212767637
WL,Air transport services (62),599877.5619249408
WL,Supporting and auxiliary transport services; travel agency services (63),63554.026337359865
WL,Post and telecommunication services (64),15138.430262917873
WL,"Financial intermediation services, except insurance and pension funding services (65)",15986.682962128689
WL,"Insurance and pension funding services, except compulsory social security services (66)",98467.99901408309
WL,Services auxiliary to financial intermediation (67),37886.222958030965
WL,Real estate services (70),6209.040224508191
WL,Renting services of machinery and equipment without operator and of personal and household goods (71),30484.856567182058
WL,Computer and related services (72),9952.15138149369
WL,Research and development services (73),194328.2591821094
WL,Other business services (74),25220.201037700605
WL,Public administration and defence services; compulsory social security services (75),14882.285463454733
WL,Education services (80),50458.473628791224
WL,Health and social work services (85),3427.1316734504308
WL,Food waste for treatment: incineration,6448546.954242448
WL,Paper waste for treatment: incineration,6448550.110583566
WL,Plastic waste for treatment: incineration,6448554.814125301
WL,Intert/metal waste for treatment: incineration,86044.46837174062
WL,Textiles waste for treatment: incineration,6448553.144639858
WL,Wood waste for treatment: incineration,3466030.476996938
WL,Oil/hazardous waste for treatment: incineration,322981.10308538226
WL,Food waste for treatment: biogasification and land application,6448553.836946782
WL,Paper waste for treatment: biogasification and land application,20957.206008930425
WL,Sewage sludge for treatment: biogasification and land application,322981.09890657704
WL,Food waste for treatment: composting and land application,322981.0986196062
WL,Paper and wood waste for treatment: composting and land application,8586.11422349125
WL,Food waste for treatment: waste water treatment,291110.30535959994
WL,Other waste for treatment: waste water treatment,769575.5505186912
WL,Food waste for treatment: landfill,291110.3313874376
WL,Paper for treatment: landfill,322981.0946942189
WL,Plastic waste for treatment: landfill,6448555.560627239
WL,Inert/metal/hazardous waste for treatment: landfill,1441144.912888856
WL,Textiles waste for treatment: landfill,30540.36472301626
WL,Wood waste for treatment: landfill,6448556.039412784
WL,Membership organisation services n.e.c. (91),12274.18192540546
WL,"Recreational, cultural and sporting services (92)",13011.655476119442
WL,Other services (93),23631.36088799678
WL,Private households with employed persons (95),10550.42488162986
WL,Extra-territorial organizations and bodies,0.0
WE,Paddy rice,169334.9132101711
WE,Wheat,3318099.174812359
WE,Cereal grains nec,1971346.1123952472
WE,"Vegetables, fruit, nuts",320749.1280780002
WE,Oil seeds,1395482.5325478548
WE,"Sugar cane, sugar beet",1090746.4577248981
WE,Plant-based fibers,141570.7883664971
WE,Crops nec,950855.7895639271
WE,Cattle,2534646.281397969
WE,Pigs,723276.1040980103
WE,Poultry,419952.39314611757
WE,Meat animals nec,2074401.6037695473
WE,Animal products nec,403123.5019681194
WE,Raw milk,8524394.30674145
WE,"Wool, silk-worm cocoons",740335.7063676246
WE,Manure (conventional treatment),0.0
WE,Manure (biogas treatment),0.0
WE,"Products of forestry, logging and related services (02)",214645.10267695942
WE,Fish and other fishing products; services incidental of fishing (05),595196.3008595027
WE,Anthracite,1890733.8486172527
WE,Coking Coal,1900160.2088861053
WE,Other Bituminous Coal,1740222.0144615097
WE,Sub-Bituminous Coal,1897613.8702866805
WE,Patent Fuel,0.0
WE,Lignite/Brown Coal,1878495.215486179
WE,BKB/Peat Briquettes,1831345.6132217215
WE,Peat,1624293.124046249
WE,"Crude petroleum and services related to crude oil extraction, excluding surveying",1462344.425353294
WE,"Natural gas and services related to natural gas extraction, excluding surveying",441807.6450566941
WE,Natural Gas Liquids,441238.1831066613
WE,Other Hydrocarbons,50187.497922849565
WE,Uranium and thorium ores (12),20300.811876671676
WE,Iron ores,302598.6797386103
WE,Copper ores and concentrates,280358.58365126996
WE,Nickel ores and concentrates,115820.37078798265
WE,Aluminium ores and concentrates,377726.1058526974
WE,Precious metal ores and concentrates,86921.96237622233
WE,"Lead, zinc and tin ores and concentrates",3064450.0375118693
WE,Other non-ferrous metal ores and concentrates,307333.53413784166
WE,Stone,413795.7170360168
WE,Sand and clay,1552174.1755736026
WE,"Chemical and fertilizer minerals, salt and other mining and quarrying products n.e.c.",386965.96174165496
WE,Products of meat cattle,116410.18732507975
WE,Products of meat pigs,261457.29124243595
WE,Products of meat poultry,124120.47709598194
WE,Meat products nec,60603.903750319514
WE,products of Vegetable oils and fats,108832.68825765641
WE,Dairy products,49299.9995240668
WE,Processed rice,325659.5716384938
WE,Sugar,248258.89903606824
WE,Food products nec,46026.06914416623
WE,Beverages,74750.66706192664
WE,Fish products,291228.7808987863
WE,Tobacco products (16),753678.415200781
WE,Textiles (17),47505.6181806508
WE,Wearing apparel; furs (18),43596.76848422478
WE,Leather and leather products (19),76593.6430487555
WE,Wood and products of wood and cork (except furniture); articles of straw and plaiting materials (20),147644.98678903872
WE,"Wood material for treatment, Re-processing of secondary wood material into new wood material",0.0
WE,Pulp,113325.96959877778
WE,"Secondary paper for treatment, Re-processing of secondary paper into new pulp",0.0
WE,Paper and paper products,156028.2199598787
WE,Printed matter and recorded media (22),34793.59874310837
WE,Coke Oven Coke,296839.47973741574
WE,Gas Coke,0.0
WE,Coal Tar,1094623.1766075024
WE,Motor Gasoline,191027.1171823728
WE,Aviation Gasoline,613349.5633533784
WE,Gasoline Type Jet Fuel,0.0
WE,Kerosene Type Jet Fuel,334025.8117852627
WE,Kerosene,264236.97673970676
WE,Gas/Diesel Oil,205241.93533895075
WE,Heavy Fuel Oil,220265.95771789472
WE,Refinery Gas,564460.6396162198
WE,Liquefied Petroleum Gases (LPG),268598.8265826905
WE,Refinery Feedstocks,217686.24018598543
WE,Ethane,0.0
WE,Naphtha,263271.47923695116
WE,White Spirit & SBP,0.0
WE,Lubricants,209793.34106033127
WE,Bitumen,299561.66494115896
WE,Paraffin Waxes,0.0
WE,Petroleum Coke,505730.8261007828
WE,Non-specified Petroleum Products,474334.3298128772
WE,Nuclear fuel,1.2971172455601454
WE,"Plastics, basic",182754.95672561353
WE,"Secondary plastic for treatment, Re-processing of secondary plastic into new plastic",0.0
WE,N-fertiliser,483494.172880297
WE,P- and other fertiliser,696259.448037755
WE,Chemicals nec,326255.52396479034
WE,Charcoal,564050.4996675648
WE,Additives/Blending Components,868812.3002699788
WE,Biogasoline,390986.88378073345
WE,Biodiesels,418322.07266053953
WE,Other Liquid Biofuels,0.0
WE,Rubber and plastic products (25),70480.34131169882
WE,Glass and glass products,623985.7590717103
WE,"Secondary glass for treatment, Re-processing of secondary glass into new glass",0.0
WE,Ceramic goods,1860989.517051709
WE,"Bricks, tiles and construction products, in baked clay",1616291.0967784512
WE,"Cement, lime and plaster",3189168.0058687995
WE,"Ash for treatment, Re-processing of ash into clinker",0.0
WE,Other non-metallic mineral products,1059456.4435895002
WE,Basic iron and steel and of ferro-alloys and first products thereof,3611236.364022066
WE,"Secondary steel for treatment, Re-processing of secondary steel into new steel",0.0
WE,Precious metals,176240.53006799333
WE,"Secondary preciuos metals for treatment, Re-processing of secondary preciuos metals into new preciuos metals",0.0
WE,Aluminium and aluminium products,219290.0446596483
WE,"Secondary aluminium for treatment, Re-processing of secondary aluminium into new aluminium",0.0
WE,"Lead, zinc and tin and products thereof",246837.91675383152
WE,"Secondary lead for treatment, Re-processing of secondary lead into new lead",0.0
WE,Copper products,614455.140778065
WE,"Secondary copper for treatment, Re-processing of secondary copper into new copper",0.0
WE,Other non-ferrous metal products,104470.69924923111
WE,"Secondary other non-ferrous metals for treatment, Re-processing of secondary other non-ferrous metals into new other non-ferrous metals",0.0
WE,Foundry work services,4277221.6285052635
WE,"Fabricated metal products, except machinery and equipment (28)",31173.366991452895
WE,Machinery and equipment n.e.c. (29),0.0
WE,Office machinery and computers (30),177691.88955152422
WE,Electrical machinery and apparatus n.e.c. (31),60283.72871229127
WE,"Radio, television and communication equipment and apparatus (32)",76370.82381328006
WE,"Medical, precision and optical instruments, watches and clocks (33)",82217.88249975491
WE,"Motor vehicles, trailers and semi-trailers (34)",15482.187498754172
WE,Other transport equipment (35),69674.69294510574
WE,Furniture; other manufactured goods n.e.c. (36),128343.63793370541
WE,Secondary raw materials,0.0
WE,"Bottles for treatment, Recycling of bottles by direct reuse",0.0
WE,Electricity by coal,56186318.87149514
WE,Electricity by gas,29156443.834214453
WE,Electricity by nuclear,3623.734884342931
WE,Electricity by hydro,12736.288069583408
WE,Electricity by wind,3997.056636277505
WE,Electricity by petroleum and other oil derivatives,48227022.13227168
WE,Electricity by biomass and waste,522761.47331799177
WE,Electricity by solar photovoltaic,274.94667202602926
WE,Electricity by solar thermal,0.0
WE,"Electricity by tide, wave, ocean",0.0
WE,Electricity by Geothermal,30446.430584291782
WE,Electricity nec,0.0
WE,Transmission services of electricity,16038.531501938916
WE,Distribution and trade services of electricity,5809.939502088831
WE,Coke oven gas,3520189.0901725837
WE,Blast Furnace Gas,3485101.9703941992
WE,Oxygen Steel Furnace Gas,0.0
WE,Gas Works Gas,4052234.91679263
WE,Biogas,4985742.814476699
WE,Distribution services of gaseous fuels through mains,3492151.000569328
WE,Steam and hot water supply services,48339085.54092117
WE,"Collected and purified water, distribution services of water (41)",0.0
WE,Construction work (45),88003.96755763928
WE,"Secondary construction material for treatment, Re-processing of secondary construction material into aggregates",0.0
WE,"Sale, maintenance, repair of motor vehicles, motor vehicles parts, motorcycles, motor cycles parts and accessoiries",64793.885024472096
WE,Retail trade services of motor fuel,102481.47735527734
WE,"Wholesale trade and commission trade services, except of motor vehicles and motorcycles (51)",54979.552160256426
WE,"Retail  trade services, except of motor vehicles and motorcycles; repair services of personal and household goods (52)",87217.82993466241
WE,Hotel and restaurant services (55),22323.892471740954
WE,Railway transportation services,645713.4020071042
WE,Other land transportation services,95953.7509780678
WE,Transportation services via pipelines,2865970.6583610247
WE,Sea and coastal water transportation services,662408.6235214269
WE,Inland water transportation services,523551.76557727135
WE,Air transport services (62),302049.7025856168
WE,Supporting and auxiliary transport services; travel agency services (63),80785.59304112272
WE,Post and telecommunication services (64),25052.007540080445
WE,"Financial intermediation services, except insurance and pension funding services (65)",38962.06495614932
WE,"Insurance and pension funding services, except compulsory social security services (66)",69154.00182542158
WE,Services auxiliary to financial intermediation (67),44759.13297444392
WE,Real estate services (70),71299.82695419155
WE,Renting services of machinery and equipment without operator and of personal and household goods (71),0.0
WE,Computer and related services (72),53644.85536705318
WE,Research and development services (73),157516.63184976217
WE,Other business services (74),18636.217494266763
WE,Public administration and defence services; compulsory social security services (75),29995.460662990794
WE,Education services (80),18614.500698608314
WE,Health and social work services (85),11018.655633136037
WE,Food waste for treatment: incineration,0.0
WE,Paper waste for treatment: incineration,0.0
WE,Plastic waste for treatment: incineration,0.0
WE,Intert/metal waste for treatment: incineration,0.0
WE,Textiles waste for treatment: incineration,0.0
WE,Wood waste for treatment: incineration,0.0
WE,Oil/hazardous waste for treatment: incineration,0.0
WE,Food waste for treatment: biogasification and land application,0.0
WE,Paper waste for treatment: biogasification and land application,0.0
WE,Sewage sludge for treatment: biogasification and land application,0.0
WE,Food waste for treatment: composting and land application,0.0
WE,Paper and wood waste for treatment: composting and land application,0.0
WE,Food waste for treatment: waste water treatment,0.0
WE,Other waste for treatment: waste water treatment,0.0
WE,Food waste for treatment: landfill,0.0
WE,Paper for treatment: landfill,0.0
WE,Plastic waste for treatment: landfill,0.0
WE,Inert/metal/hazardous waste for treatment: landfill,0.0
WE,Textiles waste for treatment: landfill,0.0
WE,Wood waste for treatment: landfill,0.0
WE,Membership organisation services n.e.c. (91),303992.36043636216
WE,"Recreational, cultural and sporting services (92)",320558.7784366679
WE,Other services (93),155375.07945292594
WE,Private households with employed persons (95),704585.9932711361
WE,Extra-territorial organizations and bodies,0.0
WF,Paddy rice,4108911.971943102
WF,Wheat,435824.8193515541
WF,Cereal grains nec,848178.8410520884
WF,"Vegetables, fruit, nuts",154982.59997860907
WF,Oil seeds,391064.64822138386
WF,"Sugar cane, sugar beet",1358173.1934130774
WF,Plant-based fibers,991411.490655495
WF,Crops nec,311384.47543305805
WF,Cattle,16826249.906511776
WF,Pigs,1120594.6189276588
WF,Poultry,790847.5655358473
WF,Meat animals nec,2987218.9714674065
WF,Animal products nec,496977.7865701219
WF,Raw milk,19318492.086570825
WF,"Wool, silk-worm cocoons",101780.59966305639
WF,Manure (conventional treatment),0.0
WF,Manure (biogas treatment),0.0
WF,"Products of forestry, logging and related services (02)",2480292.647729005
WF,Fish and other fishing products; services incidental of fishing (05),65983.68329675356
WF,Anthracite,45475518.82855075
WF,Coking Coal,44397517.70500879
WF,Other Bituminous Coal,31915864.291042347
WF,Sub-Bituminous Coal,0.0
WF,Patent Fuel,0.0
WF,Lignite/Brown Coal,45376136.039424635
WF,BKB/Peat Briquettes,45032675.94336219
WF,Peat,44678861.55630083
WF,"Crude petroleum and services related to crude oil extraction, excluding surveying",1185272.3534410915
WF,"Natural gas and services related to natural gas extraction, excluding surveying",2165456.19868651
WF,Natural Gas Liquids,2221698.328630212
WF,Other Hydrocarbons,2897155.2976637343
WF,Uranium and thorium ores (12),256727.12699662894
WF,Iron ores,5870212.5219849385
WF,Copper ores and concentrates,426914.8524059276
WF,Nickel ores and concentrates,318982.20061594865
WF,Aluminium ores and concentrates,7772159.186425497
WF,Precious metal ores and concentrates,265722.4232755818
WF,"Lead, zinc and tin ores and concentrates",1137173.581152157
WF,Other non-ferrous metal ores and concentrates,5920525.514956048
WF,Stone,318970.29974559613
WF,Sand and clay,350514.8873655244
WF,"Chemical and fertilizer minerals, salt and other mining and quarrying products n.e.c.",76375.70219318807
WF,Products of meat cattle,195163.83090622493
WF,Products of meat pigs,137493.3155725572
WF,Products of meat poultry,166988.5995285991
WF,Meat products nec,191724.96272947133
WF,products of Vegetable oils and fats,145104.4090772891
WF,Dairy products,85536.88576023618
WF,Processed rice,305718.71662394
WF,Sugar,300256.2558762177
WF,Food products nec,172346.12317062632
WF,Beverages,303042.59155521076
WF,Fish products,177181.55937017727
WF,Tobacco products (16),339195.4606592315
WF,Textiles (17),29287.951459119573
WF,Wearing apparel; furs (18),32783.08409982856
WF,Leather and leather products (19),56010.609591910455
WF,Wood and products of wood and cork (except furniture); articles of straw and plaiting materials (20),198132.2290702258
WF,"Wood material for treatment, Re-processing of secondary wood material into new wood material",0.0
WF,Pulp,181076.54664540399
WF,"Secondary paper for treatment, Re-processing of secondary paper into new pulp",0.0
WF,Paper and paper products,101409.17156874458
WF,Printed matter and recorded media (22),43169.84985918996
WF,Coke Oven Coke,2100261.0995764704
WF,Gas Coke,0.0
WF,Coal Tar,0.0
WF,Motor Gasoline,230345.23072629486
WF,Aviation Gasoline,1214527.0878248455
WF,Gasoline Type Jet Fuel,0.0
WF,Kerosene Type Jet Fuel,235232.29547215972
WF,Kerosene,342153.4447215283
WF,Gas/Diesel Oil,247035.75584904026
WF,Heavy Fuel Oil,368932.44564094354
WF,Refinery Gas,806387.7009669963
WF,Liquefied Petroleum Gases (LPG),248853.69926751012
WF,Refinery Feedstocks,225474.86908049986
WF,Ethane,0.0
WF,Naphtha,228551.86864923005
WF,White Spirit & SBP,567995.5250905093
WF,Lubricants,232388.3713266015
WF,Bitumen,1074823.1587007297
WF,Paraffin Waxes,0.0
WF,Petroleum Coke,995346.2456599139
WF,Non-specified Petroleum Products,926604.3251076997
WF,Nuclear fuel,12.700564920600677
WF,"Plastics, basic",254686.10333665716
WF,"Secondary plastic for treatment, Re-processing of secondary plastic into new plastic",0.0
WF,N-fertiliser,2761574.908349845
WF,P- and other fertiliser,455462.30864707904
WF,Chemicals nec,318969.3377240487
WF,Charcoal,235545.47084728355
WF,Additives/Blending Components,0.0
WF,Biogasoline,479506.8978349992
WF,Biodiesels,0.0
WF,Other Liquid Biofuels,0.0
WF,Rubber and plastic products (25),2730192.127035149
WF,Glass and glass products,1180088.2083094562
WF,"Secondary glass for treatment, Re-processing of secondary glass into new glass",0.0
WF,Ceramic goods,734609.7997590048
WF,"Bricks, tiles and construction products, in baked clay",520506.83189493767
WF,"Cement, lime and plaster",5716966.4907043595
WF,"Ash for treatment, Re-processing of ash into clinker",0.0
WF,Other non-metallic mineral products,1789043.9570427884
WF,Basic iron and steel and of ferro-alloys and first products thereof,369510.85852948733
WF,"Secondary steel for treatment, Re-processing of secondary steel into new steel",0.0
WF,Precious metals,855292.5475115477
WF,"Secondary preciuos metals for treatment, Re-processing of secondary preciuos metals into new preciuos metals",0.0
WF,Aluminium and aluminium products,398217.3050050029
WF,"Secondary aluminium for treatment, Re-processing of secondary aluminium into new aluminium",0.0
WF,"Lead, zinc and tin and products thereof",145814.45143645463
WF,"Secondary lead for treatment, Re-processing of secondary lead into new lead",0.0
WF,Copper products,265230.36661783274
WF,"Secondary copper for treatment, Re-processing of secondary copper into new copper",0.0
WF,Other non-ferrous metal products,495431.9608936249
WF,"Secondary other non-ferrous metals for treatment, Re-processing of secondary other non-ferrous metals into new other non-ferrous metals",0.0
WF,Foundry work services,642251.7157916762
WF,"Fabricated metal products, except machinery and equipment (28)",50043.07518453818
WF,Machinery and equipment n.e.c. (29),0.0
WF,Office machinery and computers (30),32427.303859365406
WF,Electrical machinery and apparatus n.e.c. (31),78800.36855502789
WF,"Radio, television and communication equipment and apparatus (32)",45239.25883902914
WF,"Medical, precision and optical instruments, watches and clocks (33)",1895392.6033318648
WF,"Motor vehicles, trailers and semi-trailers (34)",61460.598410590996
WF,Other transport equipment (35),42221.031743221836
WF,Furniture; other manufactured goods n.e.c. (36),2943190.5198172797
WF,Secondary raw materials,0.0
WF,"Bottles for treatment, Recycling of bottles by direct reuse",0.0
WF,Electricity by coal,17159161.713598054
WF,Electricity by gas,6631414.320936412
WF,Electricity by nuclear,0.0
WF,Electricity by hydro,7706.184309013035
WF,Electricity by wind,1389.7119523816245
WF,Electricity by petroleum and other oil derivatives,12363013.168620294
WF,Electricity by biomass and waste,6962320.672114842
WF,Electricity by solar photovoltaic,126065.81315000461
WF,Electricity by solar thermal,888.5857304850539
WF,"Electricity by tide, wave, ocean",0.0
WF,Electricity by Geothermal,17426.39058452357
WF,Electricity nec,0.0
WF,Transmission services of electricity,24957.401068119834
WF,Distribution and trade services of electricity,6013.0460257362765
WF,Coke oven gas,6495710.037612812
WF,Blast Furnace Gas,6138004.498306713
WF,Oxygen Steel Furnace Gas,5676371.61644401
WF,Gas Works Gas,0.0
WF,Biogas,7611885.141488182
WF,Distribution services of gaseous fuels through mains,188604.75683590086
WF,Steam and hot water supply services,0.0
WF,"Collected and purified water, distribution services of water (41)",69823.55645281798
WF,Construction work (45),91422.7090999095
WF,"Secondary construction material for treatment, Re-processing of secondary construction material into aggregates",0.0
WF,"Sale, maintenance, repair of motor vehicles, motor vehicles parts, motorcycles, motor cycles parts and accessoiries",142266.30643112303
WF,Retail trade services of motor fuel,270673.6372378414
WF,"Wholesale trade and commission trade services, except of motor vehicles and motorcycles (51)",57591.97169758491
WF,"Retail  trade services, except of motor vehicles and motorcycles; repair services of personal and household goods (52)",56374.00457809527
WF,Hotel and restaurant services (55),42776.24585560888
WF,Railway transportation services,313189.1376844819
WF,Other land transportation services,605491.4796714563
WF,Transportation services via pipelines,648452.2196742609
WF,Sea and coastal water transportation services,459668.5159050409
WF,Inland water transportation services,1126186.6136169166
WF,Air transport services (62),377767.93867105077
WF,Supporting and auxiliary transport services; travel agency services (63),177357.80341083388
WF,Post and telecommunication services (64),35818.128840083264
WF,"Financial intermediation services, except insurance and pension funding services (65)",30786.535459740397
WF,"Insurance and pension funding services, except compulsory social security services (66)",86406.98819787873
WF,Services auxiliary to financial intermediation (67),80000.42921183413
WF,Real estate services (70),29764.77109316339
WF,Renting services of machinery and equipment without operator and of personal and household goods (71),100024.6107432143
WF,Computer and related services (72),54330.03384251957
WF,Research and development services (73),302739.5706234284
WF,Other business services (74),41176.86520414634
WF,Public administration and defence services; compulsory social security services (75),75858.36459777257
WF,Education services (80),114551.76218991447
WF,Health and social work services (85),31935.148155834566
WF,Food waste for treatment: incineration,0.0
WF,Paper waste for treatment: incineration,0.0
WF,Plastic waste for treatment: incineration,0.0
WF,Intert/metal waste for treatment: incineration,0.0
WF,Textiles waste for treatment: incineration,0.0
WF,Wood waste for treatment: incineration,0.0
WF,Oil/hazardous waste for treatment: incineration,0.0
WF,Food waste for treatment: biogasification and land application,0.0
WF,Paper waste for treatment: biogasification and land application,0.0
WF,Sewage sludge for treatment: biogasification and land application,0.0
WF,Food waste for treatment: composting and land application,0.0
WF,Paper and wood waste for treatment: composting and land application,0.0
WF,Food waste for treatment: waste water treatment,69823.55689445298
WF,Other waste for treatment: waste water treatment,0.0
WF,Food waste for treatment: landfill,323691.4585627313
WF,Paper for treatment: landfill,100024.60919078272
WF,Plastic waste for treatment: landfill,100024.6091650835
WF,Inert/metal/hazardous waste for treatment: landfill,0.0
WF,Textiles waste for treatment: landfill,0.0
WF,Wood waste for treatment: landfill,0.0
WF,Membership organisation services n.e.c. (91),191132.36757707276
WF,"Recreational, cultural and sporting services (92)",93634.55689571006
WF,Other services (93),113688.03270640613
WF,Private households with employed persons (95),26866.039568130447
WF,Extra-territorial organizations and bodies,0.0
WM,Paddy rice,1724753.0608672248
WM,Wheat,1784644.7455229154
WM,Cereal grains nec,928546.5187218519
WM,"Vegetables, fruit, nuts",404871.3442635007
WM,Oil seeds,726620.4333688425
WM,"Sugar cane, sugar beet",3030803.9549130746
WM,Plant-based fibers,1940372.6603473783
WM,Crops nec,967040.8794009472
WM,Cattle,2723038.435793279
WM,Pigs,1198318.479346027
WM,Poultry,883719.9148060224
WM,Meat animals nec,1671105.0779041662
WM,Animal products nec,2125937.6897944333
WM,Raw milk,1716945.280697159
WM,"Wool, silk-worm cocoons",3342955.315154417
WM,Manure (conventional treatment),0.0
WM,Manure (biogas treatment),0.0
WM,"Products of forestry, logging and related services (02)",6236116.349450229
WM,Fish and other fishing products; services incidental of fishing (05),111323.97500032946
WM,Anthracite,0.0
WM,Coking Coal,21154814.497909445
WM,Other Bituminous Coal,41712874.04401063
WM,Sub-Bituminous Coal,0.0
WM,Patent Fuel,0.0
WM,Lignite/Brown Coal,0.0
WM,BKB/Peat Briquettes,0.0
WM,Peat,0.0
WM,"Crude petroleum and services related to crude oil extraction, excluding surveying",1203044.7457883384
WM,"Natural gas and services related to natural gas extraction, excluding surveying",1878900.9348740927
WM,Natural Gas Liquids,1875840.6884567784
WM,Other Hydrocarbons,6940775.983106651
WM,Uranium and thorium ores (12),0.0
WM,Iron ores,79220.1664483336
WM,Copper ores and concentrates,646718.9270879189
WM,Nickel ores and concentrates,0.0
WM,Aluminium ores and concentrates,335315.4516668345
WM,Precious metal ores and concentrates,0.0
WM,"Lead, zinc and tin ores and concentrates",36789.47252967552
WM,Other non-ferrous metal ores and concentrates,662679.689918851
WM,Stone,379895.0912880005
WM,Sand and clay,646721.6004482912
WM,"Chemical and fertilizer minerals, salt and other mining and quarrying products n.e.c.",0.0
WM,Products of meat cattle,525394.3450680119
WM,Products of meat pigs,475533.9702547166
WM,Products of meat poultry,35871.553423914585
WM,Meat products nec,354421.3584964635
WM,products of Vegetable oils and fats,401260.20732652757
WM,Dairy products,249400.8420354302
WM,Processed rice,113463.51859476023
WM,Sugar,5737531.069704361
WM,Food products nec,77560.12637607548
WM,Beverages,169815.37645589458
WM,Fish products,283707.5019728099
WM,Tobacco products (16),344500.8582040481
WM,Textiles (17),41243.746955189104
WM,Wearing apparel; furs (18),100984.48340478243
WM,Leather and leather products (19),199942.02414612263
WM,Wood and products of wood and cork (except furniture); articles of straw and plaiting materials (20),250789.00720787965
WM,"Wood material for treatment, Re-processing of secondary wood material into new wood material",0.0
WM,Pulp,474225.6441708722
WM,"Secondary paper for treatment, Re-processing of secondary paper into new pulp",0.0
WM,Paper and paper products,87290.84553367725
WM,Printed matter and recorded media (22),68001.38614808046
WM,Coke Oven Coke,4899617.029950381
WM,Gas Coke,2701123.665929584
WM,Coal Tar,555597.5045414392
WM,Motor Gasoline,600251.3216055394
WM,Aviation Gasoline,822179.5668658923
WM,Gasoline Type Jet Fuel,0.0
WM,Kerosene Type Jet Fuel,600085.7606570913
WM,Kerosene,602789.7851746442
WM,Gas/Diesel Oil,608696.8511589876
WM,Heavy Fuel Oil,626321.9883323787
WM,Refinery Gas,1310153.70756364
WM,Liquefied Petroleum Gases (LPG),628866.2822179346
WM,Refinery Feedstocks,736595.0188079942
WM,Ethane,598104.514400296
WM,Naphtha,620333.4567311188
WM,White Spirit & SBP,659269.4940225973
WM,Lubricants,818713.053245019
WM,Bitumen,916470.0803191268
WM,Paraffin Waxes,1328802.8251682078
WM,Petroleum Coke,1360624.5220893165
WM,Non-specified Petroleum Products,664894.3730997256
WM,Nuclear fuel,0.0
WM,"Plastics, basic",1608794.1257872386
WM,"Secondary plastic for treatment, Re-processing of secondary plastic into new plastic",0.0
WM,N-fertiliser,1056872.099248133
WM,P- and other fertiliser,280518.9884194548
WM,Chemicals nec,592289.822602445
WM,Charcoal,780776.6008745121
WM,Additives/Blending Components,0.0
WM,Biogasoline,0.0
WM,Biodiesels,0.0
WM,Other Liquid Biofuels,871149.1192054735
WM,Rubber and plastic products (25),627992.9282473334
WM,Glass and glass products,586143.6766059062
WM,"Secondary glass for treatment, Re-processing of secondary glass into new glass",0.0
WM,Ceramic goods,645009.601892866
WM,"Bricks, tiles and construction products, in baked clay",1227844.9378176073
WM,"Cement, lime and plaster",7468004.532730923
WM,"Ash for treatment, Re-processing of ash into clinker",0.0
WM,Other non-metallic mineral products,353913.84892357036
WM,Basic iron and steel and of ferro-alloys and first products thereof,223148.55764059385
WM,"Secondary steel for treatment, Re-processing of secondary steel into new steel",0.0
WM,Precious metals,138372.28299623338
WM,"Secondary preciuos metals for treatment, Re-processing of secondary preciuos metals into new preciuos metals",0.0
WM,Aluminium and aluminium products,154199.17075193833
WM,"Secondary aluminium for treatment, Re-processing of secondary aluminium into new aluminium",0.0
WM,"Lead, zinc and tin and products thereof",266045.82401992567
WM,"Secondary lead for treatment, Re-processing of secondary lead into new lead",0.0
WM,Copper products,213882.68178117927
WM,"Secondary copper for treatment, Re-processing of secondary copper into new copper",0.0
WM,Other non-ferrous metal products,664819.8725170474
WM,"Secondary other non-ferrous metals for treatment, Re-processing of secondary other non-ferrous metals into new other non-ferrous metals",0.0
WM,Foundry work services,633155.0754682688
WM,"Fabricated metal products, except machinery and equipment (28)",25554.172114463123
WM,Machinery and equipment n.e.c. (29),1202562.900493242
WM,Office machinery and computers (30),111510.97471649034
WM,Electrical machinery and apparatus n.e.c. (31),14757.604190820832
WM,"Radio, television and communication equipment and apparatus (32)",10432.146268355174
WM,"Medical, precision and optical instruments, watches and clocks (33)",13984555.369375579
WM,"Motor vehicles, trailers and semi-trailers (34)",9644.59760303214
WM,Other transport equipment (35),56155.03111245553
WM,Furniture; other manufactured goods n.e.c. (36),5161894.216048503
WM,Secondary raw materials,266516.6961845146
WM,"Bottles for treatment, Recycling of bottles by direct reuse",0.0
WM,Electricity by coal,20771470.550665412
WM,Electricity by gas,9589981.644986989
WM,Electricity by nuclear,27368.636800882326
WM,Electricity by hydro,298092.1675844173
WM,Electricity by wind,318101.8390571306
WM,Electricity by petroleum and other oil derivatives,15608321.124700405
WM,Electricity by biomass and waste,132797.7136971845
WM,Electricity by solar photovoltaic,56445.07703983507
WM,Electricity by solar thermal,28097.483674011903
WM,"Electricity by tide, wave, ocean",0.0
WM,Electricity by Geothermal,0.0
WM,Electricity nec,0.0
WM,Transmission services of electricity,902225.2628208173
WM,Distribution and trade services of electricity,53825.60999679335
WM,Coke oven gas,462566.68297892204
WM,Blast Furnace Gas,36095582.9327236
WM,Oxygen Steel Furnace Gas,27141025.637071975
WM,Gas Works Gas,454950.06853005954
WM,Biogas,40002411.231335305
WM,Distribution services of gaseous fuels through mains,952402.8731532992
WM,Steam and hot water supply services,0.0
WM,"Collected and purified water, distribution services of water (41)",138187.58125586758
WM,Construction work (45),38297.26592028033
WM,"Secondary construction material for treatment, Re-processing of secondary construction material into aggregates",0.0
WM,"Sale, maintenance, repair of motor vehicles, motor vehicles parts, motorcycles, motor cycles parts and accessoiries",72102.67323561957
WM,Retail trade services of motor fuel,998713.9898404555
WM,"Wholesale trade and commission trade services, except of motor vehicles and motorcycles (51)",87007.69134998611
WM,"Retail  trade services, except of motor vehicles and motorcycles; repair services of personal and household goods (52)",42701.11032940616
WM,Hotel and restaurant services (55),28338.224711554838
WM,Railway transportation services,138136.93727477
WM,Other land transportation services,12099.806376822597
WM,Transportation services via pipelines,389026.7879596896
WM,Sea and coastal water transportation services,3023953.9010281004
WM,Inland water transportation services,64738.6151038447
WM,Air transport services (62),1524790.9738540198
WM,Supporting and auxiliary transport services; travel agency services (63),134561.5574983655
WM,Post and telecommunication services (64),70319.90392052679
WM,"Financial intermediation services, except insurance and pension funding services (65)",11719.690371271248
WM,"Insurance and pension funding services, except compulsory social security services (66)",31590.40956619653
WM,Services auxiliary to financial intermediation (67),34474.305270818084
WM,Real estate services (70),11763.64944149808
WM,Renting services of machinery and equipment without operator and of personal and household goods (71),196693.80775281737
WM,Computer and related services (72),33031.12200180676
WM,Research and development services (73),390221.0591286997
WM,Other business services (74),21821.29898662746
WM,Public administration and defence services; compulsory social security services (75),364712.17362288106
WM,Education services (80),31104.256642053126
WM,Health and social work services (85),19548.78762214278
WM,Food waste for treatment: incineration,1913721.8547315015
WM,Paper waste for treatment: incineration,1913721.4014830508
WM,Plastic waste for treatment: incineration,983873.2626111994
WM,Intert/metal waste for treatment: incineration,60228.37054737137
WM,Textiles waste for treatment: incineration,1268707.2086494777
WM,Wood waste for treatment: incineration,1913722.1130506448
WM,Oil/hazardous waste for treatment: incineration,1913722.1331540262
WM,Food waste for treatment: biogasification and land application,468082.36409150687
WM,Paper waste for treatment: biogasification and land application,468082.21126567863
WM,Sewage sludge for treatment: biogasification and land application,256777.6858818788
WM,Food waste for treatment: composting and land application,1913722.3337111562
WM,Paper and wood waste for treatment: composting and land application,379894.57162993774
WM,Food waste for treatment: waste water treatment,1913720.3026759871
WM,Other waste for treatment: waste water treatment,646719.2544065549
WM,Food waste for treatment: landfill,1913720.8391996964
WM,Paper for treatment: landfill,1913720.1260986624
WM,Plastic waste for treatment: landfill,464184.3188024245
WM,Inert/metal/hazardous waste for treatment: landfill,1913720.9285499775
WM,Textiles waste for treatment: landfill,4210227.013890075
WM,Wood waste for treatment: landfill,464183.7952909842
WM,Membership organisation services n.e.c. (91),79089.17117264165
WM,"Recreational, cultural and sporting services (92)",41871.1915664767
WM,Other services (93),159381.56864180657
WM,Private households with employed persons (95),239681.67646942806
WM,Extra-territorial organizations and bodies,0.0
